/* Auto-generated emoji dataset. DO NOT EDIT BY HAND. */
/* Regenerate with: python src/utils/emoji_to_h.py */
/* Source font: C:\Windows\Fonts\seguiemj.ttf */

#define EMOJI_ROWS 20
#define EMOJI_COLS 20

/* === U+1F600  grinning face === */
static const unsigned int grinning_face_bw[EMOJI_ROWS] = {
    0x00000, 0x00000, 0x00000, 0x00000, 0x00000, 0x030C0, 0x030C0, 0x030C0, 0x00000, 0x00000, 0x08010, 0x07FE0, 0x07FE0, 0x03FC0, 0x03F80, 0x00600, 0x00000, 0x00000, 0x00000, 0x00000
};
static const unsigned int grinning_face_color[EMOJI_ROWS][EMOJI_COLS] = {
    {0xFFFFFF, 0xFFFFFF, 0xFFFFFF, 0xFFFFFF, 0xFFFFFF, 0xFFFEFD, 0xFFFFFE, 0xFFFFFF, 0xFFFFFF, 0xFFFFFF, 0xFFFFFF, 0xFFFFFF, 0xFFFFFF, 0xFFFFFD, 0xFFFEFD, 0xFFFFFF, 0xFFFFFF, 0xFFFFFF, 0xFFFFFF, 0xFFFFFF},
    {0xFFFFFF, 0xFFFFFF, 0xFFFFFF, 0xFFFEFE, 0xFFFEFD, 0xFFFFFF, 0xFFFFFF, 0xFFF8EB, 0xFFEECF, 0xFFE7BF, 0xFFE7C0, 0xFFEFD2, 0xFFFAF0, 0xFFFFFF, 0xFFFFFF, 0xFFFEFC, 0xFFFFFF, 0xFFFFFF, 0xFFFFFF, 0xFFFFFF},
    {0xFFFFFF, 0xFFFFFF, 0xFFFFFE, 0xFFFFFF, 0xFFFFFF, 0xFFE9C2, 0xFFC660, 0xFFB635, 0xFFB933, 0xFFBB31, 0xFFBB31, 0xFFB834, 0xFDB539, 0xFFCB6D, 0xFFEDD0, 0xFFFFFF, 0xFFFEFD, 0xFFFFFF, 0xFFFFFF, 0xFFFFFF},
    {0xFFFFFF, 0xFFFFFE, 0xFFFEFD, 0xFFFFFE, 0xFFCF7D, 0xFFBA2E, 0xFFC248, 0xFFB335, 0xFFAC24, 0xFFB131, 0xFFB130, 0xFDA922, 0xFFB63B, 0xFFC247, 0xFFB52A, 0xFFD693, 0xFFFFFF, 0xFFFEFC, 0xFFFFFF, 0xFFFFFF},
    {0xFFFFFF, 0xFFFFFD, 0xFFFFFF, 0xFFCD7B, 0xFFC846, 0xFFF1D4, 0xFFFFFB, 0xFFF8E9, 0xFFCB6F, 0xFFAC26, 0xFFAC26, 0xFFD486, 0xFFF9EE, 0xFFFFFD, 0xFFE9C1, 0xFFC339, 0xFFD899, 0xFFFFFF, 0xFFFEFD, 0xFFFFFF},
    {0xFFFEFC, 0xFFFFFF, 0xFFE8C3, 0xFFB726, 0xFFEBC4, 0xE7EBF5, 0x665358, 0x71646F, 0xF0EDE8, 0xFEB436, 0xFFC050, 0xE4E4EA, 0x62525B, 0x75656A, 0xF2F7FF, 0xFFE0A4, 0xFFB022, 0xFFF1DB, 0xFFFFFF, 0xFFFEFD},
    {0xFFFEFD, 0xFFFFFF, 0xFFC25D, 0xFFB52E, 0xFFFFF3, 0xB8B2B8, 0x22070E, 0x280D14, 0xCCC8D0, 0xFFC454, 0xFFD477, 0xB1ADB9, 0x20040A, 0x2B1016, 0xD3D1D8, 0xFFF6D8, 0xFFB524, 0xFFCD7B, 0xFFFFFF, 0xFFFEFD},
    {0xFFFFFF, 0xFFF6E6, 0xFFB435, 0xFFAB21, 0xFEE3B2, 0xF3F8FF, 0x86797F, 0x918996, 0xF8F3E8, 0xFEB131, 0xFEBB48, 0xF1F0F1, 0x827883, 0x958A91, 0xFAFFFF, 0xFDD593, 0xFFAE20, 0xFFB845, 0xFFFCF7, 0xFFFFFF},
    {0xFFFFFF, 0xFFE8C3, 0xFFBB33, 0xFFAF2D, 0xFFB436, 0xFFE4B2, 0xFFFFEF, 0xFFF7D7, 0xFFBF55, 0xFFAB23, 0xFFAA21, 0xFFC869, 0xFFFBE0, 0xFFFFEE, 0xFFDDA1, 0xFFB02D, 0xFFAF2E, 0xFFB431, 0xFFF2DB, 0xFFFFFF},
    {0xFFFFFF, 0xFFE1AF, 0xFFBD32, 0xFFB131, 0xFDAB2D, 0xFFB335, 0xFEBA46, 0xFEB63A, 0xFFB638, 0xFFBA42, 0xFFBA42, 0xFFB536, 0xFEB73D, 0xFEBA45, 0xFFB132, 0xFDAB2E, 0xFFB12F, 0xFFB932, 0xFFECCD, 0xFFFFFF},
    {0xFFFFFF, 0xFFE1AF, 0xFFBB33, 0xFFBB2C, 0xE57649, 0xE2A1CB, 0xF5D8DD, 0xF4D7DF, 0xF5D9E1, 0xF5D8DF, 0xF5D8DF, 0xF5D9E2, 0xF4D6DE, 0xF5D8DD, 0xDE90BE, 0xEB823C, 0xFFBA2C, 0xFFB733, 0xFFEBCC, 0xFFFFFF},
    {0xFFFFFF, 0xFFE9C3, 0xFFB932, 0xFFB82D, 0xF08E40, 0xB81885, 0xBD2485, 0xBC2286, 0xBC2286, 0xBC2286, 0xBC2286, 0xBC2286, 0xBC2386, 0xBC2287, 0xBC1F7F, 0xF79E37, 0xFFB42D, 0xFFB331, 0xFFF1DA, 0xFFFFFF},
    {0xFFFFFF, 0xFFF5E5, 0xFFB332, 0xFFB02E, 0xFEB22D, 0xC73671, 0xB71582, 0xBC1E7D, 0xBB1B7E, 0xBB1B7E, 0xBB1B7E, 0xBB1B7E, 0xBC1F7C, 0xB61184, 0xD04967, 0xFFB72A, 0xFFB22F, 0xFFB640, 0xFFFCF6, 0xFFFFFF},
    {0xFFFEFD, 0xFFFFFF, 0xFFC05D, 0xFFB632, 0xFFB82C, 0xED8A43, 0xB81784, 0xB91884, 0xBC1F7F, 0xBC207F, 0xBC207F, 0xBC1F80, 0xB71585, 0xBD207F, 0xF49A3A, 0xFFB52D, 0xFFBA31, 0xFFCC78, 0xFFFFFF, 0xFFFEFD},
    {0xFFFEFC, 0xFFFFFF, 0xFFE6BE, 0xFFBD32, 0xFDB032, 0xFFB82A, 0xEB8645, 0xC32F76, 0xB81783, 0xB71485, 0xB71485, 0xB91883, 0xC73771, 0xF0933E, 0xFFB62B, 0xFDB031, 0xFFB731, 0xFFF0D7, 0xFFFFFF, 0xFFFEFD},
    {0xFFFFFF, 0xFFFFFD, 0xFFFFFF, 0xFFCD7C, 0xFFC132, 0xFFB032, 0xFFB92C, 0xFDAD30, 0xEE8B42, 0xE67A4C, 0xE77C4B, 0xF09040, 0xFFB12E, 0xFFB72D, 0xFFAF31, 0xFFC132, 0xFFD898, 0xFFFFFF, 0xFFFEFD, 0xFFFFFF},
    {0xFFFFFF, 0xFFFFFE, 0xFFFEFD, 0xFFFDFC, 0xFFD07E, 0xFFBD32, 0xFFB631, 0xFFB12D, 0xFFB82B, 0xFFBA2B, 0xFFBA2B, 0xFFB72C, 0xFFB12E, 0xFFB831, 0xFFBA31, 0xFFD692, 0xFFFFFF, 0xFFFEFC, 0xFFFFFF, 0xFFFFFF},
    {0xFFFFFF, 0xFFFFFF, 0xFFFFFE, 0xFFFFFF, 0xFFFFFF, 0xFFE6BD, 0xFFC663, 0xFFB436, 0xFFB732, 0xFFB933, 0xFFB933, 0xFFB732, 0xFFB73B, 0xFFCC6F, 0xFFECCB, 0xFFFFFF, 0xFFFEFD, 0xFFFFFF, 0xFFFFFF, 0xFFFFFF},
    {0xFFFFFF, 0xFFFFFF, 0xFFFFFF, 0xFFFEFE, 0xFFFEFD, 0xFFFFFF, 0xFFFFFF, 0xFFF7E8, 0xFFEDCB, 0xFFE6BD, 0xFFE7BE, 0xFFEDCE, 0xFFF8EC, 0xFFFFFF, 0xFFFFFF, 0xFFFFFD, 0xFFFFFF, 0xFFFFFF, 0xFFFFFF, 0xFFFFFF},
    {0xFFFFFF, 0xFFFFFF, 0xFFFFFF, 0xFFFFFF, 0xFFFFFF, 0xFFFEFD, 0xFFFFFE, 0xFFFFFF, 0xFFFFFF, 0xFFFFFF, 0xFFFFFF, 0xFFFFFF, 0xFFFFFF, 0xFFFEFD, 0xFFFEFD, 0xFFFFFF, 0xFFFFFF, 0xFFFFFF, 0xFFFFFF, 0xFFFFFF},
};

/* === U+1F603  smiling face with open mouth === */
static const unsigned int smiling_face_with_open_mouth_bw[EMOJI_ROWS] = {
    0x00000, 0x00000, 0x00000, 0x00000, 0x00000, 0x030C0, 0x030C0, 0x02080, 0x00000, 0x08000, 0x0FFE0, 0x07FE0, 0x07FE0, 0x03FC0, 0x01F00, 0x00000, 0x00000, 0x00000, 0x00000, 0x00000
};
static const unsigned int smiling_face_with_open_mouth_color[EMOJI_ROWS][EMOJI_COLS] = {
    {0xFFFFFF, 0xFFFFFF, 0xFFFFFF, 0xFFFFFF, 0xFFFFFF, 0xFFFEFD, 0xFFFFFE, 0xFFFFFF, 0xFFFFFF, 0xFFFFFF, 0xFFFFFF, 0xFFFFFF, 0xFFFFFF, 0xFFFFFD, 0xFFFEFD, 0xFFFFFF, 0xFFFFFF, 0xFFFFFF, 0xFFFFFF, 0xFFFFFF},
    {0xFFFFFF, 0xFFFFFF, 0xFFFFFF, 0xFFFEFE, 0xFFFEFD, 0xFFFFFF, 0xFFFFFF, 0xFFF9ED, 0xFFEECF, 0xFFE7BF, 0xFFE7C0, 0xFFEFD3, 0xFFFBF2, 0xFFFFFF, 0xFFFFFF, 0xFFFEFC, 0xFFFFFF, 0xFFFFFF, 0xFFFFFF, 0xFFFFFF},
    {0xFFFFFF, 0xFFFFFF, 0xFFFFFE, 0xFFFFFF, 0xFFFFFF, 0xFFE5B9, 0xFEC357, 0xFFB02C, 0xFFB832, 0xFFBB31, 0xFFBB32, 0xFFB730, 0xFDB12D, 0xFFC763, 0xFFEAC7, 0xFFFFFF, 0xFFFEFD, 0xFFFFFF, 0xFFFFFF, 0xFFFFFF},
    {0xFFFFFF, 0xFFFFFE, 0xFFFEFD, 0xFFFFFF, 0xFFCD79, 0xFFCD61, 0xFFE49E, 0xFFCF7A, 0xFFAE2A, 0xFFB12F, 0xFFB02D, 0xFDAF30, 0xFFD486, 0xFFE49C, 0xFFC553, 0xFFD48D, 0xFFFFFF, 0xFFFEFC, 0xFFFFFF, 0xFFFFFF},
    {0xFFFFFF, 0xFFFFFD, 0xFFFFFF, 0xFFCB75, 0xFFD76D, 0xFFFFFF, 0xF7FBFF, 0xF9FDFF, 0xFFE0A8, 0xFFAB24, 0xFFAE2A, 0xFFEAC2, 0xF6FAFF, 0xFAFFFF, 0xFFFFF7, 0xFFCE57, 0xFFD693, 0xFFFFFF, 0xFFFEFD, 0xFFFFFF},
    {0xFFFEFC, 0xFFFFFF, 0xFFE8C2, 0xFFB92A, 0xFFF2D8, 0xEDEDF1, 0x5B4547, 0x67565B, 0xF5F6F9, 0xFEB63E, 0xFFC45D, 0xEAECF5, 0x564146, 0x6D595A, 0xF6F9FD, 0xFFE6B8, 0xFFB023, 0xFFF1DB, 0xFFFFFF, 0xFFFEFD},
    {0xFFFEFD, 0xFFFFFF, 0xFFC25D, 0xFFB62F, 0xFFFDEB, 0xD6D6DE, 0x2A131F, 0x341D26, 0xE5E4EA, 0xFFBF4F, 0xFFD072, 0xD0CFD9, 0x260D16, 0x39232E, 0xEAEDF5, 0xFFF0D1, 0xFFB626, 0xFFCD7B, 0xFFFFFF, 0xFFFEFD},
    {0xFFFFFF, 0xFFF6E6, 0xFFB435, 0xFFAB21, 0xFEDFAE, 0xFDFBF9, 0xA28E82, 0xACA4A9, 0xFFFAF2, 0xFEB030, 0xFEB947, 0xFCFCFC, 0x9F9294, 0xB19E92, 0xFFFDFC, 0xFCD391, 0xFFAE20, 0xFFB845, 0xFFFCF7, 0xFFFFFF},
    {0xFFFFFF, 0xFFE8C3, 0xFFBB32, 0xFFAF2D, 0xFFB938, 0xFFB73A, 0xFFB72F, 0xFFC14B, 0xFEB542, 0xFEA61A, 0xFEA71C, 0xFFB949, 0xFFC047, 0xFFB52E, 0xFFBA3E, 0xFFB735, 0xFFAE2C, 0xFFB430, 0xFFF2DB, 0xFFFFFF},
    {0xFFFFFF, 0xFFE1AF, 0xFFBC32, 0xFFB82E, 0xEC853E, 0xF3BDA2, 0xFEE5B4, 0xFDE1AD, 0xFFE5B1, 0xFFE8B9, 0xFFE8B9, 0xFFE5AF, 0xFDE0AE, 0xFEE5B5, 0xEFAD96, 0xF08D36, 0xFFB82E, 0xFFB832, 0xFFECCD, 0xFFFFFF},
    {0xFFFFFF, 0xFFE1AF, 0xFFBB33, 0xFFBA2B, 0xE87D47, 0xC23EA7, 0xCE62B0, 0xCD60B2, 0xCE61B2, 0xCE60B0, 0xCE61B1, 0xCE61B3, 0xCD60B1, 0xCE61B1, 0xC23B9F, 0xF08E3C, 0xFFB82C, 0xFFB832, 0xFFEBCC, 0xFFFFFF},
    {0xFFFFFF, 0xFFE9C3, 0xFFBA32, 0xFFB32E, 0xFBA833, 0xBD1E74, 0xB60E77, 0xB81075, 0xB70F76, 0xB70F76, 0xB70F76, 0xB70F76, 0xB81175, 0xB50A79, 0xC42E6D, 0xFEB22D, 0xFFAF2F, 0xFFB430, 0xFFF1DA, 0xFFFFFF},
    {0xFFFFFF, 0xFFF5E5, 0xFFB332, 0xFEAE2F, 0xFFB928, 0xDE6957, 0xB5118A, 0xBD2280, 0xBD2280, 0xBD2281, 0xBD2281, 0xBD2380, 0xBC2181, 0xB61389, 0xE77D4C, 0xFFB82A, 0xFFB130, 0xFFB640, 0xFFFCF6, 0xFFFFFF},
    {0xFFFEFD, 0xFFFFFF, 0xFFC05D, 0xFFB831, 0xFFB130, 0xFEB32C, 0xD55560, 0xB71385, 0xB61386, 0xB71585, 0xB71585, 0xB61386, 0xB81684, 0xDC6557, 0xFFB72A, 0xFFAF31, 0xFFBB31, 0xFFCC78, 0xFFFFFF, 0xFFFEFD},
    {0xFFFEFC, 0xFFFFFF, 0xFFE6BE, 0xFFBD32, 0xFDB131, 0xFFB12E, 0xFFB62A, 0xEC8844, 0xD65760, 0xCE4669, 0xCE4768, 0xD85C5D, 0xF0903F, 0xFFB82A, 0xFDAF2F, 0xFFB130, 0xFFB731, 0xFFF0D7, 0xFFFFFF, 0xFFFEFD},
    {0xFFFFFF, 0xFFFFFD, 0xFFFFFF, 0xFFCD7C, 0xFFC132, 0xFFB131, 0xFFB030, 0xFFB82B, 0xFFBA28, 0xFFB72A, 0xFFB72A, 0xFFBA28, 0xFFB62B, 0xFDAF30, 0xFFB030, 0xFFC133, 0xFFD898, 0xFFFFFF, 0xFFFEFD, 0xFFFFFF},
    {0xFFFFFF, 0xFFFFFE, 0xFFFEFD, 0xFFFDFC, 0xFFD07E, 0xFFBD32, 0xFFB830, 0xFFAF2F, 0xFDAE31, 0xFDAF30, 0xFDAF30, 0xFDAE31, 0xFFB02F, 0xFFB930, 0xFFBA32, 0xFFD692, 0xFFFFFF, 0xFFFEFC, 0xFFFFFF, 0xFFFFFF},
    {0xFFFFFF, 0xFFFFFF, 0xFFFFFE, 0xFFFFFF, 0xFFFFFF, 0xFFE6BD, 0xFFC663, 0xFFB536, 0xFFB931, 0xFFBC32, 0xFFBB32, 0xFFB831, 0xFFB83B, 0xFFCC6F, 0xFFECCB, 0xFFFFFF, 0xFFFEFD, 0xFFFFFF, 0xFFFFFF, 0xFFFFFF},
    {0xFFFFFF, 0xFFFFFF, 0xFFFFFF, 0xFFFEFE, 0xFFFEFD, 0xFFFFFF, 0xFFFFFF, 0xFFF7E8, 0xFFEDCB, 0xFFE6BD, 0xFFE7BE, 0xFFEDCE, 0xFFF8EC, 0xFFFFFF, 0xFFFFFF, 0xFFFFFD, 0xFFFFFF, 0xFFFFFF, 0xFFFFFF, 0xFFFFFF},
    {0xFFFFFF, 0xFFFFFF, 0xFFFFFF, 0xFFFFFF, 0xFFFFFF, 0xFFFEFD, 0xFFFFFE, 0xFFFFFF, 0xFFFFFF, 0xFFFFFF, 0xFFFFFF, 0xFFFFFF, 0xFFFFFF, 0xFFFEFD, 0xFFFEFD, 0xFFFFFF, 0xFFFFFF, 0xFFFFFF, 0xFFFFFF, 0xFFFFFF},
};

/* === U+1F604  smiling face with open mouth and smiling eyes === */
static const unsigned int smiling_face_with_open_mouth_and_smiling_eyes_bw[EMOJI_ROWS] = {
    0x00000, 0x00000, 0x00000, 0x00000, 0x00000, 0x070E0, 0x0F9E0, 0x0C920, 0x00000, 0x00000, 0x08010, 0x07FE0, 0x07FE0, 0x03FC0, 0x03F80, 0x00600, 0x00000, 0x00000, 0x00000, 0x00000
};
static const unsigned int smiling_face_with_open_mouth_and_smiling_eyes_color[EMOJI_ROWS][EMOJI_COLS] = {
    {0xFFFFFF, 0xFFFFFF, 0xFFFFFF, 0xFFFFFF, 0xFFFFFF, 0xFFFEFD, 0xFFFFFE, 0xFFFFFF, 0xFFFFFF, 0xFFFFFF, 0xFFFFFF, 0xFFFFFF, 0xFFFFFF, 0xFFFFFD, 0xFFFEFD, 0xFFFFFF, 0xFFFFFF, 0xFFFFFF, 0xFFFFFF, 0xFFFFFF},
    {0xFFFFFF, 0xFFFFFF, 0xFFFFFF, 0xFFFEFE, 0xFFFEFD, 0xFFFFFF, 0xFFFFFF, 0xFFF7EA, 0xFFEECF, 0xFFE7BF, 0xFFE7C0, 0xFFEFD2, 0xFFF9EF, 0xFFFFFF, 0xFFFFFF, 0xFFFEFC, 0xFFFFFF, 0xFFFFFF, 0xFFFFFF, 0xFFFFFF},
    {0xFFFFFF, 0xFFFFFF, 0xFFFEFE, 0xFFFFFF, 0xFFFFFF, 0xFFE9C2, 0xFFC968, 0xFFB738, 0xFFB831, 0xFFBB31, 0xFFBB31, 0xFFB731, 0xFDB63B, 0xFFCC73, 0xFFECCE, 0xFFFFFF, 0xFFFEFD, 0xFFFFFF, 0xFFFFFF, 0xFFFFFF},
    {0xFFFFFF, 0xFFFFFE, 0xFFFFFD, 0xFFFFFD, 0xFFD182, 0xFFBA32, 0xFFB730, 0xFFAF2E, 0xFDB02F, 0xFFB12F, 0xFFB12F, 0xFCAE2E, 0xFFB02E, 0xFFB930, 0xFFB731, 0xFFD896, 0xFFFFFF, 0xFFFEFD, 0xFFFFFF, 0xFFFFFF},
    {0xFFFFFF, 0xFFFFFD, 0xFFFFFF, 0xFFCD80, 0xFFC132, 0xFFB931, 0xFFB92F, 0xFFB92F, 0xFFB22E, 0xFFB02E, 0xFFAF2E, 0xFFB32E, 0xFFB92F, 0xFFB92F, 0xFFB82F, 0xFFC033, 0xFFD99B, 0xFFFFFF, 0xFFFEFD, 0xFFFFFF},
    {0xFFFEFC, 0xFFFFFF, 0xFFE7C0, 0xFFBC32, 0xFFB631, 0xB07930, 0x5E3E31, 0x8B5F30, 0xF7AC2E, 0xFEB12E, 0xFEB22E, 0xEDA52E, 0x7D5531, 0x614131, 0xC08430, 0xFFB830, 0xFFB531, 0xFFF0D8, 0xFFFFFF, 0xFFFEFD},
    {0xFFFEFD, 0xFFFFFF, 0xFDBF5D, 0xFFC030, 0xC18531, 0x2F1E32, 0x996E30, 0x483032, 0x7F5631, 0xFFB92E, 0xFFB52E, 0x634231, 0x5B3D31, 0x936630, 0x301F32, 0xDA9731, 0xFFC131, 0xFCCB79, 0xFFFFFF, 0xFFFEFD},
    {0xFFFFFF, 0xFFF6E6, 0xFDB233, 0xFFB72E, 0xCE8D2F, 0xAE7730, 0xFFC82E, 0xD59330, 0xAB7531, 0xFFB52F, 0xFFB12F, 0xA16E31, 0xE8A02F, 0xFFC22F, 0xA26F31, 0xDC9730, 0xFFB82E, 0xFDB642, 0xFFFCF7, 0xFFFFFF},
    {0xFFFFFF, 0xFFE8C3, 0xFFBB31, 0xFFB02F, 0xFFB62D, 0xFFB629, 0xFCAA2A, 0xFFB229, 0xFFB629, 0xFFAD29, 0xFFAE29, 0xFFB729, 0xFFB029, 0xFCAB29, 0xFFB82A, 0xFFB42E, 0xFFAF2F, 0xFFB430, 0xFFF2DB, 0xFFFFFF},
    {0xFFFFFF, 0xFFE1AF, 0xFFBD32, 0xFFB130, 0xFCAB30, 0xFDB63F, 0xFFBA41, 0xFEB840, 0xFEB840, 0xFFBA40, 0xFFBA40, 0xFDB840, 0xFFB940, 0xFFBA41, 0xFCB43E, 0xFCAB2F, 0xFFB12F, 0xFFB932, 0xFFECCC, 0xFFFFFF},
    {0xFFFFFF, 0xFFE1AF, 0xFFBB33, 0xFFBB2C, 0xE57548, 0xE2A1C9, 0xF5D9DF, 0xF4D6DE, 0xF5D8DF, 0xF5D8DF, 0xF5D8DF, 0xF5D8DF, 0xF4D6DE, 0xF5D9E0, 0xDE8FBB, 0xEB823C, 0xFFBA2D, 0xFFB733, 0xFFEBCC, 0xFFFFFF},
    {0xFFFFFF, 0xFFE9C3, 0xFFB932, 0xFFB82D, 0xF08E40, 0xB81884, 0xBD2485, 0xBC2286, 0xBC2286, 0xBC2286, 0xBC2286, 0xBC2286, 0xBC2385, 0xBC2286, 0xBC1F7F, 0xF79E37, 0xFFB42D, 0xFFB331, 0xFFF1DA, 0xFFFFFF},
    {0xFFFFFF, 0xFFF5E5, 0xFFB332, 0xFFB02E, 0xFEB22D, 0xC73671, 0xB71582, 0xBC1E7D, 0xBB1B7E, 0xBB1B7E, 0xBB1B7E, 0xBB1B7E, 0xBC1F7C, 0xB61184, 0xD04967, 0xFFB72A, 0xFFB22F, 0xFFB640, 0xFFFCF6, 0xFFFFFF},
    {0xFFFEFD, 0xFFFFFF, 0xFFC05D, 0xFFB632, 0xFFB82C, 0xED8A43, 0xB81784, 0xB91884, 0xBC1F7F, 0xBC207F, 0xBC207F, 0xBC1F80, 0xB71585, 0xBD207F, 0xF49A3A, 0xFFB52D, 0xFFBA31, 0xFFCC78, 0xFFFFFF, 0xFFFEFD},
    {0xFFFEFC, 0xFFFFFF, 0xFFE6BE, 0xFFBD32, 0xFDB032, 0xFFB82A, 0xEB8645, 0xC32F76, 0xB81783, 0xB71485, 0xB71485, 0xB91883, 0xC73771, 0xF0933E, 0xFFB62B, 0xFDB031, 0xFFB731, 0xFFF0D7, 0xFFFFFF, 0xFFFEFD},
    {0xFFFFFF, 0xFFFFFD, 0xFFFFFF, 0xFFCD7C, 0xFFC132, 0xFFB032, 0xFFB92C, 0xFDAD30, 0xEE8B42, 0xE67A4C, 0xE77C4B, 0xF09040, 0xFFB12E, 0xFFB72D, 0xFFAF31, 0xFFC132, 0xFFD898, 0xFFFFFF, 0xFFFEFD, 0xFFFFFF},
    {0xFFFFFF, 0xFFFFFE, 0xFFFEFD, 0xFFFDFC, 0xFFD07E, 0xFFBD32, 0xFFB631, 0xFFB12D, 0xFFB82B, 0xFFBA2B, 0xFFBA2B, 0xFFB72C, 0xFFB12E, 0xFFB831, 0xFFBA31, 0xFFD692, 0xFFFFFF, 0xFFFEFC, 0xFFFFFF, 0xFFFFFF},
    {0xFFFFFF, 0xFFFFFF, 0xFFFFFE, 0xFFFFFF, 0xFFFFFF, 0xFFE6BD, 0xFFC663, 0xFFB436, 0xFFB732, 0xFFB933, 0xFFB933, 0xFFB732, 0xFFB73B, 0xFFCC6F, 0xFFECCB, 0xFFFFFF, 0xFFFEFD, 0xFFFFFF, 0xFFFFFF, 0xFFFFFF},
    {0xFFFFFF, 0xFFFFFF, 0xFFFFFF, 0xFFFEFE, 0xFFFEFD, 0xFFFFFF, 0xFFFFFF, 0xFFF7E8, 0xFFEDCB, 0xFFE6BD, 0xFFE7BE, 0xFFEDCE, 0xFFF8EC, 0xFFFFFF, 0xFFFFFF, 0xFFFFFD, 0xFFFFFF, 0xFFFFFF, 0xFFFFFF, 0xFFFFFF},
    {0xFFFFFF, 0xFFFFFF, 0xFFFFFF, 0xFFFFFF, 0xFFFFFF, 0xFFFEFD, 0xFFFFFE, 0xFFFFFF, 0xFFFFFF, 0xFFFFFF, 0xFFFFFF, 0xFFFFFF, 0xFFFFFF, 0xFFFEFD, 0xFFFEFD, 0xFFFFFF, 0xFFFFFF, 0xFFFFFF, 0xFFFFFF, 0xFFFFFF},
};

/* === U+1F601  grinning face with smiling eyes === */
static const unsigned int grinning_face_with_smiling_eyes_bw[EMOJI_ROWS] = {
    0x00000, 0x00000, 0x00000, 0x00000, 0x00000, 0x070E0, 0x0F9E0, 0x0C920, 0x00000, 0x00000, 0x08010, 0x08010, 0x08010, 0x04020, 0x00000, 0x00000, 0x00000, 0x00000, 0x00000, 0x00000
};
static const unsigned int grinning_face_with_smiling_eyes_color[EMOJI_ROWS][EMOJI_COLS] = {
    {0xFFFFFF, 0xFFFFFF, 0xFFFFFF, 0xFFFFFF, 0xFFFFFF, 0xFFFEFD, 0xFFFFFE, 0xFFFFFF, 0xFFFFFF, 0xFFFFFF, 0xFFFFFF, 0xFFFFFF, 0xFFFFFF, 0xFFFFFD, 0xFFFEFD, 0xFFFFFF, 0xFFFFFF, 0xFFFFFF, 0xFFFFFF, 0xFFFFFF},
    {0xFFFFFF, 0xFFFFFF, 0xFFFFFF, 0xFFFEFE, 0xFFFEFD, 0xFFFFFF, 0xFFFFFF, 0xFFF7EA, 0xFFEECF, 0xFFE7BF, 0xFFE7C0, 0xFFEFD2, 0xFFF9EF, 0xFFFFFF, 0xFFFFFF, 0xFFFEFC, 0xFFFFFF, 0xFFFFFF, 0xFFFFFF, 0xFFFFFF},
    {0xFFFFFF, 0xFFFFFF, 0xFFFEFE, 0xFFFFFF, 0xFFFFFF, 0xFFE9C2, 0xFFC968, 0xFFB738, 0xFFB831, 0xFFBB31, 0xFFBB31, 0xFFB731, 0xFDB63B, 0xFFCC73, 0xFFECCE, 0xFFFFFF, 0xFFFEFD, 0xFFFFFF, 0xFFFFFF, 0xFFFFFF},
    {0xFFFFFF, 0xFFFFFE, 0xFFFFFD, 0xFFFFFD, 0xFFD182, 0xFFBA32, 0xFFB730, 0xFFAF2E, 0xFDB02F, 0xFFB12F, 0xFFB12F, 0xFCAE2E, 0xFFB02E, 0xFFB930, 0xFFB731, 0xFFD896, 0xFFFFFF, 0xFFFEFD, 0xFFFFFF, 0xFFFFFF},
    {0xFFFFFF, 0xFFFFFD, 0xFFFFFF, 0xFFCD80, 0xFFC132, 0xFFB931, 0xFFB92F, 0xFFB92F, 0xFFB22E, 0xFFB02E, 0xFFAF2E, 0xFFB32E, 0xFFB92F, 0xFFB92F, 0xFFB82F, 0xFFC033, 0xFFD99B, 0xFFFFFF, 0xFFFEFD, 0xFFFFFF},
    {0xFFFEFC, 0xFFFFFF, 0xFFE7C0, 0xFFBC32, 0xFFB631, 0xB07930, 0x5E3E31, 0x8B5F30, 0xF7AC2E, 0xFEB12E, 0xFEB22E, 0xEDA52E, 0x7D5531, 0x614131, 0xC08430, 0xFFB830, 0xFFB531, 0xFFF0D8, 0xFFFFFF, 0xFFFEFD},
    {0xFFFEFD, 0xFFFFFF, 0xFDBF5D, 0xFFC030, 0xC18531, 0x2F1E32, 0x996E30, 0x483032, 0x7F5631, 0xFFB92E, 0xFFB52E, 0x634231, 0x5B3D31, 0x936630, 0x301F32, 0xDA9731, 0xFFC131, 0xFCCB79, 0xFFFFFF, 0xFFFEFD},
    {0xFFFFFF, 0xFFF6E6, 0xFDB233, 0xFEB72E, 0xCE8D30, 0xAE7730, 0xFFC82E, 0xD59330, 0xAB7531, 0xFFB52F, 0xFFB12F, 0xA16E31, 0xE8A02F, 0xFFC22F, 0xA26F31, 0xDC9730, 0xFFB82E, 0xFDB642, 0xFFFCF7, 0xFFFFFF},
    {0xFFFFFF, 0xFFE8C3, 0xFFBB32, 0xFFB12F, 0xFFB62B, 0xFFB72A, 0xFCAC2B, 0xFFB32A, 0xFFB72A, 0xFFAF2A, 0xFFAF2A, 0xFFB82A, 0xFFB12A, 0xFCAD2A, 0xFFB82A, 0xFFB42C, 0xFFAF2F, 0xFFB430, 0xFFF2DB, 0xFFFFFF},
    {0xFFFFFF, 0xFFE1AF, 0xFFBD32, 0xFDAE30, 0xFBAC38, 0xFBB13D, 0xFEB33C, 0xFCB23C, 0xFCB13C, 0xFEB33C, 0xFEB33C, 0xFBB13C, 0xFDB23C, 0xFEB33C, 0xFBB13D, 0xFCAC36, 0xFDAF2F, 0xFFB932, 0xFFECCC, 0xFFFFFF},
    {0xFFFFFF, 0xFFE1B0, 0xFFC232, 0xF69C2D, 0xD9769B, 0xFEF6F0, 0xFDF4EE, 0xFEF6F0, 0xFEF6F0, 0xFEF6F0, 0xFEF6F0, 0xFEF6F0, 0xFEF5F0, 0xFEF5EF, 0xFCF4F0, 0xD86B86, 0xFCA829, 0xFFBB33, 0xFEEBCC, 0xFFFFFF},
    {0xFFFFFF, 0xFFE8C3, 0xFFBC33, 0xFDAB2A, 0xD35D86, 0xFFFFFF, 0xFFFFFF, 0xFFFFFF, 0xFFFFFF, 0xFFFFFF, 0xFFFFFF, 0xFFFFFF, 0xFFFFFF, 0xFFFFFF, 0xF9F0FF, 0xD45970, 0xFFB428, 0xFFB332, 0xFEF1DA, 0xFFFFFF},
    {0xFFFFFF, 0xFFF5E5, 0xFDB133, 0xFFBA27, 0xDD6858, 0xE5AEDE, 0xF5DEEA, 0xF4DBEA, 0xF5DDEB, 0xF5DDEB, 0xF5DDEB, 0xF5DDEB, 0xF4DBEA, 0xF5DDEA, 0xDF9AD2, 0xE37449, 0xFFBE2A, 0xFDB441, 0xFFFCF6, 0xFFFFFF},
    {0xFFFEFD, 0xFFFFFF, 0xFFC05D, 0xFDBD30, 0xF69C2F, 0xD2629A, 0xDC8CC2, 0xDB87B8, 0xDC89BB, 0xDC89BC, 0xDC89BC, 0xDC89BB, 0xDC88B8, 0xDB8AC4, 0xD46189, 0xFBA72B, 0xFFBE31, 0xFECB78, 0xFFFFFF, 0xFFFEFD},
    {0xFFFEFC, 0xFFFFFF, 0xFFE6BE, 0xFFBE34, 0xFFB028, 0xFFCB60, 0xFFFFF3, 0xFFFFFF, 0xFFFFFF, 0xFFFFFF, 0xFFFFFF, 0xFFFFFF, 0xFFFFFF, 0xFFFFE5, 0xFFC24F, 0xFFB02A, 0xFFB733, 0xFFF0D7, 0xFFFFFF, 0xFFFEFD},
    {0xFFFFFF, 0xFFFFFD, 0xFFFFFF, 0xFFCD7C, 0xFFC134, 0xFFAC26, 0xFFB642, 0xFFD99F, 0xFEEDD6, 0xFEF5E9, 0xFEF4E7, 0xFEECD1, 0xFDD494, 0xFDB137, 0xFFAC27, 0xFFC135, 0xFFD898, 0xFFFFFF, 0xFFFEFD, 0xFFFFFF},
    {0xFFFFFF, 0xFFFFFE, 0xFFFEFD, 0xFFFDFC, 0xFFD07E, 0xFFBE35, 0xFFB62B, 0xFFAB20, 0xFFB02E, 0xFFB439, 0xFFB438, 0xFFAF2B, 0xFFAC20, 0xFFB82D, 0xFFBA34, 0xFFD692, 0xFFFFFF, 0xFFFEFC, 0xFFFFFF, 0xFFFFFF},
    {0xFFFFFF, 0xFFFFFF, 0xFFFFFE, 0xFFFFFF, 0xFFFFFF, 0xFFE6BC, 0xFFC865, 0xFFB639, 0xFFB931, 0xFFBB2F, 0xFFBB2F, 0xFFB932, 0xFFB83E, 0xFFCC70, 0xFFECCB, 0xFFFFFF, 0xFFFEFD, 0xFFFFFF, 0xFFFFFF, 0xFFFFFF},
    {0xFFFFFF, 0xFFFFFF, 0xFFFFFF, 0xFFFEFE, 0xFFFEFD, 0xFFFFFF, 0xFFFFFF, 0xFFF7E8, 0xFFEDCC, 0xFFE7BE, 0xFFE8BF, 0xFFEDCE, 0xFFF8EC, 0xFFFFFF, 0xFFFFFF, 0xFFFFFD, 0xFFFFFF, 0xFFFFFF, 0xFFFFFF, 0xFFFFFF},
    {0xFFFFFF, 0xFFFFFF, 0xFFFFFF, 0xFFFFFF, 0xFFFFFF, 0xFFFEFD, 0xFFFFFE, 0xFFFFFF, 0xFFFFFF, 0xFFFFFF, 0xFFFFFF, 0xFFFFFF, 0xFFFFFF, 0xFFFEFD, 0xFFFEFD, 0xFFFFFF, 0xFFFFFF, 0xFFFFFF, 0xFFFFFF, 0xFFFFFF},
};

/* === U+1F606  smiling face with open mouth and tightly-closed eyes === */
static const unsigned int smiling_face_with_open_mouth_and_tightly_closed_eyes_bw[EMOJI_ROWS] = {
    0x00000, 0x00000, 0x00000, 0x00000, 0x00000, 0x06060, 0x079E0, 0x079C0, 0x06060, 0x00000, 0x08010, 0x0FFF0, 0x0FFF0, 0x07FE0, 0x03FC0, 0x01F80, 0x00000, 0x00000, 0x00000, 0x00000
};
static const unsigned int smiling_face_with_open_mouth_and_tightly_closed_eyes_color[EMOJI_ROWS][EMOJI_COLS] = {
    {0xFFFFFF, 0xFFFFFF, 0xFFFFFF, 0xFFFFFF, 0xFFFFFF, 0xFFFEFD, 0xFFFFFE, 0xFFFFFF, 0xFFFFFF, 0xFFFFFF, 0xFFFFFF, 0xFFFFFF, 0xFFFFFF, 0xFFFFFD, 0xFFFEFD, 0xFFFFFF, 0xFFFFFF, 0xFFFFFF, 0xFFFFFF, 0xFFFFFF},
    {0xFFFFFF, 0xFFFFFF, 0xFFFFFF, 0xFFFEFE, 0xFFFEFD, 0xFFFFFF, 0xFFFFFF, 0xFFF7EA, 0xFFEECF, 0xFFE7BF, 0xFFE7C0, 0xFFEFD2, 0xFFF9EF, 0xFFFFFF, 0xFFFFFF, 0xFFFEFC, 0xFFFFFF, 0xFFFFFF, 0xFFFFFF, 0xFFFFFF},
    {0xFFFFFF, 0xFFFFFF, 0xFFFEFE, 0xFFFFFF, 0xFFFFFF, 0xFFE9C2, 0xFFC968, 0xFFB738, 0xFFB831, 0xFFBB31, 0xFFBB31, 0xFFB731, 0xFFB63B, 0xFFCC73, 0xFFECCE, 0xFFFFFF, 0xFFFEFD, 0xFFFFFF, 0xFFFFFF, 0xFFFFFF},
    {0xFFFFFF, 0xFFFFFE, 0xFFFFFD, 0xFFFFFD, 0xFFD182, 0xFFBB32, 0xFFB730, 0xFFB02E, 0xFFB02F, 0xFFB12F, 0xFFB12F, 0xFFAF2E, 0xFFB12E, 0xFFB830, 0xFFB731, 0xFFD896, 0xFFFFFF, 0xFFFEFD, 0xFFFFFF, 0xFFFFFF},
    {0xFFFFFF, 0xFFFFFD, 0xFFFFFF, 0xFFCD80, 0xFFC132, 0xFFB831, 0xFFBB2F, 0xFFB12F, 0xFDAE2E, 0xFFB02E, 0xFFB02E, 0xFDAE2E, 0xFFB22F, 0xFFBB2F, 0xFFB72F, 0xFFC033, 0xFFD99B, 0xFFFFFF, 0xFFFEFD, 0xFFFFFF},
    {0xFFFEFC, 0xFFFFFF, 0xFFE7C0, 0xFFBC32, 0xFFB531, 0x8B5E30, 0x956630, 0xF7AE2E, 0xFFB92E, 0xFEAF2E, 0xFEB02E, 0xFFB92E, 0xEFA82E, 0x865B30, 0x9D6C31, 0xFFB930, 0xFFB431, 0xFFF0D8, 0xFFFFFF, 0xFFFEFD},
    {0xFFFEFD, 0xFFFFFF, 0xFFC25D, 0xFFB731, 0xFFB42F, 0xC1872F, 0x553931, 0x472F32, 0xB17A30, 0xFFB52E, 0xFEB22E, 0x9E6D30, 0x412B32, 0x614131, 0xCF912F, 0xFFB330, 0xFFBB31, 0xFFCD79, 0xFFFFFF, 0xFFFEFD},
    {0xFFFFFF, 0xFFF6E6, 0xFFB333, 0xFEB02E, 0xFDB22F, 0xCC8F30, 0x5B3D32, 0x3D2833, 0xA97531, 0xFEB52F, 0xFEB22F, 0x946631, 0x392533, 0x684732, 0xD89830, 0xFDB230, 0xFEB22E, 0xFFB742, 0xFFFCF7, 0xFFFFFF},
    {0xFFFFFF, 0xFFE8C3, 0xFFBA32, 0xFDB12F, 0xFFB52B, 0x83562B, 0x895B2C, 0xF0A729, 0xFFB629, 0xFEAD29, 0xFEAE29, 0xFFB729, 0xE7A12A, 0x79502C, 0x98642B, 0xFFB92B, 0xFDAE2F, 0xFFB330, 0xFFF2DB, 0xFFFFFF},
    {0xFFFFFF, 0xFFE1AF, 0xFFBE32, 0xFDAD30, 0xFDB03B, 0xFFBF42, 0xFFC241, 0xFFBB41, 0xFEB741, 0xFFB841, 0xFFB841, 0xFDB741, 0xFFBC41, 0xFFC241, 0xFFBF42, 0xFCAD39, 0xFDAE2E, 0xFFB932, 0xFFECCC, 0xFFFFFF},
    {0xFFFFFF, 0xFFE1B0, 0xFFC132, 0xF8A12F, 0xD26090, 0xF1D0DE, 0xF1D4DF, 0xF3D6E0, 0xF4D7E0, 0xF4D7E0, 0xF4D7E0, 0xF4D7E0, 0xF3D5E0, 0xF2D5DF, 0xEEC9DC, 0xD25A7E, 0xFDAB2B, 0xFFBA32, 0xFEEBCC, 0xFFFFFF},
    {0xFFFFFF, 0xFFE8C3, 0xFFBA32, 0xFFB52E, 0xC7366E, 0xB91A88, 0xBD2485, 0xBC2385, 0xBC2385, 0xBC2385, 0xBC2385, 0xBC2385, 0xBC2385, 0xBD2584, 0xB71588, 0xCF4864, 0xFFB92A, 0xFFB231, 0xFEF1DA, 0xFFFFFF},
    {0xFFFFFF, 0xFFF5E5, 0xFDB133, 0xFFBB28, 0xDE6A55, 0xB51085, 0xBC1F7D, 0xBA1B7F, 0xBB1B7E, 0xBB1B7E, 0xBB1B7E, 0xBB1B7E, 0xBA1B7F, 0xBC1F7D, 0xB61285, 0xE77E4B, 0xFFBD29, 0xFDB441, 0xFFFCF6, 0xFFFFFF},
    {0xFFFEFD, 0xFFFFFF, 0xFFC05D, 0xFDBA2F, 0xFAA834, 0xC22B79, 0xB81684, 0xBD217E, 0xBC1F80, 0xBC1E80, 0xBC1E80, 0xBC1F7F, 0xBD227E, 0xB61386, 0xC93A70, 0xFFB130, 0xFFBB31, 0xFECC78, 0xFFFFFF, 0xFFFEFD},
    {0xFFFEFC, 0xFFFFFF, 0xFFE6BE, 0xFFBB33, 0xFFB72D, 0xF0933E, 0xBF277B, 0xB61187, 0xB81783, 0xB91982, 0xB91982, 0xB81784, 0xB51187, 0xC43175, 0xF59E38, 0xFFB62E, 0xFFB532, 0xFFF0D7, 0xFFFFFF, 0xFFFEFD},
    {0xFFFFFF, 0xFFFFFD, 0xFFFFFF, 0xFFCD7C, 0xFFBF33, 0xFFB72D, 0xF8A436, 0xD9615B, 0xC83970, 0xC32E77, 0xC32E76, 0xC93C6E, 0xDD6A57, 0xFAAB32, 0xFFB62D, 0xFFBF33, 0xFFD898, 0xFFFFFF, 0xFFFEFD, 0xFFFFFF},
    {0xFFFFFF, 0xFFFFFE, 0xFFFEFD, 0xFFFDFC, 0xFFD07E, 0xFFBB33, 0xFFBB2E, 0xFFBB28, 0xFFB32E, 0xFBAC32, 0xFCAC31, 0xFFB52D, 0xFFBC28, 0xFFBB2F, 0xFFB832, 0xFFD692, 0xFFFFFF, 0xFFFEFC, 0xFFFFFF, 0xFFFFFF},
    {0xFFFFFF, 0xFFFFFF, 0xFFFFFE, 0xFFFFFF, 0xFFFFFF, 0xFFE6BC, 0xFFC664, 0xFDB237, 0xFFB931, 0xFFBD31, 0xFFBD31, 0xFFB832, 0xFDB53C, 0xFFCC6F, 0xFFECCB, 0xFFFFFF, 0xFFFEFD, 0xFFFFFF, 0xFFFFFF, 0xFFFFFF},
    {0xFFFFFF, 0xFFFFFF, 0xFFFFFF, 0xFFFEFE, 0xFFFEFD, 0xFFFFFF, 0xFFFFFF, 0xFFF7E8, 0xFFECCB, 0xFEE6BD, 0xFFE7BF, 0xFFEDCE, 0xFFF8EC, 0xFFFFFF, 0xFFFFFF, 0xFFFFFD, 0xFFFFFF, 0xFFFFFF, 0xFFFFFF, 0xFFFFFF},
    {0xFFFFFF, 0xFFFFFF, 0xFFFFFF, 0xFFFFFF, 0xFFFFFF, 0xFFFEFD, 0xFFFFFE, 0xFFFFFF, 0xFFFFFF, 0xFFFFFF, 0xFFFFFF, 0xFFFFFF, 0xFFFFFF, 0xFFFEFD, 0xFFFEFD, 0xFFFFFF, 0xFFFFFF, 0xFFFFFF, 0xFFFFFF, 0xFFFFFF},
};

/* === U+1F605  smiling face with open mouth and cold sweat === */
static const unsigned int smiling_face_with_open_mouth_and_cold_sweat_bw[EMOJI_ROWS] = {
    0x00000, 0x00000, 0x00018, 0x0001C, 0x0001C, 0x0001C, 0x031D8, 0x07BE8, 0x06B60, 0x00000, 0x08010, 0x07FE0, 0x07FE0, 0x03FC0, 0x03F80, 0x00600, 0x00000, 0x00000, 0x00000, 0x00000
};
static const unsigned int smiling_face_with_open_mouth_and_cold_sweat_color[EMOJI_ROWS][EMOJI_COLS] = {
    {0xFFFFFF, 0xFFFFFF, 0xFFFFFF, 0xFFFFFF, 0xFFFFFF, 0xFFFEFD, 0xFFFFFE, 0xFFFFFF, 0xFFFFFF, 0xFFFFFF, 0xFFFFFF, 0xFFFFFF, 0xFFFFFF, 0xFFFFFD, 0xFEFDFC, 0xFFFFFF, 0xFFFFFF, 0xFFFFFF, 0xFFFFFF, 0xFFFFFF},
    {0xFFFFFF, 0xFFFFFF, 0xFFFFFF, 0xFFFEFE, 0xFFFEFD, 0xFFFFFF, 0xFFFFFF, 0xFFF7EA, 0xFFEECF, 0xFFE7BF, 0xFFE7C0, 0xFFEFD2, 0xFFF9EF, 0xFFFFFF, 0xFFFFFF, 0xE0E5FE, 0xCDD6FF, 0xFFFFFF, 0xFFFFFF, 0xFFFFFF},
    {0xFFFFFF, 0xFFFFFF, 0xFFFEFE, 0xFFFFFF, 0xFFFFFF, 0xFFE9C2, 0xFFC968, 0xFFB738, 0xFFB831, 0xFFBB31, 0xFFBB31, 0xFFB731, 0xFFB73D, 0xFFCE6E, 0xE4D7D5, 0x4466FF, 0x486CFF, 0xA7B6FF, 0xFFFFFF, 0xFCFCFF},
    {0xFFFFFF, 0xFFFFFE, 0xFFFFFD, 0xFFFFFD, 0xFFD182, 0xFFBC32, 0xFFB930, 0xFFB12E, 0xFFB02F, 0xFFB12F, 0xFFB12F, 0xFFAF2E, 0xFFB131, 0xFFBF24, 0xCF9F73, 0x355CFF, 0x4566FF, 0x798FFF, 0xFFFFFF, 0xFCFCFF},
    {0xFFFFFF, 0xFFFFFD, 0xFFFFFF, 0xFFCD80, 0xFFC132, 0xFFB131, 0xFBAF30, 0xFBAD2F, 0xFDAF2E, 0xFFB02E, 0xFFB02E, 0xFDAE2E, 0xF8AC32, 0xFBB425, 0xC6976E, 0x395DFF, 0x4566FF, 0x8094FE, 0xFFFFFF, 0xFCFCFF},
    {0xFFFEFC, 0xFFFFFF, 0xFFE7C0, 0xFFBD32, 0xFDB131, 0xFFB12E, 0xFFBA2E, 0xFFBC2E, 0xFFB62E, 0xFEAF2E, 0xFEAF2E, 0xFFB72E, 0xFFBB31, 0xFFBE21, 0xC3966F, 0x385DFF, 0x4968FC, 0x7B92FF, 0xFFFFFF, 0xFCFCFF},
    {0xFFFEFD, 0xFFFFFF, 0xFFC25D, 0xFFB831, 0xFFB230, 0xFCB02E, 0xA36F30, 0x805730, 0xD7942F, 0xFFB52E, 0xFFB52E, 0xC98A2F, 0x7B5333, 0xB57C26, 0xD7A05F, 0x335BFF, 0x345EFF, 0x8A96ED, 0xFFFFFF, 0xFDFDFF},
    {0xFFFFFF, 0xFFF6E6, 0xFFB333, 0xFEAF2E, 0xFFB82E, 0x7F5631, 0x442D33, 0x724F32, 0x362333, 0xE7A12F, 0xCE8E30, 0x312033, 0x765432, 0x392534, 0x9E6B2D, 0xB49686, 0x8F81A6, 0xEFB155, 0xFFFDF7, 0xFFFFFF},
    {0xFFFFFF, 0xFFE8C3, 0xFFBB31, 0xFDB02F, 0xFFB62D, 0x895B2C, 0xD18E2A, 0xFFC129, 0x83572C, 0xDB942A, 0xC4842A, 0x93622C, 0xFFC728, 0xB97D2B, 0x98662C, 0xFFBE21, 0xFFB421, 0xFFB62C, 0xFEF1DB, 0xFFFFFF},
    {0xFFFFFF, 0xFFE1AF, 0xFFBD32, 0xFFB130, 0xFDAC30, 0xFFBE3F, 0xFFBC41, 0xFDB840, 0xFFC140, 0xFFBC40, 0xFFBD40, 0xFFC040, 0xFDB740, 0xFFBE41, 0xFFBB3E, 0xFBAA32, 0xFBB032, 0xFEB833, 0xFFECCC, 0xFFFFFF},
    {0xFFFFFF, 0xFFE1AF, 0xFFBB33, 0xFFBB2C, 0xE57548, 0xE19FC9, 0xF4D8DF, 0xF4D6DE, 0xF3D7DF, 0xF4D8DF, 0xF4D8DF, 0xF3D7DF, 0xF4D6DE, 0xF4D8E0, 0xDC8EBB, 0xEB823C, 0xFFBA2D, 0xFFB733, 0xFFEBCC, 0xFFFFFF},
    {0xFFFFFF, 0xFFE9C3, 0xFFB932, 0xFFB82D, 0xF08E40, 0xB81884, 0xBD2485, 0xBC2286, 0xBC2286, 0xBC2286, 0xBC2286, 0xBC2286, 0xBC2385, 0xBC2286, 0xBC1F7F, 0xF79E37, 0xFFB42D, 0xFFB331, 0xFFF1DA, 0xFFFFFF},
    {0xFFFFFF, 0xFFF5E5, 0xFFB332, 0xFFB02E, 0xFEB22D, 0xC73671, 0xB71582, 0xBC1E7D, 0xBB1B7E, 0xBB1B7E, 0xBB1B7E, 0xBB1B7E, 0xBC1F7C, 0xB61184, 0xD04967, 0xFFB72A, 0xFFB22F, 0xFFB640, 0xFFFCF6, 0xFFFFFF},
    {0xFFFEFD, 0xFFFFFF, 0xFFC05D, 0xFFB632, 0xFFB82C, 0xED8A43, 0xB81784, 0xB91884, 0xBC1F7F, 0xBC207F, 0xBC207F, 0xBC1F80, 0xB71585, 0xBD207F, 0xF49A3A, 0xFFB52D, 0xFFBA31, 0xFFCC78, 0xFFFFFF, 0xFFFEFD},
    {0xFFFEFC, 0xFFFFFF, 0xFFE6BE, 0xFFBD32, 0xFDB032, 0xFFB82A, 0xEB8645, 0xC32F76, 0xB81783, 0xB71485, 0xB71485, 0xB91883, 0xC73771, 0xF0933E, 0xFFB62B, 0xFDB031, 0xFFB731, 0xFFF0D7, 0xFFFFFF, 0xFFFEFD},
    {0xFFFFFF, 0xFFFFFD, 0xFFFFFF, 0xFFCD7C, 0xFFC132, 0xFFB032, 0xFFB92C, 0xFDAD30, 0xEE8B42, 0xE67A4C, 0xE77C4B, 0xF09040, 0xFFB12E, 0xFFB72D, 0xFFAF31, 0xFFC132, 0xFFD898, 0xFFFFFF, 0xFFFEFD, 0xFFFFFF},
    {0xFFFFFF, 0xFFFFFE, 0xFFFEFD, 0xFFFDFC, 0xFFD07E, 0xFFBD32, 0xFFB631, 0xFFB12D, 0xFFB82B, 0xFFBA2B, 0xFFBA2B, 0xFFB72C, 0xFFB12E, 0xFFB831, 0xFFBA31, 0xFFD692, 0xFFFFFF, 0xFFFEFC, 0xFFFFFF, 0xFFFFFF},
    {0xFFFFFF, 0xFFFFFF, 0xFFFFFE, 0xFFFFFF, 0xFFFFFF, 0xFFE6BD, 0xFFC663, 0xFFB436, 0xFFB732, 0xFFB933, 0xFFB933, 0xFFB732, 0xFFB73B, 0xFFCC6F, 0xFFECCB, 0xFFFFFF, 0xFFFEFD, 0xFFFFFF, 0xFFFFFF, 0xFFFFFF},
    {0xFFFFFF, 0xFFFFFF, 0xFFFFFF, 0xFFFEFE, 0xFFFEFD, 0xFFFFFF, 0xFFFFFF, 0xFFF7E8, 0xFFEDCB, 0xFFE6BD, 0xFFE7BE, 0xFFEDCE, 0xFFF8EC, 0xFFFFFF, 0xFFFFFF, 0xFFFFFD, 0xFFFFFF, 0xFFFFFF, 0xFFFFFF, 0xFFFFFF},
    {0xFFFFFF, 0xFFFFFF, 0xFFFFFF, 0xFFFFFF, 0xFFFFFF, 0xFFFEFD, 0xFFFFFE, 0xFFFFFF, 0xFFFFFF, 0xFFFFFF, 0xFFFFFF, 0xFFFFFF, 0xFFFFFF, 0xFFFEFD, 0xFFFEFD, 0xFFFFFF, 0xFFFFFF, 0xFFFFFF, 0xFFFFFF, 0xFFFFFF},
};

/* === U+1F602  face with tears of joy === */
static const unsigned int face_with_tears_of_joy_bw[EMOJI_ROWS] = {
    0x00000, 0x00000, 0x00000, 0x00000, 0x00000, 0x030C0, 0x079E0, 0x04920, 0x08010, 0x1C038, 0x3C03C, 0x3FFFC, 0x37FEC, 0x03FC0, 0x01F80, 0x00000, 0x00000, 0x00000, 0x00000, 0x00000
};
static const unsigned int face_with_tears_of_joy_color[EMOJI_ROWS][EMOJI_COLS] = {
    {0xFFFFFF, 0xFFFFFF, 0xFFFFFF, 0xFFFFFF, 0xFFFFFF, 0xFFFFFF, 0xFFFFFE, 0xFFFEFC, 0xFFFDFB, 0xFFFFFD, 0xFFFFFD, 0xFFFEFC, 0xFFFEFC, 0xFFFEFD, 0xFFFFFF, 0xFFFFFF, 0xFFFFFF, 0xFFFFFF, 0xFFFFFF, 0xFFFFFF},
    {0xFFFFFF, 0xFFFFFF, 0xFFFFFF, 0xFFFFFF, 0xFFFFFE, 0xFFFFFD, 0xFFFFFF, 0xFFFFFF, 0xFFFFFF, 0xFFFFFF, 0xFFFFFF, 0xFFFFFF, 0xFFFFFF, 0xFFFFFF, 0xFFFEFC, 0xFFFEFE, 0xFFFFFF, 0xFFFFFF, 0xFFFFFF, 0xFFFFFF},
    {0xFFFFFF, 0xFFFFFF, 0xFFFFFF, 0xFFFFFE, 0xFFFFFF, 0xFFFFFF, 0xFFF3DF, 0xFFDFA3, 0xFFCF79, 0xFFC566, 0xFFC768, 0xFFD17D, 0xFFE1AA, 0xFFF6E7, 0xFFFFFF, 0xFFFFFF, 0xFFFEFE, 0xFFFFFF, 0xFFFFFF, 0xFFFFFF},
    {0xFFFFFF, 0xFFFFFF, 0xFFFFFE, 0xFFFFFF, 0xFFFBF6, 0xFFD384, 0xFBB434, 0xFFBB31, 0xFFBB30, 0xFFB930, 0xFFB930, 0xFFBB31, 0xFFBA31, 0xFBB83B, 0xFED895, 0xFFFFFE, 0xFFFFFE, 0xFFFFFE, 0xFFFFFF, 0xFFFFFF},
    {0xFFFFFF, 0xFFFFFE, 0xFFFEFD, 0xFFFCF6, 0xFFC460, 0xFFC132, 0xFFBA2E, 0xFFB930, 0xFFB130, 0xFFB130, 0xFFB130, 0xFFB130, 0xFFBA30, 0xFFBA2D, 0xFFC132, 0xFFC974, 0xFFFFFE, 0xFFFEFD, 0xFFFEFE, 0xFFFFFF},
    {0xFFFFFF, 0xFFFEFD, 0xFFFFFF, 0xFFCD81, 0xFFC332, 0xF7AC32, 0xA97430, 0xBA7F2F, 0xFFB32E, 0xFFB02E, 0xFFB22E, 0xFCAF2E, 0xB07930, 0xB17A30, 0xFDB132, 0xFFC232, 0xFED99C, 0xFFFFFF, 0xFFFEFD, 0xFFFFFF},
    {0xFFFFFE, 0xFFFFFF, 0xFFF2DE, 0xFDB432, 0xF7B132, 0x604133, 0x583B31, 0x483032, 0x895E30, 0xFFB72E, 0xFEB32E, 0x724D31, 0x513632, 0x4F3531, 0x755033, 0xFAB833, 0xFCB33C, 0xFFF9EF, 0xFFFFFF, 0xFFFEFD},
    {0xFFFEFC, 0xFFFFFF, 0xFDD79A, 0xFFBF30, 0xFFAD23, 0x84582B, 0xFFB230, 0xDC972F, 0x885D31, 0xFFB52F, 0xFCAE2F, 0x805732, 0xF2A72F, 0xEEA430, 0x875A2B, 0xFFB622, 0xFFBD30, 0xFDE2B5, 0xFFFFFF, 0xFFFEFC},
    {0xFFFEFC, 0xFEFEFF, 0xFFC868, 0xFFB833, 0xB08F81, 0xEBA94D, 0xFEAF23, 0xFFAF2A, 0xFFB429, 0xFFAD29, 0xFFAD29, 0xFFB429, 0xFFAE2A, 0xFFB123, 0xECA94C, 0xAE9083, 0xFFBB35, 0xFFD381, 0xFEFEFF, 0xFFFEFC},
    {0xFFFEFF, 0xFFFFFF, 0xFFC059, 0x837EC2, 0x2353FF, 0x6676D7, 0xFFBF3B, 0xFFBB43, 0xFFBB42, 0xFFBC42, 0xFFBC42, 0xFFBB42, 0xFFBB43, 0xFFBF3A, 0x6878D6, 0x2354FF, 0x8781C4, 0xFFCC78, 0xFFFFFF, 0xFFFEFD},
    {0xFEFEFF, 0xFBF9FF, 0x7883DE, 0x3B60FF, 0x3356FF, 0x8B74DF, 0xF3CDD8, 0xF0CDD9, 0xF1CED9, 0xF2CED9, 0xF2CED9, 0xF1CED9, 0xF0CDD9, 0xF3CCD7, 0x8A6DD9, 0x3558FF, 0x3D61FF, 0x7787EC, 0xF7F9FF, 0xFDFDFF},
    {0xFFFFFF, 0xC0CAFE, 0x3E66FF, 0x315AFF, 0x9687A0, 0xD13A67, 0xB71686, 0xBB1E82, 0xBA1C82, 0xBA1C82, 0xBA1C82, 0xBA1C82, 0xBB1E81, 0xB61387, 0xD8495D, 0x9A8C9C, 0x3058FF, 0x4269FF, 0xBEC9FE, 0xFFFFFF},
    {0xFEFEFE, 0xEEF0FE, 0x7B8CEB, 0xA18A99, 0xFFBF1F, 0xE37250, 0xB40F87, 0xBD217D, 0xBC1E7E, 0xBB1D7F, 0xBB1E7F, 0xBC1F7E, 0xBC1F7E, 0xB61286, 0xEB8646, 0xFFBB1E, 0xA38A98, 0x7A8FF4, 0xEDEFFE, 0xFFFFFF},
    {0xFFFEFD, 0xFFFFFF, 0xFFF7D7, 0xFFB926, 0xFDB130, 0xFDB22E, 0xCF4868, 0xB40E89, 0xB91883, 0xBA1B82, 0xBA1B82, 0xB81884, 0xB40F88, 0xD6585F, 0xFFB52C, 0xFFB331, 0xFFB92E, 0xFFFFEF, 0xFFFFFF, 0xFFFEFD},
    {0xFFFFFF, 0xFEFDFD, 0xFFFFFF, 0xFCCC81, 0xFFBE32, 0xFFB331, 0xFDB02E, 0xDE6A55, 0xC63572, 0xC0287A, 0xC02979, 0xC83970, 0xE3744F, 0xFFB42D, 0xFFB232, 0xFFC033, 0xFDD79C, 0xFFFFFF, 0xFFFEFD, 0xFFFFFF},
    {0xFFFFFF, 0xFFFFFE, 0xFFFEFD, 0xFFFBF5, 0xFFC35C, 0xFFBE32, 0xFFAF2E, 0xFFBA2B, 0xFFB22F, 0xFAA735, 0xFAA734, 0xFFB42E, 0xFFB92B, 0xFFAF2E, 0xFFC033, 0xFFCA70, 0xFFFEFD, 0xFEFEFD, 0xFFFFFE, 0xFFFFFF},
    {0xFFFFFF, 0xFFFFFF, 0xFFFFFE, 0xFFFFFF, 0xFFFBF5, 0xFFD180, 0xFFB632, 0xFFBA33, 0xFFBA31, 0xFFBB2E, 0xFFBB2F, 0xFFBA31, 0xFFBB33, 0xFFB838, 0xFFD691, 0xFFFEFC, 0xFFFEFE, 0xFFFFFE, 0xFFFFFF, 0xFFFFFF},
    {0xFFFFFF, 0xFFFFFF, 0xFFFFFF, 0xFFFFFE, 0xFFFFFF, 0xFFFFFF, 0xFFF2DC, 0xFFDC9E, 0xFFCC75, 0xFFC465, 0xFFC565, 0xFFCF79, 0xFFDFA5, 0xFFF4E4, 0xFFFFFF, 0xFFFFFF, 0xFFFFFE, 0xFFFFFF, 0xFFFFFF, 0xFFFFFF},
    {0xFFFFFF, 0xFFFFFF, 0xFFFFFF, 0xFFFFFF, 0xFFFFFE, 0xFFFFFD, 0xFFFFFF, 0xFFFFFF, 0xFFFFFF, 0xFFFFFF, 0xFFFFFF, 0xFFFFFF, 0xFFFFFF, 0xFFFFFF, 0xFFFEFC, 0xFFFEFE, 0xFFFFFF, 0xFFFFFF, 0xFFFFFF, 0xFFFFFF},
    {0xFFFFFF, 0xFFFFFF, 0xFFFFFF, 0xFFFFFF, 0xFFFFFF, 0xFFFFFF, 0xFFFFFE, 0xFFFEFC, 0xFFFEFC, 0xFFFEFD, 0xFFFEFD, 0xFFFDFB, 0xFFFEFC, 0xFFFEFD, 0xFFFFFF, 0xFFFFFF, 0xFFFFFF, 0xFFFFFF, 0xFFFFFF, 0xFFFFFF},
};

/* === U+1F642  slightly smiling face === */
static const unsigned int slightly_smiling_face_bw[EMOJI_ROWS] = {
    0x00000, 0x00000, 0x00000, 0x00000, 0x00000, 0x00000, 0x00000, 0x030C0, 0x030C0, 0x00000, 0x00000, 0x030C0, 0x03F80, 0x00F00, 0x00000, 0x00000, 0x00000, 0x00000, 0x00000, 0x00000
};
static const unsigned int slightly_smiling_face_color[EMOJI_ROWS][EMOJI_COLS] = {
    {0xFFFFFF, 0xFFFFFF, 0xFFFFFF, 0xFFFFFF, 0xFFFFFF, 0xFFFEFD, 0xFFFEFD, 0xFFFFFF, 0xFFFFFF, 0xFFFFFF, 0xFFFFFF, 0xFFFFFF, 0xFFFFFF, 0xFFFFFD, 0xFFFEFD, 0xFFFFFF, 0xFFFFFF, 0xFFFFFF, 0xFFFFFF, 0xFFFFFF},
    {0xFFFFFF, 0xFFFFFF, 0xFFFFFF, 0xFFFEFE, 0xFFFEFD, 0xFFFFFF, 0xFFFFFF, 0xFFF7EA, 0xFFEECF, 0xFFE7BF, 0xFFE7C0, 0xFFEFD2, 0xFFF9EF, 0xFFFFFF, 0xFFFFFF, 0xFFFEFC, 0xFFFFFF, 0xFFFFFF, 0xFFFFFF, 0xFFFFFF},
    {0xFFFFFF, 0xFFFFFF, 0xFFFEFE, 0xFFFFFF, 0xFFFFFF, 0xFFE8C2, 0xFFC968, 0xFFB738, 0xFFB831, 0xFFBB31, 0xFFBB31, 0xFFB731, 0xFFB73B, 0xFFCC73, 0xFFECCE, 0xFFFFFF, 0xFFFEFD, 0xFFFFFF, 0xFFFFFF, 0xFFFFFF},
    {0xFFFFFF, 0xFFFFFE, 0xFFFFFD, 0xFFFEFD, 0xFFD182, 0xFFBD34, 0xFFB930, 0xFFB230, 0xFFB131, 0xFFB12F, 0xFFB12F, 0xFFAF30, 0xFFB230, 0xFFBA30, 0xFFBA34, 0xFFD897, 0xFFFFFF, 0xFFFEFD, 0xFFFFFF, 0xFFFFFF},
    {0xFFFFFF, 0xFFFFFD, 0xFFFFFF, 0xFFCD81, 0xFFC030, 0xFFAD25, 0xFBAD2C, 0xFCA922, 0xFFAE29, 0xFFB02F, 0xFFB12F, 0xFEAD26, 0xFBA923, 0xFBAC2B, 0xFFAC23, 0xFFC132, 0xFFD99B, 0xFFFFFF, 0xFFFEFD, 0xFFFFFF},
    {0xFFFEFC, 0xFFFFFF, 0xFFE7C1, 0xFFBC30, 0xFDB335, 0xFFDDA6, 0xFFFFE6, 0xFFF1C5, 0xFFB844, 0xFFAE2A, 0xFFAD27, 0xFFC055, 0xFFF7D1, 0xFFFCE2, 0xFFD594, 0xFFB12D, 0xFFB631, 0xFFF0D9, 0xFFFFFF, 0xFFFEFD},
    {0xFFFEFD, 0xFFFFFF, 0xFFC361, 0xFFB324, 0xFFDFAC, 0xFDFFFF, 0xADA5AB, 0xB5B3C0, 0xFEF2D9, 0xFEAD28, 0xFEB53B, 0xFBF5ED, 0xA9A4B0, 0xBAB4BA, 0xFFFFFF, 0xFDD48F, 0xFFB723, 0xFFCE7D, 0xFFFFFF, 0xFFFEFD},
    {0xFFFFFF, 0xFFF6E6, 0xFFB232, 0xFDAF2D, 0xFFFFEE, 0xD8D4D8, 0x250B11, 0x30171F, 0xE6E4E7, 0xFFBB44, 0xFFCE6D, 0xD0CFD9, 0x20050B, 0x361D22, 0xEBECF0, 0xFFF2D5, 0xFFAF24, 0xFFB743, 0xFFFCF7, 0xFFFFFF},
    {0xFFFFFF, 0xFFE8C3, 0xFFBB33, 0xFDAD26, 0xFEECC9, 0xF4F7FE, 0x7E6E70, 0x887E89, 0xF9F5EC, 0xFEB02F, 0xFEBE4F, 0xF1F2F7, 0x796A72, 0x8E7F82, 0xFAFEFF, 0xFEE1B0, 0xFFAA21, 0xFFB533, 0xFFF2DB, 0xFFFFFF},
    {0xFFFFFF, 0xFFE1AF, 0xFFBE33, 0xFFAE2A, 0xFFBA4A, 0xFFF2D9, 0xFFFFFF, 0xFFFEF1, 0xFFC86B, 0xFFAD26, 0xFFAC26, 0xFFD68E, 0xFFFFFF, 0xFFFFFF, 0xFFEFD3, 0xFFB640, 0xFFAF2B, 0xFFB933, 0xFFECCC, 0xFFFFFF},
    {0xFFFFFF, 0xFFE1AF, 0xFFBD32, 0xFFB132, 0xFFAE27, 0xFFB030, 0xFFBF4C, 0xFFBA37, 0xFFAD24, 0xFCAF30, 0xFCAE2E, 0xFFAD23, 0xFFC044, 0xFFC153, 0xFFB02F, 0xFFAE28, 0xFFB131, 0xFFB931, 0xFFEBCC, 0xFFFFFF},
    {0xFFFFFF, 0xFFE9C3, 0xFFBB32, 0xFFB12F, 0xFDAF30, 0xFFB82D, 0xA26B29, 0x93632D, 0xFFB730, 0xFFBA2D, 0xFFBB2E, 0xFAB230, 0x82562B, 0xB77A27, 0xFFB82E, 0xFCAF30, 0xFFAF2E, 0xFFB430, 0xFFF1DA, 0xFFFFFF},
    {0xFFFFFF, 0xFFF5E5, 0xFFB332, 0xFFB02E, 0xFDAE2E, 0xFEB52F, 0xC98C31, 0x432C33, 0x513631, 0x795331, 0x765131, 0x493032, 0x4E3533, 0xDA9931, 0xFEB42E, 0xFCAE2F, 0xFFB32E, 0xFFB640, 0xFFFCF6, 0xFFFFFF},
    {0xFFFEFD, 0xFFFFFF, 0xFFC05D, 0xFFB831, 0xFFB130, 0xFEAF2E, 0xFFB72E, 0xF4AA2E, 0xAB7630, 0x865B30, 0x885D30, 0xB57C2F, 0xFCAF2E, 0xFFB62E, 0xFFAF2E, 0xFFB030, 0xFFBB30, 0xFFCC78, 0xFFFFFF, 0xFFFEFD},
    {0xFFFEFC, 0xFFFFFF, 0xFFE6BE, 0xFFBD32, 0xFFB131, 0xFFB02E, 0xFDAF2E, 0xFFB22E, 0xFFBA2E, 0xFFBC2E, 0xFFBC2E, 0xFFBA2E, 0xFFB12E, 0xFEAF2E, 0xFFAF2F, 0xFFB230, 0xFFB731, 0xFFF0D7, 0xFFFFFF, 0xFFFEFD},
    {0xFFFFFF, 0xFFFFFD, 0xFFFFFF, 0xFFCD7C, 0xFFC132, 0xFFB131, 0xFFB130, 0xFDAF2F, 0xFCAE2E, 0xFCAE2E, 0xFCAE2E, 0xFCAE2E, 0xFFAF2F, 0xFFB02F, 0xFFB130, 0xFFC133, 0xFFD898, 0xFFFFFF, 0xFFFEFD, 0xFFFFFF},
    {0xFFFFFF, 0xFFFFFE, 0xFFFEFD, 0xFFFEFC, 0xFFD07F, 0xFFBC32, 0xFFB830, 0xFFB12E, 0xFFB02F, 0xFFB12F, 0xFFB12F, 0xFFB02F, 0xFFB12E, 0xFFB930, 0xFFBA32, 0xFFD692, 0xFFFFFF, 0xFFFEFC, 0xFFFFFF, 0xFFFFFF},
    {0xFFFFFF, 0xFFFFFF, 0xFFFFFE, 0xFFFFFF, 0xFFFFFF, 0xFFE7BE, 0xFFC663, 0xFFB436, 0xFFB931, 0xFFBC32, 0xFFBC32, 0xFFB831, 0xFFB83B, 0xFFCC6F, 0xFFECCB, 0xFFFFFF, 0xFFFEFD, 0xFFFFFF, 0xFFFFFF, 0xFFFFFF},
    {0xFFFFFF, 0xFFFFFF, 0xFFFFFF, 0xFFFEFE, 0xFFFEFD, 0xFFFFFF, 0xFFFFFF, 0xFFF7E8, 0xFFEDCB, 0xFFE6BD, 0xFFE7BE, 0xFFEDCE, 0xFFF8EC, 0xFFFFFF, 0xFFFFFF, 0xFFFFFD, 0xFFFFFF, 0xFFFFFF, 0xFFFFFF, 0xFFFFFF},
    {0xFFFFFF, 0xFFFFFF, 0xFFFFFF, 0xFFFFFF, 0xFFFFFF, 0xFFFEFD, 0xFFFFFE, 0xFFFFFF, 0xFFFFFF, 0xFFFFFF, 0xFFFFFF, 0xFFFFFF, 0xFFFFFF, 0xFFFEFD, 0xFFFEFD, 0xFFFFFF, 0xFFFFFF, 0xFFFFFF, 0xFFFFFF, 0xFFFFFF},
};

/* === U+1F609  winking face === */
static const unsigned int winking_face_bw[EMOJI_ROWS] = {
    0x00000, 0x00000, 0x00000, 0x00000, 0x06000, 0x0C060, 0x08030, 0x000D0, 0x031E0, 0x031B0, 0x00000, 0x00000, 0x00000, 0x030C0, 0x01F80, 0x00600, 0x00000, 0x00000, 0x00000, 0x00000
};
static const unsigned int winking_face_color[EMOJI_ROWS][EMOJI_COLS] = {
    {0xFFFFFF, 0xFFFFFF, 0xFFFFFF, 0xFFFFFF, 0xFFFFFF, 0xFFFEFD, 0xFFFFFE, 0xFFFFFF, 0xFFFFFF, 0xFFFFFF, 0xFFFFFF, 0xFFFFFF, 0xFFFFFF, 0xFFFFFD, 0xFFFEFD, 0xFFFFFF, 0xFFFFFF, 0xFFFFFF, 0xFFFFFF, 0xFFFFFF},
    {0xFFFFFF, 0xFFFFFF, 0xFFFFFF, 0xFFFEFE, 0xFFFEFD, 0xFFFFFF, 0xFFFFFF, 0xFFF7EA, 0xFFEECF, 0xFFE7BF, 0xFFE7C0, 0xFFEFD2, 0xFFF9EF, 0xFFFFFF, 0xFFFFFF, 0xFFFEFC, 0xFFFFFF, 0xFFFFFF, 0xFFFFFF, 0xFFFFFF},
    {0xFFFFFF, 0xFFFFFF, 0xFFFEFE, 0xFFFFFF, 0xFFFFFF, 0xFFE8C2, 0xFFCC68, 0xFFB738, 0xFFB831, 0xFFBB31, 0xFFBB31, 0xFFB731, 0xFFB63B, 0xFFCC73, 0xFFECCE, 0xFFFFFF, 0xFFFEFD, 0xFFFFFF, 0xFFFFFF, 0xFFFFFF},
    {0xFFFFFF, 0xFFFFFE, 0xFFFFFD, 0xFEFDFD, 0xFFD582, 0xFFC032, 0xFBAD30, 0xFFB12E, 0xFFB12F, 0xFFB12F, 0xFFB12F, 0xFFAF2E, 0xFFB22E, 0xFFB930, 0xFFB731, 0xFFD796, 0xFFFFFF, 0xFFFEFD, 0xFFFFFF, 0xFFFFFF},
    {0xFFFFFF, 0xFFFFFD, 0xFFFFFF, 0xFFD280, 0xFAB633, 0x8A6037, 0xA07235, 0xFCB032, 0xFEB02F, 0xFFB02E, 0xFFB02E, 0xFFB02E, 0xFFAF2F, 0xFFB32F, 0xFFBA2F, 0xFFC133, 0xFFD89B, 0xFFFFFF, 0xFFFEFD, 0xFFFFFF},
    {0xFFFEFC, 0xFFFFFF, 0xFFE8C0, 0xFFBC32, 0x835A35, 0xD28E24, 0xFFB01D, 0xFDA91F, 0xFFB02D, 0xFFB02F, 0xFEAF2E, 0xFFB22E, 0xF3A92E, 0x926430, 0xAB7630, 0xFFB530, 0xFFB731, 0xFEF0D8, 0xFFFFFF, 0xFFFEFD},
    {0xFFFEFD, 0xFFFFFF, 0xFFC55F, 0xFAB031, 0xD69129, 0xFFCE69, 0xFFE0A6, 0xFFD689, 0xFFB030, 0xFFAF2B, 0xFFB02F, 0xFEAF2E, 0xFFB72E, 0xFFB62E, 0xAA7530, 0x996832, 0xFFC230, 0xFCCB79, 0xFFFFFF, 0xFFFEFD},
    {0xFFFFFF, 0xFFF6E6, 0xFFB335, 0xFFAD22, 0xFFD789, 0xFFFFFF, 0xE0E0E8, 0xE5E7F0, 0xFFECC8, 0xFEAE2A, 0xFFB02E, 0xFFB52E, 0xCC8C2F, 0xB67D2F, 0xFFB12E, 0xBD8430, 0xFDAF2E, 0xFFB742, 0xFFFCF7, 0xFFFFFF},
    {0xFFFFFF, 0xFFE8C3, 0xFFBA2F, 0xFCB236, 0xFDFCF4, 0xE0DCDE, 0x3B2225, 0x473034, 0xECEFF9, 0xFEC86A, 0xFFB221, 0x9D6D32, 0x3E2932, 0x4D3331, 0x593C31, 0xFAAF2E, 0xFFB22E, 0xFFB330, 0xFFF2DB, 0xFFFFFF},
    {0xFFFFFF, 0xFFE1B0, 0xFFBB2E, 0xFDB43E, 0xFFFFFE, 0xE6E8F3, 0x4B3C4C, 0x584752, 0xEFF2FA, 0xFECC73, 0xFFAD20, 0x6B4934, 0xCD8D2F, 0xFFBB2E, 0x6B4831, 0xC98A2F, 0xFFB82F, 0xFFB732, 0xFFECCC, 0xFFFFFF},
    {0xFFFFFF, 0xFFE1AF, 0xFFBD33, 0xFFAE2A, 0xFFDA9F, 0xFFE9BD, 0xF0CC95, 0xF3E1C5, 0xFFF6E2, 0xFEB337, 0xFFAF2C, 0xFCAE2F, 0xFFB22E, 0xFFB12E, 0xFFB02E, 0xFDAF2E, 0xFFB02F, 0xFFB932, 0xFFEBCC, 0xFFFFFF},
    {0xFFFFFF, 0xFFE9C3, 0xFFBB32, 0xFFB12F, 0xFFAD26, 0xFEAB22, 0xFFAF22, 0xFFB22E, 0xFDB33B, 0xFFAF2A, 0xFFB02F, 0xFFAF2E, 0xFEB02E, 0xFFB02E, 0xFFB02E, 0xFFB02E, 0xFFAF2F, 0xFFB430, 0xFFF1DA, 0xFFFFFF},
    {0xFFFFFF, 0xFFF5E5, 0xFFB332, 0xFFB02E, 0xFEB030, 0xFFB231, 0xF9AD31, 0xFFB32D, 0xFFB42B, 0xFEB02F, 0xFFB02E, 0xFFB62E, 0xFFB22E, 0xFBAD2E, 0xFEB02E, 0xFDAF2F, 0xFFB32E, 0xFFB640, 0xFFFCF6, 0xFFFFFF},
    {0xFFFEFD, 0xFFFFFF, 0xFFC05D, 0xFFB831, 0xFBAF30, 0xFFBA2E, 0x936430, 0x684631, 0xE7A42F, 0xFFB42E, 0xFFB42E, 0xDD9C2F, 0x593B31, 0xAE7630, 0xFFBA2E, 0xFBAE30, 0xFFBB30, 0xFFCC78, 0xFFFFFF, 0xFFFEFD},
    {0xFFFEFC, 0xFFFFFF, 0xFFE6BE, 0xFFBD32, 0xFCB031, 0xFEB32E, 0xE29E2F, 0x644431, 0x402932, 0x573B31, 0x553A32, 0x3E2832, 0x745031, 0xEDA72E, 0xFDB12F, 0xFDB130, 0xFFB731, 0xFFF0D7, 0xFFFFFF, 0xFFFEFD},
    {0xFFFFFF, 0xFFFFFD, 0xFFFFFF, 0xFFCD7C, 0xFFC132, 0xFFB131, 0xFFB62F, 0xFFB52F, 0xD5932F, 0xB27A30, 0xB47B2F, 0xDD992F, 0xFFB72F, 0xFFB42F, 0xFFB030, 0xFFC133, 0xFFD898, 0xFFFFFF, 0xFFFEFD, 0xFFFFFF},
    {0xFFFFFF, 0xFFFFFE, 0xFFFEFD, 0xFFFDFC, 0xFFD07E, 0xFFBD32, 0xFFB730, 0xFFB02E, 0xFFB72F, 0xFFBB2F, 0xFFBB2F, 0xFFB62F, 0xFFB02E, 0xFFB930, 0xFFBA32, 0xFFD692, 0xFFFFFF, 0xFFFEFC, 0xFFFFFF, 0xFFFFFF},
    {0xFFFFFF, 0xFFFFFF, 0xFFFFFE, 0xFFFFFF, 0xFFFFFF, 0xFFE6BD, 0xFFC663, 0xFFB536, 0xFFB831, 0xFFBA32, 0xFFBA32, 0xFFB731, 0xFFB83B, 0xFFCC6F, 0xFFECCB, 0xFFFFFF, 0xFFFEFD, 0xFFFFFF, 0xFFFFFF, 0xFFFFFF},
    {0xFFFFFF, 0xFFFFFF, 0xFFFFFF, 0xFFFEFE, 0xFFFEFD, 0xFFFFFF, 0xFFFFFF, 0xFFF7E8, 0xFFEDCB, 0xFFE6BD, 0xFFE7BE, 0xFFEDCE, 0xFFF8EC, 0xFFFFFF, 0xFFFFFF, 0xFFFFFD, 0xFFFFFF, 0xFFFFFF, 0xFFFFFF, 0xFFFFFF},
    {0xFFFFFF, 0xFFFFFF, 0xFFFFFF, 0xFFFFFF, 0xFFFFFF, 0xFFFEFD, 0xFFFFFE, 0xFFFFFF, 0xFFFFFF, 0xFFFFFF, 0xFFFFFF, 0xFFFFFF, 0xFFFFFF, 0xFFFEFD, 0xFFFEFD, 0xFFFFFF, 0xFFFFFF, 0xFFFFFF, 0xFFFFFF, 0xFFFFFF},
};

/* === U+1F60A  smiling face with smiling eyes === */
static const unsigned int smiling_face_with_smiling_eyes_bw[EMOJI_ROWS] = {
    0x00000, 0x00000, 0x00000, 0x00000, 0x00000, 0x00000, 0x079E0, 0x0D9B0, 0x00020, 0x0E070, 0x0E070, 0x06040, 0x03FC0, 0x01F80, 0x00000, 0x00000, 0x00000, 0x00000, 0x00000, 0x00000
};
static const unsigned int smiling_face_with_smiling_eyes_color[EMOJI_ROWS][EMOJI_COLS] = {
    {0xFFFFFF, 0xFFFFFF, 0xFFFFFF, 0xFFFFFF, 0xFFFFFF, 0xFFFEFD, 0xFFFFFE, 0xFFFFFF, 0xFFFFFF, 0xFFFFFF, 0xFFFFFF, 0xFFFFFF, 0xFFFFFF, 0xFFFFFD, 0xFFFEFD, 0xFFFFFF, 0xFFFFFF, 0xFFFFFF, 0xFFFFFF, 0xFFFFFF},
    {0xFFFFFF, 0xFFFFFF, 0xFFFFFF, 0xFFFEFE, 0xFFFEFD, 0xFFFFFF, 0xFFFFFF, 0xFFF7EA, 0xFFEECF, 0xFFE7BF, 0xFFE7C0, 0xFFEFD2, 0xFFF9EF, 0xFFFFFF, 0xFFFFFF, 0xFFFEFC, 0xFFFFFF, 0xFFFFFF, 0xFFFFFF, 0xFFFFFF},
    {0xFFFFFF, 0xFFFFFF, 0xFFFEFE, 0xFFFFFF, 0xFFFFFF, 0xFFE9C2, 0xFFC968, 0xFFB738, 0xFFB831, 0xFFBB31, 0xFFBB31, 0xFFB731, 0xFFB63B, 0xFFCC73, 0xFFECCE, 0xFFFFFF, 0xFFFEFD, 0xFFFFFF, 0xFFFFFF, 0xFFFFFF},
    {0xFFFFFF, 0xFFFFFE, 0xFFFFFD, 0xFFFFFD, 0xFFD182, 0xFFBC32, 0xFFB730, 0xFFB02E, 0xFFB02F, 0xFFB12F, 0xFFB12F, 0xFFAF2E, 0xFFB12E, 0xFFB930, 0xFFB831, 0xFFD896, 0xFFFFFF, 0xFFFEFD, 0xFFFFFF, 0xFFFFFF},
    {0xFFFFFF, 0xFFFFFD, 0xFFFFFF, 0xFFCF80, 0xFFC032, 0xFFB131, 0xFFB62F, 0xFFB12F, 0xFDAF2E, 0xFFB02E, 0xFFB02E, 0xFDAF2E, 0xFFB22F, 0xFFB52F, 0xFDB02F, 0xFFC033, 0xFFD99B, 0xFFFFFF, 0xFFFEFD, 0xFFFFFF},
    {0xFFFEFC, 0xFFFFFF, 0xFFE7C0, 0xFFBC32, 0xFFB431, 0xFFB22E, 0xE19B2E, 0xF7AB2E, 0xFFB52E, 0xFFAF2E, 0xFFAF2E, 0xFFB62E, 0xF2A72E, 0xE49D2E, 0xFFB32F, 0xFFB430, 0xFFB631, 0xFFF0D8, 0xFFFFFF, 0xFFFEFD},
    {0xFFFEFD, 0xFFFFFF, 0xFDC25D, 0xFFB931, 0xF3AB30, 0x6E4931, 0x3E2732, 0x4E3431, 0xD3922F, 0xFEB42E, 0xFFB52E, 0xC0852F, 0x462E32, 0x3D2732, 0x805630, 0xFCB030, 0xFFBC31, 0xFECC79, 0xFFFFFF, 0xFFFEFD},
    {0xFFFFFF, 0xFFF6E6, 0xFDB133, 0xFFBA2D, 0xB07A30, 0x453132, 0xE3A82E, 0x795231, 0x6D4931, 0xFFB92E, 0xFFB32E, 0x553831, 0x966630, 0xDE9F2F, 0x3B2933, 0xCB8D30, 0xFFBB2E, 0xFCB642, 0xFFFCF7, 0xFFFFFF},
    {0xFFFFFF, 0xFFE8C3, 0xFFBA32, 0xFFB62F, 0xEE9B2D, 0xE6912C, 0xFFBC2E, 0xF5A92E, 0xE19B2F, 0xFFB22E, 0xFFB12E, 0xDE992F, 0xFCAF2E, 0xFFB92E, 0xE18C2C, 0xF3A12D, 0xFFB42F, 0xFFB330, 0xFFF2DB, 0xFFFFFF},
    {0xFFFFFF, 0xFFE0AF, 0xFFC132, 0xFF922B, 0xFF6822, 0xFF6823, 0xFB7926, 0xFFB22E, 0xFFB52E, 0xFFB02E, 0xFFB02E, 0xFFB62E, 0xFEAD2E, 0xFB7225, 0xFF6A23, 0xFF6A23, 0xFF9A2C, 0xFFBD32, 0xFFEBCC, 0xFFFFFF},
    {0xFFFFFF, 0xFFE0AF, 0xFFC132, 0xFF922B, 0xFE6422, 0xFF6523, 0xFF8426, 0xFFB32E, 0xFBAC2E, 0xFCAE2E, 0xFCAE2E, 0xFBAD2E, 0xFFB12E, 0xFF7C25, 0xFF6423, 0xFE6623, 0xFF9A2C, 0xFFBD32, 0xFFEACC, 0xFFFFFF},
    {0xFFFFFF, 0xFFE9C3, 0xFFBA32, 0xFDB330, 0xFFAB2C, 0xE18C2C, 0x724E31, 0xEDA52E, 0xFFBE2E, 0xFFB92E, 0xFFB92E, 0xFFBE2E, 0xDC992F, 0x724C31, 0xF1962C, 0xFFAB2D, 0xFFB22F, 0xFFB330, 0xFFF1DA, 0xFFFFFF},
    {0xFFFFFF, 0xFFF5E5, 0xFFB332, 0xFEAF2E, 0xFDB32E, 0xF3AE2F, 0x6B4831, 0x3F2932, 0x8F6330, 0xB77F2F, 0xB57E2F, 0x855C30, 0x392432, 0x805831, 0xFAB42F, 0xFDB12F, 0xFFB22E, 0xFFB640, 0xFFFCF6, 0xFFFFFF},
    {0xFFFEFD, 0xFFFFFF, 0xFFC05D, 0xFFB831, 0xFDB030, 0xFFB22E, 0xFFB52E, 0xB57D2F, 0x684631, 0x543831, 0x553931, 0x6F4B31, 0xC3872F, 0xFFB82E, 0xFFB12E, 0xFFAF30, 0xFFBB30, 0xFFCC78, 0xFFFFFF, 0xFFFEFD},
    {0xFFFEFC, 0xFFFFFF, 0xFFE6BE, 0xFFBD32, 0xFFB131, 0xFEAF2E, 0xFFB02E, 0xFFB92E, 0xFFB92E, 0xFFB22E, 0xFFB22E, 0xFFBA2E, 0xFFB82E, 0xFEAF2E, 0xFFAF2F, 0xFFB230, 0xFFB731, 0xFFF0D7, 0xFFFFFF, 0xFFFEFD},
    {0xFFFFFF, 0xFFFFFD, 0xFFFFFF, 0xFFCD7C, 0xFFC132, 0xFFB131, 0xFFB130, 0xFCAE2F, 0xFDAF2E, 0xFFB02E, 0xFFB02E, 0xFCAE2E, 0xFCAE2F, 0xFFB030, 0xFFB130, 0xFFC133, 0xFFD898, 0xFFFFFF, 0xFFFEFD, 0xFFFFFF},
    {0xFFFFFF, 0xFFFFFE, 0xFFFEFD, 0xFFFDFC, 0xFFD07E, 0xFFBD32, 0xFFB82F, 0xFFB12E, 0xFFB02F, 0xFDB02F, 0xFDB02F, 0xFFB02F, 0xFFB12E, 0xFFB930, 0xFFBA32, 0xFFD692, 0xFFFFFF, 0xFFFEFC, 0xFFFFFF, 0xFFFFFF},
    {0xFFFFFF, 0xFFFFFF, 0xFFFFFE, 0xFFFFFF, 0xFFFFFF, 0xFFE6BD, 0xFFC663, 0xFFB536, 0xFFB931, 0xFFBC32, 0xFFBC32, 0xFFB831, 0xFFB83B, 0xFFCC6F, 0xFFECCB, 0xFFFFFF, 0xFFFEFD, 0xFFFFFF, 0xFFFFFF, 0xFFFFFF},
    {0xFFFFFF, 0xFFFFFF, 0xFFFFFF, 0xFFFEFE, 0xFFFEFD, 0xFFFFFF, 0xFFFFFF, 0xFFF7E8, 0xFFEDCB, 0xFFE6BD, 0xFFE7BE, 0xFFEDCE, 0xFFF8EC, 0xFFFFFF, 0xFFFFFF, 0xFFFFFD, 0xFFFFFF, 0xFFFFFF, 0xFFFFFF, 0xFFFFFF},
    {0xFFFFFF, 0xFFFFFF, 0xFFFFFF, 0xFFFFFF, 0xFFFFFF, 0xFFFEFD, 0xFFFFFE, 0xFFFFFF, 0xFFFFFF, 0xFFFFFF, 0xFFFFFF, 0xFFFFFF, 0xFFFFFF, 0xFFFEFD, 0xFFFEFD, 0xFFFFFF, 0xFFFFFF, 0xFFFFFF, 0xFFFFFF, 0xFFFFFF},
};

/* === U+1F60D  smiling face with heart-shaped eyes === */
static const unsigned int smiling_face_with_heart_shaped_eyes_bw[EMOJI_ROWS] = {
    0x00000, 0x00000, 0x039C0, 0x3FBFC, 0x3FBFC, 0x3F9FC, 0x3F9F8, 0x1F0F0, 0x06060, 0x00000, 0x08010, 0x07FE0, 0x07FE0, 0x03FC0, 0x03F80, 0x00600, 0x00000, 0x00000, 0x00000, 0x00000
};
static const unsigned int smiling_face_with_heart_shaped_eyes_color[EMOJI_ROWS][EMOJI_COLS] = {
    {0xFFFFFF, 0xFFFFFF, 0xFFFDFE, 0xFFFBFE, 0xFFFBFD, 0xFFFDFE, 0xFFFFFF, 0xFFFFFF, 0xFFFFFF, 0xFFFFFF, 0xFFFFFF, 0xFFFFFF, 0xFFFFFF, 0xFFFFFF, 0xFFFCFE, 0xFFFBFD, 0xFFFBFE, 0xFFFDFE, 0xFFFFFF, 0xFFFFFF},
    {0xFFFFFF, 0xFFFEFF, 0xFFFFFF, 0xFFFFFF, 0xFFFFFF, 0xFFFFFF, 0xFDD3EA, 0xFFB7E2, 0xFFE4D4, 0xFFEBBD, 0xFFECBD, 0xFEDED8, 0xFEB5E1, 0xFEDEEE, 0xFFFFFF, 0xFFFFFF, 0xFFFFFF, 0xFFFFFF, 0xFFFEFE, 0xFFFFFF},
    {0xFFFEFF, 0xFFFFFF, 0xFDD4EA, 0xFE8BCD, 0xFDAED9, 0xFB8AC8, 0xFE0D94, 0xFF0798, 0xFF2883, 0xFFB535, 0xFFA53E, 0xFF1B8A, 0xFF0897, 0xFB1395, 0xFC9ED1, 0xFCA6D6, 0xFE90CE, 0xFEE3F1, 0xFFFFFF, 0xFFFEFF},
    {0xFFFEFE, 0xFEDBEE, 0xFA1594, 0xFF0A99, 0xFF0B95, 0xFF0B93, 0xF7098D, 0xF60F8C, 0xF50298, 0xFC8448, 0xFB6C57, 0xF50298, 0xF6108B, 0xF9098E, 0xFF0B93, 0xFF0B95, 0xFF0B9B, 0xF9269B, 0xFEECF6, 0xFFFEFE},
    {0xFFFFFF, 0xFB9DD1, 0xFF0D99, 0xF51290, 0xF60D8D, 0xF60C8E, 0xF60B8D, 0xF70C8C, 0xF60391, 0xFE933E, 0xFC7C4B, 0xF60094, 0xF70D8C, 0xF60B8D, 0xF60C8E, 0xF60D8D, 0xF5108E, 0xFF0D97, 0xFDC1E2, 0xFFFFFF},
    {0xFFFFFF, 0xFDD0E9, 0xFA0C99, 0xF80D8E, 0xF70C8C, 0xF70A8D, 0xF70C8C, 0xF70491, 0xF8237E, 0xFFB32C, 0xFEA534, 0xF81387, 0xF7078F, 0xF70B8D, 0xF70A8D, 0xF60D8B, 0xFA098F, 0xF9179C, 0xFFE7F4, 0xFFFFFF},
    {0xFFFEFF, 0xFFFFFF, 0xFB6E85, 0xFF0396, 0xF50791, 0xF70D8B, 0xF70D8B, 0xF60093, 0xFC7E4B, 0xFFB72A, 0xFFB929, 0xFB6957, 0xF60095, 0xF70F8A, 0xF70D8B, 0xF50592, 0xFF0C94, 0xFC8E95, 0xFFFFFF, 0xFFFCFD},
    {0xFFFFFF, 0xFFF4E5, 0xFFBD30, 0xFE7550, 0xF71984, 0xF60094, 0xF60098, 0xFB5861, 0xFFBA29, 0xFFAE30, 0xFFAF30, 0xFFB72B, 0xFA436D, 0xF60098, 0xF60193, 0xF62280, 0xFF8748, 0xFFC03D, 0xFFFAF7, 0xFFFFFF},
    {0xFFFFFF, 0xFFE8C3, 0xFFBA33, 0xFFBB2A, 0xFFAB31, 0xFC6A50, 0xFB6454, 0xFFB227, 0xFFAE29, 0xFFAD2A, 0xFFAD2A, 0xFFB028, 0xFFAC2B, 0xFB5B58, 0xFC744B, 0xFFB02E, 0xFFB82A, 0xFFB231, 0xFFF2DB, 0xFFFFFF},
    {0xFFFFFF, 0xFFE1AF, 0xFFBD32, 0xFFAE31, 0xFDAE2F, 0xFFC339, 0xFFC53A, 0xFFB941, 0xFFB941, 0xFFBA40, 0xFFBA40, 0xFFB941, 0xFFBA40, 0xFFC63A, 0xFFC038, 0xFDAD2F, 0xFFAF30, 0xFFB932, 0xFFECCD, 0xFFFFFF},
    {0xFFFFFF, 0xFFE1AF, 0xFFBB33, 0xFFBB2C, 0xE57548, 0xE29ECB, 0xF5D6E1, 0xF4D6DE, 0xF5D8DF, 0xF5D8DF, 0xF5D8DF, 0xF5D9DF, 0xF4D5DE, 0xF5D6E1, 0xDE8DBD, 0xEB813C, 0xFFBA2C, 0xFFB733, 0xFFEBCC, 0xFFFFFF},
    {0xFFFFFF, 0xFFE9C3, 0xFFB932, 0xFFB82D, 0xF08E40, 0xB81884, 0xBD2485, 0xBC2286, 0xBC2286, 0xBC2286, 0xBC2286, 0xBC2286, 0xBC2385, 0xBC2286, 0xBC1F7F, 0xF79E37, 0xFFB42D, 0xFFB331, 0xFFF1DA, 0xFFFFFF},
    {0xFFFFFF, 0xFFF5E5, 0xFFB332, 0xFFB02E, 0xFEB22D, 0xC73671, 0xB71582, 0xBC1E7D, 0xBB1B7E, 0xBB1B7E, 0xBB1B7E, 0xBB1B7E, 0xBC1F7C, 0xB61184, 0xD04967, 0xFFB72A, 0xFFB22F, 0xFFB640, 0xFFFCF6, 0xFFFFFF},
    {0xFFFEFD, 0xFFFFFF, 0xFFC05D, 0xFFB632, 0xFFB82C, 0xED8A43, 0xB81784, 0xB91884, 0xBC1F7F, 0xBC207F, 0xBC207F, 0xBC1F80, 0xB71585, 0xBD207F, 0xF49A3A, 0xFFB52D, 0xFFBA31, 0xFFCC78, 0xFFFFFF, 0xFFFEFD},
    {0xFFFEFC, 0xFFFFFF, 0xFFE6BE, 0xFFBD32, 0xFDB032, 0xFFB82A, 0xEB8645, 0xC32F76, 0xB81783, 0xB71485, 0xB71485, 0xB91883, 0xC73771, 0xF0933E, 0xFFB62B, 0xFDB031, 0xFFB731, 0xFFF0D7, 0xFFFFFF, 0xFFFEFD},
    {0xFFFFFF, 0xFFFFFD, 0xFFFFFF, 0xFFCD7C, 0xFFC132, 0xFFB032, 0xFFB92C, 0xFDAD30, 0xEE8B42, 0xE67A4C, 0xE77C4B, 0xF09040, 0xFFB12E, 0xFFB72D, 0xFFAF31, 0xFFC132, 0xFFD898, 0xFFFFFF, 0xFFFEFD, 0xFFFFFF},
    {0xFFFFFF, 0xFFFFFE, 0xFFFEFD, 0xFFFDFC, 0xFFD07E, 0xFFBD32, 0xFFB631, 0xFFB12D, 0xFFB82B, 0xFFBA2B, 0xFFBA2B, 0xFFB72C, 0xFFB12E, 0xFFB831, 0xFFBA31, 0xFFD692, 0xFFFFFF, 0xFFFEFC, 0xFFFFFF, 0xFFFFFF},
    {0xFFFFFF, 0xFFFFFF, 0xFFFFFE, 0xFFFFFF, 0xFFFFFF, 0xFFE6BD, 0xFFC663, 0xFFB436, 0xFFB732, 0xFFB933, 0xFFB933, 0xFFB732, 0xFFB73B, 0xFFCC6F, 0xFFECCB, 0xFFFFFF, 0xFFFEFD, 0xFFFFFF, 0xFFFFFF, 0xFFFFFF},
    {0xFFFFFF, 0xFFFFFF, 0xFFFFFF, 0xFFFEFE, 0xFFFEFD, 0xFFFFFF, 0xFFFFFF, 0xFFF7E8, 0xFFEDCB, 0xFFE6BD, 0xFFE7BE, 0xFFEDCE, 0xFFF8EC, 0xFFFFFF, 0xFFFFFF, 0xFFFFFD, 0xFFFFFF, 0xFFFFFF, 0xFFFFFF, 0xFFFFFF},
    {0xFFFFFF, 0xFFFFFF, 0xFFFFFF, 0xFFFFFF, 0xFFFFFF, 0xFFFEFD, 0xFFFFFE, 0xFFFFFF, 0xFFFFFF, 0xFFFFFF, 0xFFFFFF, 0xFFFFFF, 0xFFFFFF, 0xFFFEFD, 0xFFFEFD, 0xFFFFFF, 0xFFFFFF, 0xFFFFFF, 0xFFFFFF, 0xFFFFFF},
};

/* === U+1F60E  smiling face with sunglasses === */
static const unsigned int smiling_face_with_sunglasses_bw[EMOJI_ROWS] = {
    0x00000, 0x00000, 0x00000, 0x00000, 0x1F9FC, 0x3CFE4, 0x3EFF4, 0x3F9FC, 0x3F9FC, 0x1F0F8, 0x06060, 0x03080, 0x01F80, 0x00600, 0x00000, 0x00000, 0x00000, 0x00000, 0x00000, 0x00000
};
static const unsigned int smiling_face_with_sunglasses_color[EMOJI_ROWS][EMOJI_COLS] = {
    {0xFFFFFF, 0xFFFFFF, 0xFFFFFF, 0xFFFFFF, 0xFFFFFF, 0xFFFFFF, 0xFFFEFD, 0xFFFEFC, 0xFFFFFD, 0xFFFEFE, 0xFFFEFE, 0xFFFFFD, 0xFFFEFC, 0xFFFEFD, 0xFFFFFF, 0xFFFFFF, 0xFFFFFF, 0xFFFFFF, 0xFFFFFF, 0xFFFFFF},
    {0xFFFFFF, 0xFFFFFF, 0xFFFFFF, 0xFEFEFF, 0xFEFDFE, 0xFEFDFF, 0xFFFFFF, 0xFFFFFF, 0xFFFFFF, 0xFFFFFF, 0xFFFFFF, 0xFFFFFF, 0xFFFFFF, 0xFFFFFF, 0xFEFDFF, 0xFDFDFE, 0xFEFEFF, 0xFEFEFE, 0xFFFFFF, 0xFFFFFF},
    {0xFFFFFF, 0xFFFFFF, 0xFEFEFE, 0xFFFFFF, 0xFFFFFF, 0xFFFFFF, 0xFFF3CC, 0xFFDB8B, 0xFEC869, 0xFFC059, 0xFDBF59, 0xFFC969, 0xFFDC8C, 0xFFF3CE, 0xFFFFFF, 0xFFFFFF, 0xFFFFFF, 0xFFFFFF, 0xFEFEFF, 0xFFFFFF},
    {0xFFFFFF, 0xFFFFFF, 0xFFFFFF, 0xF4ECFE, 0xEDE3F7, 0xECBF9E, 0xECA856, 0xFFB354, 0xFFBD30, 0xFFB929, 0xFFBB28, 0xFFB938, 0xFCB158, 0xECA957, 0xECC2A2, 0xEBE1F5, 0xF2E9FE, 0xFFFFFF, 0xFFFFFF, 0xFEFEFE},
    {0xFEFEFE, 0xFFFDFF, 0xAB93CB, 0x5F3F81, 0x593B77, 0x5E3D77, 0x553878, 0x52357E, 0x9D6D85, 0xF1AB42, 0xE9A44D, 0x89618E, 0x4F337A, 0x523576, 0x5E3C77, 0x5D407B, 0x58397A, 0x957BB9, 0xFCFAFF, 0xFFFFFF},
    {0xFFFFFF, 0xE2D5F3, 0x5B3B7B, 0x271230, 0x301A3C, 0x220C30, 0xC2BCC3, 0xCECBCC, 0x4A3170, 0x9167C5, 0x8F66C6, 0x3C245C, 0x291331, 0x2D183A, 0x271134, 0xD0CCD1, 0xC2BFBF, 0x573876, 0xDFD2F2, 0xFFFFFF},
    {0xFFFFFF, 0xD2C2E8, 0x4E3168, 0x321D3F, 0x361F46, 0x2A113A, 0x8F8298, 0xECE9EC, 0x503C74, 0xBF8372, 0xC1887A, 0x36205B, 0x331B3D, 0x361F45, 0x2B123B, 0x9F94A7, 0xEAE9EA, 0x5E4277, 0xD6C7EA, 0xFFFFFF},
    {0xFFFFFF, 0xEAE0F9, 0x57397A, 0x2D1735, 0x351D45, 0x321B41, 0x2C143D, 0x311A38, 0x3C246C, 0xE59F57, 0xDF9B5B, 0x3B246A, 0x301937, 0x341D44, 0x321A41, 0x2D153E, 0x2D1735, 0x57387A, 0xEEE5FC, 0xFFFFFF},
    {0xFEFEFF, 0xFFFFFF, 0x997AB3, 0x361E57, 0x2D1836, 0x331B3D, 0x331B39, 0x251140, 0x7B5590, 0xFBB038, 0xFAAE3B, 0x765190, 0x26123E, 0x311A38, 0x331B3D, 0x2E1936, 0x381F5A, 0x9D7FB7, 0xFFFFFF, 0xFDFDFE},
    {0xFFFEFF, 0xFFFFFF, 0xF8BD6E, 0xA8758E, 0x492F78, 0x321C57, 0x392262, 0x745091, 0xE5A055, 0xFFB228, 0xFFB228, 0xE29E58, 0x704D8F, 0x382161, 0x321C57, 0x4A307A, 0xAC788E, 0xFBC274, 0xFFFFFF, 0xFEFEFE},
    {0xFFFFFE, 0xFFFFFF, 0xFFC255, 0xFFBC2F, 0xE19D62, 0xBB8278, 0xCB8E70, 0xFFB240, 0xFFB926, 0xFEAF30, 0xFEAF2F, 0xFFB926, 0xFEB142, 0xCA8D71, 0xBC8378, 0xE29E60, 0xFFBD2D, 0xFFC55E, 0xFFFFFF, 0xFFFEFD},
    {0xFFFEFC, 0xFFFFFF, 0xFEC871, 0xFDB930, 0xFFB327, 0xFFBE24, 0xD29024, 0x65432D, 0xE09E30, 0xFFB42E, 0xFFB42E, 0xDE9B30, 0x63422C, 0xD79324, 0xFFBE24, 0xFFB327, 0xFDBA31, 0xFECB77, 0xFFFFFF, 0xFFFDFB},
    {0xFFFEFC, 0xFFFFFF, 0xFFDA9D, 0xFFBD31, 0xFCAE32, 0xFCB030, 0xF1AA30, 0x7D5531, 0x442D32, 0x5A3D31, 0x593C31, 0x442C32, 0x805831, 0xF2AB30, 0xFCAF30, 0xFCAE32, 0xFFBD31, 0xFFDDA4, 0xFFFFFF, 0xFFFEFC},
    {0xFFFFFD, 0xFFFFFF, 0xFFF4E1, 0xFFB432, 0xFFB22F, 0xFFAF2F, 0xFFB22E, 0xFFB92E, 0xE49D2E, 0xC0832F, 0xC0842F, 0xE59E2E, 0xFFB92E, 0xFFB22E, 0xFFAF2F, 0xFFB32F, 0xFFB433, 0xFFF5E5, 0xFFFFFF, 0xFFFEFD},
    {0xFFFFFF, 0xFFFEFD, 0xFFFFFF, 0xFFD085, 0xFFC032, 0xFFB133, 0xFFAF2F, 0xFDAF2E, 0xFFB52E, 0xFFB92E, 0xFFB92E, 0xFFB42E, 0xFDAF2E, 0xFFAF2F, 0xFFB133, 0xFFC032, 0xFFD48D, 0xFFFFFF, 0xFFFEFD, 0xFFFFFF},
    {0xFFFFFF, 0xFFFFFE, 0xFFFFFD, 0xFFFCF8, 0xFFC561, 0xFFC032, 0xFFAF2E, 0xFFB030, 0xFDB030, 0xFCAF30, 0xFCAF30, 0xFDB030, 0xFFB030, 0xFFB02D, 0xFFC032, 0xFFC667, 0xFFFDFA, 0xFFFEFC, 0xFFFFFE, 0xFFFFFF},
    {0xFFFFFF, 0xFFFFFF, 0xFFFFFE, 0xFFFFFF, 0xFFFCF8, 0xFFD488, 0xFFB836, 0xFFBD31, 0xFFBB30, 0xFFB930, 0xFFB930, 0xFFBB31, 0xFFBD31, 0xFFB736, 0xFFD68C, 0xFFFCF9, 0xFFFFFF, 0xFFFFFE, 0xFFFFFF, 0xFFFFFF},
    {0xFFFFFF, 0xFFFFFF, 0xFFFFFF, 0xFFFFFE, 0xFFFFFF, 0xFFFFFF, 0xFFF3DF, 0xFFDEA3, 0xFFCE79, 0xFFC768, 0xFFC768, 0xFFCE79, 0xFFDFA4, 0xFFF4E2, 0xFFFFFF, 0xFFFFFF, 0xFFFFFE, 0xFFFFFF, 0xFFFFFF, 0xFFFFFF},
    {0xFFFFFF, 0xFFFFFF, 0xFFFFFF, 0xFFFFFF, 0xFFFFFE, 0xFFFEFC, 0xFFFFFF, 0xFFFFFF, 0xFFFFFF, 0xFFFFFF, 0xFFFFFF, 0xFFFFFF, 0xFFFFFF, 0xFFFFFF, 0xFFFEFC, 0xFFFFFE, 0xFFFFFF, 0xFFFFFF, 0xFFFFFF, 0xFFFFFF},
    {0xFFFFFF, 0xFFFFFF, 0xFFFFFF, 0xFFFFFF, 0xFFFFFF, 0xFFFFFF, 0xFFFFFE, 0xFFFEFC, 0xFFFDFC, 0xFFFEFD, 0xFFFEFD, 0xFFFDFC, 0xFFFEFC, 0xFFFEFD, 0xFFFFFF, 0xFFFFFF, 0xFFFFFF, 0xFFFFFF, 0xFFFFFF, 0xFFFFFF},
};

/* === U+1F62E  face with open mouth === */
static const unsigned int face_with_open_mouth_bw[EMOJI_ROWS] = {
    0x00000, 0x00000, 0x00000, 0x00000, 0x00000, 0x00000, 0x01080, 0x03980, 0x01080, 0x00000, 0x00000, 0x00E00, 0x00F00, 0x01F80, 0x01F80, 0x01F00, 0x00F00, 0x00000, 0x00000, 0x00000
};
static const unsigned int face_with_open_mouth_color[EMOJI_ROWS][EMOJI_COLS] = {
    {0xFFFFFF, 0xFFFFFF, 0xFFFFFF, 0xFFFFFF, 0xFFFFFF, 0xFFFEFD, 0xFFFFFE, 0xFFFFFF, 0xFFFFFF, 0xFFFFFF, 0xFFFFFF, 0xFFFFFF, 0xFFFFFF, 0xFFFFFD, 0xFFFEFD, 0xFFFFFF, 0xFFFFFF, 0xFFFFFF, 0xFFFFFF, 0xFFFFFF},
    {0xFFFFFF, 0xFFFFFF, 0xFFFFFF, 0xFFFEFE, 0xFFFEFD, 0xFFFFFF, 0xFFFFFF, 0xFFF7EA, 0xFFEECF, 0xFFE7BF, 0xFFE7C0, 0xFFEFD2, 0xFFF9EF, 0xFFFFFF, 0xFFFFFF, 0xFFFEFC, 0xFFFFFF, 0xFFFFFF, 0xFFFFFF, 0xFFFFFF},
    {0xFFFFFF, 0xFFFFFF, 0xFFFEFE, 0xFFFFFF, 0xFFFFFF, 0xFFE9C3, 0xFFC96B, 0xFFB83B, 0xFFB831, 0xFFBB31, 0xFFBB31, 0xFFB731, 0xFFB73E, 0xFFCE76, 0xFFEDCF, 0xFFFFFF, 0xFFFEFD, 0xFFFFFF, 0xFFFFFF, 0xFFFFFF},
    {0xFFFFFF, 0xFFFFFE, 0xFFFFFD, 0xFFFEFD, 0xFFD284, 0xFFB92B, 0xFFB322, 0xFFAD24, 0xFFB131, 0xFFB130, 0xFFB130, 0xFFAF2F, 0xFFAD23, 0xFFB522, 0xFFB72D, 0xFFD899, 0xFFFFFF, 0xFFFEFD, 0xFFFFFF, 0xFFFFFF},
    {0xFFFFFF, 0xFFFFFD, 0xFFFFFF, 0xFFCF81, 0xFFBD28, 0xFFBC4F, 0xFDCD7C, 0xFBBF5D, 0xFEAC25, 0xFFB02E, 0xFFAF2C, 0xFDAD29, 0xFBC266, 0xFDCC7A, 0xFFB943, 0xFFBD2A, 0xFFD99D, 0xFFFFFF, 0xFFFEFD, 0xFFFFFF},
    {0xFFFEFC, 0xFFFFFF, 0xFFE8C3, 0xFFB928, 0xFFCA74, 0xFFFCF7, 0xFFFFFF, 0xFFFFFF, 0xFFE3AB, 0xFFAC25, 0xFFAF2E, 0xFFEEC5, 0xFFFFFF, 0xFFFFFF, 0xFFF8EE, 0xFFC35D, 0xFFB328, 0xFFF1DB, 0xFFFFFF, 0xFFFEFD},
    {0xFFFEFD, 0xFFFFFF, 0xFFC25D, 0xFFB933, 0xFDF4E7, 0xFFFFFF, 0xEBE7E5, 0x9F9396, 0xE3E5EE, 0xFFC052, 0xFFCD72, 0xD7D8E5, 0xA29698, 0xF4F1EE, 0xFFFFFF, 0xFDEBCF, 0xFFB828, 0xFFCD7B, 0xFFFFFF, 0xFFFEFD},
    {0xFFFFFF, 0xFFF6E7, 0xFFB12E, 0xFFB73F, 0xFBF8F2, 0xFFFEFC, 0x897B7F, 0x0E0000, 0x776D7C, 0xFFD170, 0xFED387, 0x5C5062, 0x120000, 0xA69A9C, 0xFFFEFB, 0xFAF0DF, 0xFFB32F, 0xFFB740, 0xFFFCF8, 0xFFFFFF},
    {0xFFFFFF, 0xFFE8C3, 0xFFBB33, 0xFFAE28, 0xFDE6C2, 0xFFFFFF, 0xC9C3C6, 0x5C4E5B, 0xBCB1B0, 0xFFBC40, 0xFFC457, 0xA8A1AA, 0x61515C, 0xDAD6D9, 0xFFFFFF, 0xFDDCA5, 0xFFAB22, 0xFFB533, 0xFFF2DB, 0xFFFFFF},
    {0xFFFFFF, 0xFFE1AF, 0xFFBD33, 0xFFAE2B, 0xFFB63E, 0xFFE5BC, 0xFFFFF1, 0xFFF5DA, 0xFFCA6A, 0xFFAC27, 0xFFAD28, 0xFFD17D, 0xFFF9E3, 0xFFFDEF, 0xFFE0AD, 0xFFB233, 0xFFAF2D, 0xFFB932, 0xFFECCC, 0xFFFFFF},
    {0xFFFFFF, 0xFFE1AF, 0xFFBD32, 0xFFB131, 0xFFAE29, 0xFFAD25, 0xFEB236, 0xFEAD2B, 0xFFB21F, 0xFFB52D, 0xFFB62C, 0xFFB11E, 0xFEAE2F, 0xFEB235, 0xFFAC23, 0xFFAF2B, 0xFFB030, 0xFFB932, 0xFFEBCC, 0xFFFFFF},
    {0xFFFFFF, 0xFFE9C3, 0xFFBB32, 0xFFB12F, 0xFFB12F, 0xFFB130, 0xFFAE2C, 0xFFB62A, 0xE8804B, 0xC93A6F, 0xCB3F6D, 0xED8C45, 0xFFB629, 0xFEAE2C, 0xFFB130, 0xFFB02F, 0xFFAF2E, 0xFFB430, 0xFFF1DA, 0xFFFFFF},
    {0xFFFFFF, 0xFFF5E5, 0xFFB332, 0xFFB02E, 0xFFB02E, 0xFEAF2F, 0xFFB62B, 0xF1923F, 0xB81684, 0xB81684, 0xB61385, 0xBD207E, 0xF7A038, 0xFFB42D, 0xFFAF2F, 0xFFAF2F, 0xFFB32E, 0xFFB640, 0xFFFCF6, 0xFFFFFF},
    {0xFFFEFD, 0xFFFFFF, 0xFFC05D, 0xFFB831, 0xFFB130, 0xFEAE2F, 0xFFBB28, 0xE06E53, 0xB61386, 0xBD217E, 0xBD217E, 0xB71585, 0xE98048, 0xFFB929, 0xFEAE2F, 0xFFB030, 0xFFBB30, 0xFFCC78, 0xFFFFFF, 0xFFFEFD},
    {0xFFFEFC, 0xFFFFFF, 0xFFE6BE, 0xFFBD32, 0xFFB131, 0xFEAE2F, 0xFFBB28, 0xDF6C54, 0xB71485, 0xBC207F, 0xBC207F, 0xB71684, 0xE87F49, 0xFFB929, 0xFDAD30, 0xFFB230, 0xFFB731, 0xFFF0D7, 0xFFFFFF, 0xFFFEFD},
    {0xFFFFFF, 0xFFFFFD, 0xFFFFFF, 0xFFCD7C, 0xFFC132, 0xFDAF32, 0xFFB92C, 0xE98248, 0xB40F88, 0xBB1D80, 0xBA1B81, 0xB71584, 0xF1933F, 0xFFB72D, 0xFFAF31, 0xFFC133, 0xFFD898, 0xFFFFFF, 0xFFFEFD, 0xFFFFFF},
    {0xFFFFFF, 0xFFFFFE, 0xFFFEFD, 0xFFFDFC, 0xFFD07E, 0xFFBC32, 0xFFB830, 0xFFB32C, 0xD65A5D, 0xBB1F81, 0xBC2180, 0xDD6955, 0xFFB72B, 0xFFB831, 0xFFBA32, 0xFFD692, 0xFFFFFF, 0xFFFEFC, 0xFFFFFF, 0xFFFFFF},
    {0xFFFFFF, 0xFFFFFF, 0xFFFFFE, 0xFFFFFF, 0xFFFFFF, 0xFFE6BC, 0xFFC664, 0xFFB636, 0xFFC02E, 0xFFAB3B, 0xFFAE39, 0xFFC02D, 0xFFB83B, 0xFFCC6F, 0xFFECCB, 0xFFFFFF, 0xFFFEFD, 0xFFFFFF, 0xFFFFFF, 0xFFFFFF},
    {0xFFFFFF, 0xFFFFFF, 0xFFFFFF, 0xFFFEFE, 0xFFFEFD, 0xFFFFFF, 0xFFFFFF, 0xFFF7E8, 0xFFEBCC, 0xFFEABB, 0xFFEBBD, 0xFEECCF, 0xFFF8EC, 0xFFFFFF, 0xFFFFFF, 0xFFFFFD, 0xFFFFFF, 0xFFFFFF, 0xFFFFFF, 0xFFFFFF},
    {0xFFFFFF, 0xFFFFFF, 0xFFFFFF, 0xFFFFFF, 0xFFFFFF, 0xFFFEFD, 0xFFFFFE, 0xFFFFFF, 0xFFFFFF, 0xFFFFFF, 0xFFFFFF, 0xFFFFFF, 0xFFFFFF, 0xFFFEFD, 0xFFFEFD, 0xFFFFFF, 0xFFFFFF, 0xFFFFFF, 0xFFFFFF, 0xFFFFFF},
};

/* === U+1F622  crying face === */
static const unsigned int crying_face_bw[EMOJI_ROWS] = {
    0x00000, 0x00000, 0x00000, 0x00000, 0x02040, 0x0E070, 0x08010, 0x00000, 0x030C0, 0x030C0, 0x00000, 0x00000, 0x0C000, 0x0CF00, 0x0DF00, 0x0C000, 0x00000, 0x00000, 0x00000, 0x00000
};
static const unsigned int crying_face_color[EMOJI_ROWS][EMOJI_COLS] = {
    {0xFFFFFF, 0xFFFFFF, 0xFFFFFF, 0xFFFFFF, 0xFFFFFF, 0xFFFEFD, 0xFFFFFE, 0xFFFFFF, 0xFFFFFF, 0xFFFFFF, 0xFFFFFF, 0xFFFFFF, 0xFFFFFF, 0xFFFFFD, 0xFFFEFD, 0xFFFFFF, 0xFFFFFF, 0xFFFFFF, 0xFFFFFF, 0xFFFFFF},
    {0xFFFFFF, 0xFFFFFF, 0xFFFFFF, 0xFFFEFE, 0xFFFEFD, 0xFFFFFF, 0xFFFFFF, 0xFFF7EA, 0xFFEECF, 0xFFE7BF, 0xFFE7C0, 0xFFEFD2, 0xFFF9EF, 0xFFFFFF, 0xFFFFFF, 0xFFFEFC, 0xFFFFFF, 0xFFFFFF, 0xFFFFFF, 0xFFFFFF},
    {0xFFFFFF, 0xFFFFFF, 0xFFFEFE, 0xFFFFFF, 0xFFFFFF, 0xFEE8C2, 0xFDC868, 0xFFB738, 0xFFB831, 0xFFBB31, 0xFFBB31, 0xFFB731, 0xFDB63B, 0xFDCC73, 0xFEECCE, 0xFFFFFF, 0xFFFEFD, 0xFFFFFF, 0xFFFFFF, 0xFFFFFF},
    {0xFFFFFF, 0xFFFFFE, 0xFFFFFD, 0xFFFFFD, 0xFED082, 0xFFC132, 0xFFC12F, 0xFFB12E, 0xFFB02F, 0xFFB12F, 0xFFB12F, 0xFFAE2E, 0xFFB22E, 0xFFC430, 0xFFBC31, 0xFED697, 0xFFFFFF, 0xFFFEFD, 0xFFFFFF, 0xFFFFFF},
    {0xFFFFFF, 0xFFFFFD, 0xFFFFFF, 0xFFCD80, 0xFFC932, 0xDC9833, 0xBF8334, 0xFDB031, 0xFFB02E, 0xFFB02E, 0xFFB02E, 0xFFB12E, 0xF7AC32, 0xB98034, 0xE6A031, 0xFFC832, 0xFFD79B, 0xFFFFFF, 0xFFFEFD, 0xFFFFFF},
    {0xFFFEFC, 0xFFFFFF, 0xFDE6C1, 0xFFC432, 0xB98334, 0x865829, 0xC58720, 0xFCAB23, 0xFFB12F, 0xFFB02E, 0xFFB02F, 0xFFB12E, 0xF8A821, 0xBC8021, 0x81562D, 0xCC9233, 0xFFBC30, 0xFDEFD8, 0xFFFFFF, 0xFFFEFD},
    {0xFFFEFD, 0xFEFEFF, 0xFFC35D, 0xF6B032, 0x8F5F29, 0xFEBF4F, 0xFFDB81, 0xFFC564, 0xFFAC26, 0xFFB02F, 0xFFAF2C, 0xFEAE2C, 0xFFCA70, 0xFFDC7F, 0xF2B043, 0x91602A, 0xFFBC32, 0xFFCD79, 0xFFFFFF, 0xFFFEFD},
    {0xFFFFFF, 0xFFF6E6, 0xFFB435, 0xFCAA24, 0xFCC56B, 0xFFFFFC, 0xF7FAFF, 0xFBFDFF, 0xFFDDA0, 0xFFAB24, 0xFFAF2C, 0xFFEAC0, 0xF8FBFF, 0xFAFEFF, 0xFFFCED, 0xF9B950, 0xFFAF28, 0xFFB743, 0xFFFCF7, 0xFFFFFF},
    {0xFFFFFF, 0xFFE8C3, 0xFFBB32, 0xFDAE2A, 0xFFF6DD, 0xE9E9EE, 0x584345, 0x65535A, 0xF3F3F7, 0xFEB63D, 0xFFC865, 0xE5E8F3, 0x533E43, 0x6A5759, 0xF5F8FE, 0xFFE5B6, 0xFFAA20, 0xFFB533, 0xFFF2DB, 0xFFFFFF},
    {0xFFFFFF, 0xFFE1B0, 0xFFBD31, 0xFCAE2D, 0xFEFBEA, 0xDBDAE0, 0x33191E, 0x3F282F, 0xEAEAF0, 0xFFBB45, 0xFFCF71, 0xD6D8E3, 0x2E1419, 0x442C30, 0xEEF0F6, 0xFEEBC3, 0xFDAA22, 0xFFBA34, 0xFFECCD, 0xFFFFFF},
    {0xFFFFFF, 0xFFE1AF, 0xFFBE34, 0xFFAB25, 0xFFD487, 0xFFFFFF, 0xD2D1DA, 0xD9DBE6, 0xFFECC6, 0xFDAB25, 0xFEB236, 0xFFF5E2, 0xD0D0DC, 0xDCDCE5, 0xFFFFFF, 0xFEC568, 0xFFAC25, 0xFFBA34, 0xFFEBCC, 0xFFFFFF},
    {0xFFFFFF, 0xFFE9C3, 0xFFBA33, 0xFFB32C, 0xEFA739, 0xE1BF99, 0xFFEDB4, 0xFFDD99, 0xFDB032, 0xFFB22C, 0xFFB029, 0xFDB540, 0xFFE4A8, 0xFFE9B6, 0xFFC566, 0xFFAC25, 0xFFB030, 0xFFB430, 0xFFF1DA, 0xFFFFFF},
    {0xFFFFFF, 0xFFF5E6, 0xFFB430, 0xF9AF31, 0x616DDA, 0x3757F1, 0xD2964A, 0xFFB115, 0xFFB62E, 0xF4A82F, 0xF6AB2F, 0xFFB729, 0xFFAB1D, 0xFDA81E, 0xFFAC24, 0xFFB031, 0xFFB32E, 0xFFB640, 0xFFFCF6, 0xFFFFFF},
    {0xFFFEFD, 0xFEFFFF, 0xFFC458, 0xF9B045, 0x4965F5, 0x2F59FF, 0xBD967F, 0xE7A323, 0x664635, 0x472F32, 0x472F32, 0x765132, 0xECA632, 0xFEB331, 0xFEB030, 0xFFB030, 0xFFBB30, 0xFFCC78, 0xFFFFFF, 0xFFFEFD},
    {0xFFFEFC, 0xFFFFFF, 0xFFE8BA, 0xFFB645, 0x4662FA, 0x2754FF, 0xC49A7B, 0xCE8B21, 0x755034, 0xD0922F, 0xC98B2F, 0x724D31, 0xD7942F, 0xFFB62E, 0xFCAE2F, 0xFFB230, 0xFFB731, 0xFFF0D7, 0xFFFFFF, 0xFFFEFD},
    {0xFFFFFF, 0xFFFFFE, 0xFFFFFF, 0xFFCD7A, 0x978BBD, 0x546AE4, 0xE2A54B, 0xFFB629, 0xFFB92F, 0xFFB72E, 0xFFB82E, 0xFFB92E, 0xFFB22F, 0xFFB02F, 0xFFB130, 0xFFC133, 0xFFD898, 0xFFFFFF, 0xFFFEFD, 0xFFFFFF},
    {0xFFFFFF, 0xFFFFFE, 0xFFFEFD, 0xFFFEF9, 0xFFD17B, 0xFFBC35, 0xFFBA2A, 0xFFB02F, 0xFBAF2F, 0xFCAF2F, 0xFCAF2F, 0xFCAF2F, 0xFFB12E, 0xFFB930, 0xFFBA32, 0xFFD692, 0xFFFFFF, 0xFFFEFC, 0xFFFFFF, 0xFFFFFF},
    {0xFFFFFF, 0xFFFFFF, 0xFFFFFE, 0xFFFFFF, 0xFFFFFF, 0xFFE7BB, 0xFDC665, 0xFFB536, 0xFFB931, 0xFFBC32, 0xFFBC32, 0xFFB831, 0xFFB83B, 0xFFCC6F, 0xFFECCB, 0xFFFFFF, 0xFFFEFD, 0xFFFFFF, 0xFFFFFF, 0xFFFFFF},
    {0xFFFFFF, 0xFFFFFF, 0xFFFFFF, 0xFFFEFE, 0xFEFEFD, 0xFFFFFF, 0xFFFFFF, 0xFFF7E8, 0xFFEDCB, 0xFFE6BD, 0xFFE7BE, 0xFFEDCE, 0xFFF8EC, 0xFFFFFF, 0xFFFFFF, 0xFFFFFD, 0xFFFFFF, 0xFFFFFF, 0xFFFFFF, 0xFFFFFF},
    {0xFFFFFF, 0xFFFFFF, 0xFFFFFF, 0xFFFFFF, 0xFFFFFF, 0xFFFEFD, 0xFFFFFE, 0xFFFFFF, 0xFFFFFF, 0xFFFFFF, 0xFFFFFF, 0xFFFFFF, 0xFFFFFF, 0xFFFEFD, 0xFFFEFD, 0xFFFFFF, 0xFFFFFF, 0xFFFFFF, 0xFFFFFF, 0xFFFFFF},
};

/* === U+1F62D  loudly crying face === */
static const unsigned int loudly_crying_face_bw[EMOJI_ROWS] = {
    0x00000, 0x00000, 0x00000, 0x00000, 0x0E070, 0x1F0F8, 0x0E0F0, 0x0EF70, 0x0FF70, 0x0FFF0, 0x0FFF0, 0x0FF70, 0x0EF70, 0x0E070, 0x0E070, 0x06060, 0x06060, 0x00000, 0x00000, 0x00000
};
static const unsigned int loudly_crying_face_color[EMOJI_ROWS][EMOJI_COLS] = {
    {0xFFFFFF, 0xFFFFFF, 0xFFFFFF, 0xFFFFFF, 0xFFFFFF, 0xFFFEFD, 0xFFFFFE, 0xFFFFFF, 0xFFFFFF, 0xFFFFFF, 0xFFFFFF, 0xFFFFFF, 0xFFFFFF, 0xFFFFFD, 0xFFFEFD, 0xFFFFFF, 0xFFFFFF, 0xFFFFFF, 0xFFFFFF, 0xFFFFFF},
    {0xFFFFFF, 0xFFFFFF, 0xFFFFFF, 0xFFFEFE, 0xFFFEFD, 0xFFFFFF, 0xFFFFFF, 0xFFF7EA, 0xFFEECF, 0xFFE7BF, 0xFFE7C0, 0xFFEFD2, 0xFFF9EF, 0xFFFFFF, 0xFFFFFF, 0xFFFEFC, 0xFFFFFF, 0xFFFFFF, 0xFFFFFF, 0xFFFFFF},
    {0xFFFFFF, 0xFFFFFF, 0xFFFFFE, 0xFFFFFF, 0xFFFFFF, 0xFDE7C2, 0xFBC668, 0xFFB738, 0xFFB831, 0xFFBB31, 0xFFBB31, 0xFFB731, 0xFDB63B, 0xFDCB73, 0xFCEACE, 0xFFFFFF, 0xFFFEFD, 0xFFFFFF, 0xFFFFFF, 0xFFFFFF},
    {0xFFFFFF, 0xFFFFFE, 0xFFFEFD, 0xFFFFFD, 0xFFDA82, 0xFFC735, 0xFFC130, 0xFFB12E, 0xFFB02F, 0xFFB12F, 0xFFB12F, 0xFFAE2E, 0xFFB32E, 0xFFC431, 0xFFC334, 0xFFE097, 0xFFFFFF, 0xFFFEFD, 0xFFFFFF, 0xFFFFFF},
    {0xFFFFFF, 0xFFFFFD, 0xFFFFFF, 0xFFD081, 0xC08430, 0x7D4F25, 0xB37A2F, 0xFFB330, 0xFEB02E, 0xFFAF2E, 0xFEAF2E, 0xFEB12E, 0xF9AF31, 0xA46F2D, 0x7D4E24, 0xCD8F32, 0xFFDD9C, 0xFFFFFF, 0xFFFEFD, 0xFFFFFF},
    {0xFFFEFC, 0xFFFFFF, 0xFFF1C2, 0xB1762D, 0x29234B, 0x3F548A, 0x2A2140, 0xAD742A, 0xFEB830, 0xFDAF2D, 0xFCAE2E, 0xFEB831, 0x926028, 0x29264D, 0x3E5489, 0x2E223D, 0xC2832E, 0xFFF9D9, 0xFFFFFF, 0xFFFEFD},
    {0xFFFEFD, 0xFEFFFF, 0xFFC75D, 0xD79536, 0x4E80D7, 0x54A3FF, 0x547CC9, 0xD5922E, 0xFFBD2A, 0xFCAC30, 0xFDAE2F, 0xFFBC27, 0xC28939, 0x4E82DF, 0x54A2FF, 0x577AC1, 0xE7A22C, 0xFFD17B, 0xFFFFFF, 0xFFFEFD},
    {0xFFFFFF, 0xFEF5E7, 0xFFB22D, 0xF7B342, 0x5C97F8, 0x488EFC, 0x6499F0, 0xFFB935, 0xE26E4F, 0xC12C79, 0xC22F77, 0xEA7D44, 0xF4B947, 0x5695FE, 0x488EFC, 0x6D9BE7, 0xFFB832, 0xFFB63F, 0xFFFCF8, 0xFFFFFF},
    {0xFFFFFF, 0xFEE8C4, 0xFFBB2D, 0xEDAD42, 0x5A93F2, 0x4990FF, 0x649BE4, 0xE5884C, 0xB81284, 0xB91983, 0xB71685, 0xBF1B7B, 0xDD9554, 0x5797F5, 0x4990FF, 0x6895DF, 0xFCAE31, 0xFFB42F, 0xFEF1DC, 0xFFFFFF},
    {0xFFFFFF, 0xFEE1B0, 0xFFBE2D, 0xEEAE44, 0x5A94F3, 0x488FFF, 0x67A0E4, 0xD86B5D, 0xB81483, 0xBC207E, 0xBC207F, 0xBC167E, 0xD37C63, 0x599CF4, 0x488FFF, 0x6996E1, 0xFCB031, 0xFFB931, 0xFFECCD, 0xFFFFFF},
    {0xFFFFFF, 0xFEE1B0, 0xFFBE2D, 0xEEAE44, 0x5A94F3, 0x488FFF, 0x67A0E4, 0xD86B5D, 0xB81482, 0xBB207E, 0xBC207F, 0xBC167E, 0xD37C63, 0x599CF4, 0x488FFF, 0x6996E1, 0xFCB031, 0xFFB931, 0xFEEBCC, 0xFFFFFF},
    {0xFFFFFF, 0xFEE8C4, 0xFFBB2D, 0xEEAE42, 0x5A94F3, 0x498FFF, 0x659DE5, 0xE5884C, 0xB81284, 0xB91A82, 0xB71785, 0xBF1A7C, 0xDE9555, 0x5798F6, 0x4890FF, 0x6996E1, 0xFDAF31, 0xFFB42F, 0xFEF1DB, 0xFFFFFF},
    {0xFFFFFF, 0xFEF5E6, 0xFFB42D, 0xF0AD40, 0x5A93F3, 0x4991FF, 0x6194EA, 0xFAB434, 0xE16C51, 0xC0297A, 0xC12D78, 0xE97B46, 0xECB344, 0x5491FA, 0x4991FF, 0x6996E0, 0xFFB331, 0xFFB63F, 0xFFFCF7, 0xFFFFFF},
    {0xFFFEFD, 0xFFFFFF, 0xFFC158, 0xFBB543, 0x5A94F5, 0x4991FF, 0x6295EA, 0xF7AF37, 0xFFB827, 0xFCAB32, 0xFDAD30, 0xFFB924, 0xE9AB48, 0x5593F9, 0x4991FF, 0x6897E3, 0xFFBB33, 0xFFCC76, 0xFFFFFF, 0xFFFEFD},
    {0xFFFEFC, 0xFFFFFF, 0xFFE7B9, 0xFFBB44, 0x5B94F3, 0x4991FF, 0x6295EA, 0xF7AF37, 0xFEAE2D, 0xFFB12E, 0xFEB12F, 0xFEAF29, 0xE9AC48, 0x5593F9, 0x4990FF, 0x6D99E1, 0xFFB633, 0xFFF0D6, 0xFFFFFF, 0xFFFEFD},
    {0xFFFFFF, 0xFFFFFE, 0xFFFFFF, 0xEDC98E, 0x6AA3FF, 0x4A91FF, 0x6495E9, 0xF6AF38, 0xFFB02C, 0xFEAF2F, 0xFEB02F, 0xFFB128, 0xE8AC49, 0x5793F8, 0x4A92FF, 0x79A6EF, 0xFED79A, 0xFFFFFF, 0xFEFEFD, 0xFFFFFF},
    {0xFFFFFF, 0xFFFFFF, 0xFEFEFF, 0xFBFDFF, 0x96BCF8, 0x529CFF, 0x649BF6, 0xF8B036, 0xFFB02D, 0xFDB130, 0xFDB130, 0xFFB129, 0xEBAD48, 0x579AFF, 0x549BFF, 0xA6C5F8, 0xFFFFFF, 0xFEFEFE, 0xFEFEFE, 0xFFFFFF},
    {0xFFFFFF, 0xFFFFFF, 0xFEFFFF, 0xFFFFFF, 0xFFFFFF, 0xC6DBFF, 0x8DB3EF, 0xFAB33F, 0xFFB92F, 0xFFBC32, 0xFFBC32, 0xFFB92B, 0xEEB252, 0x89B5FA, 0xD2E2FD, 0xFFFFFF, 0xFEFEFE, 0xFFFFFF, 0xFFFFFF, 0xFFFFFF},
    {0xFFFFFF, 0xFFFFFF, 0xFFFFFF, 0xFFFEFE, 0xFEFFFF, 0xFFFFFF, 0xFFFFFF, 0xFFF7E9, 0xFFEDCB, 0xFFE6BD, 0xFFE7BE, 0xFFEDCE, 0xFFF8ED, 0xFFFFFF, 0xFFFFFF, 0xFEFEFF, 0xFFFFFF, 0xFFFFFF, 0xFFFFFF, 0xFFFFFF},
    {0xFFFFFF, 0xFFFFFF, 0xFFFFFF, 0xFFFFFF, 0xFFFFFF, 0xFDFEFF, 0xFEFEFF, 0xFFFFFF, 0xFFFFFF, 0xFFFFFF, 0xFFFFFF, 0xFFFFFF, 0xFFFFFF, 0xFDFEFF, 0xFDFEFF, 0xFFFFFF, 0xFFFFFF, 0xFFFFFF, 0xFFFFFF, 0xFFFFFF},
};

/* === U+1F620  angry face === */
static const unsigned int angry_face_bw[EMOJI_ROWS] = {
    0x00000, 0x00000, 0x00000, 0x00000, 0x00000, 0x00000, 0x02040, 0x039C0, 0x00B00, 0x00000, 0x03980, 0x01080, 0x00000, 0x00600, 0x01F80, 0x01980, 0x00000, 0x00000, 0x00000, 0x00000
};
static const unsigned int angry_face_color[EMOJI_ROWS][EMOJI_COLS] = {
    {0xFFFFFF, 0xFFFFFF, 0xFFFFFF, 0xFFFFFF, 0xFFFFFF, 0xFFFEFD, 0xFFFFFE, 0xFFFFFF, 0xFFFFFF, 0xFFFFFF, 0xFFFFFF, 0xFFFFFF, 0xFFFFFF, 0xFFFFFD, 0xFFFEFD, 0xFFFFFF, 0xFFFFFF, 0xFFFFFF, 0xFFFFFF, 0xFFFFFF},
    {0xFFFFFF, 0xFFFFFF, 0xFFFFFF, 0xFFFEFE, 0xFFFEFD, 0xFFFFFF, 0xFFFFFF, 0xFFF7EA, 0xFFEECF, 0xFFE7BF, 0xFFE7C0, 0xFFEFD2, 0xFFF9EF, 0xFFFFFF, 0xFFFFFF, 0xFFFEFC, 0xFFFFFF, 0xFFFFFF, 0xFFFFFF, 0xFFFFFF},
    {0xFFFFFF, 0xFFFFFF, 0xFFFEFE, 0xFFFFFF, 0xFFFFFF, 0xFFE9C2, 0xFFC968, 0xFFB738, 0xFFB831, 0xFFBB31, 0xFFBB31, 0xFFB731, 0xFFB63B, 0xFFCC73, 0xFFECCE, 0xFFFFFF, 0xFFFEFD, 0xFFFFFF, 0xFFFFFF, 0xFFFFFF},
    {0xFFFFFF, 0xFFFFFE, 0xFFFFFD, 0xFFFFFD, 0xFFD182, 0xFFBC32, 0xFFB830, 0xFFB12E, 0xFFB02F, 0xFFB12F, 0xFFB12F, 0xFFAF2E, 0xFFB22E, 0xFFBA30, 0xFFB931, 0xFFD896, 0xFFFFFF, 0xFFFEFD, 0xFFFFFF, 0xFFFFFF},
    {0xFFFFFF, 0xFFFFFD, 0xFFFFFF, 0xFFCD80, 0xFFC132, 0xFFB231, 0xFFB130, 0xFFAF2F, 0xFFB02E, 0xFFB02E, 0xFFB02E, 0xFFB02E, 0xFDAF2F, 0xFDB02F, 0xFFB12F, 0xFFC133, 0xFFD99B, 0xFFFFFF, 0xFFFEFD, 0xFFFFFF},
    {0xFFFEFC, 0xFFFFFF, 0xFFE7C0, 0xFFBD32, 0xFFB231, 0xFEB030, 0xFFB430, 0xFFB12E, 0xFDAE2E, 0xFFB02E, 0xFFB02E, 0xFDAE2E, 0xFFB22E, 0xFFB331, 0xFFAF30, 0xFFB230, 0xFFB631, 0xFFF0D8, 0xFFFFFF, 0xFFFEFD},
    {0xFFFEFD, 0xFFFFFF, 0xFFC25D, 0xFFB830, 0xFFB232, 0xFAAA26, 0x7D5125, 0xF6AB31, 0xFFBD30, 0xFFB02E, 0xFFB12E, 0xFFC131, 0xE09B30, 0x855524, 0xFFB328, 0xFDB032, 0xFFBB30, 0xFFCD79, 0xFFFFFF, 0xFFFEFD},
    {0xFFFFFF, 0xFFF6E6, 0xFFB332, 0xFFB12F, 0xFCAA23, 0xFFC857, 0x90796C, 0x663E1E, 0xCA8C23, 0xF7AC2F, 0xF2A82E, 0xC28520, 0x593725, 0xAA8D73, 0xFFC34B, 0xFBAA25, 0xFFB430, 0xFFB740, 0xFFFCF7, 0xFFFFFF},
    {0xFFFFFF, 0xFFE8C3, 0xFFBB34, 0xFFAD25, 0xFFCB75, 0xFEFFFD, 0xFFFFFF, 0xB6B1B8, 0x6C5D68, 0xE39B2D, 0xCE8F33, 0x6D6171, 0xC7C2C7, 0xFFFFFF, 0xFEFAF3, 0xFFC25E, 0xFFAC25, 0xFFB432, 0xFFF2DB, 0xFFFFFF},
    {0xFFFFFF, 0xFFE1B0, 0xFFBC30, 0xFFB234, 0xFEF5E7, 0xFFFFFF, 0xE9E5E4, 0xA69B9C, 0xE9E8EB, 0xFFC253, 0xFFCF73, 0xDEDDE3, 0xA89C9E, 0xF1EEED, 0xFFFFFF, 0xFEECCE, 0xFFAD28, 0xFFB933, 0xFFECCD, 0xFFFFFF},
    {0xFFFFFF, 0xFFE1B0, 0xFFBB2D, 0xFFB741, 0xFCF8F2, 0xFFFEFC, 0x897B7F, 0x0A0000, 0x72697A, 0xFFD06F, 0xFED386, 0x594D60, 0x0E0000, 0xA5999B, 0xFFFEFB, 0xFCF0DE, 0xFFB030, 0xFFB931, 0xFFEBCC, 0xFFFFFF},
    {0xFFFFFF, 0xFFE9C3, 0xFFBB33, 0xFFAD28, 0xFDE5BD, 0xFFFFFF, 0xCDC9CC, 0x625563, 0xBDB3B0, 0xFCB93E, 0xFCC155, 0xABA4AC, 0x675964, 0xDDDBDE, 0xFFFFFF, 0xFDDAA0, 0xFFAB22, 0xFFB533, 0xFFF1DA, 0xFFFFFF},
    {0xFFFFFF, 0xFFF5E5, 0xFFB433, 0xFFAF29, 0xFFB53B, 0xFFE3B5, 0xFFFCEC, 0xFFF4D6, 0xFFCF64, 0xFFB726, 0xFFB826, 0xFFD577, 0xFFF7DF, 0xFFFBEA, 0xFFDDA6, 0xFFB032, 0xFFB32C, 0xFFB640, 0xFFFCF6, 0xFFFFFF},
    {0xFFFEFD, 0xFFFFFF, 0xFFC05C, 0xFFB832, 0xFFAF2D, 0xFFAC24, 0xFDB132, 0xFFB527, 0xDD9424, 0xAA7531, 0xAE7731, 0xE69A22, 0xFFB62A, 0xFDB031, 0xFFAC22, 0xFFAF2E, 0xFFBC31, 0xFFCC78, 0xFFFFFF, 0xFFFEFD},
    {0xFFFEFC, 0xFFFFFF, 0xFFE6BE, 0xFFBD32, 0xFFB132, 0xFDB030, 0xFDB32C, 0x9B6B31, 0x392634, 0x5A3D31, 0x563A31, 0x3B2834, 0xB17A2F, 0xFFB52D, 0xFCAF32, 0xFFB231, 0xFFB731, 0xFFF0D7, 0xFFFFFF, 0xFFFEFD},
    {0xFFFFFF, 0xFFFFFD, 0xFFFFFF, 0xFFCD7C, 0xFFC032, 0xFFB331, 0xF5AB30, 0x5C3E33, 0xC2852F, 0xFFB92E, 0xFFB92E, 0xAA7430, 0x694732, 0xFFB330, 0xFFB030, 0xFFC133, 0xFFD898, 0xFFFFFF, 0xFFFEFD, 0xFFFFFF},
    {0xFFFFFF, 0xFFFFFE, 0xFFFEFD, 0xFFFDFC, 0xFFD07E, 0xFFBD32, 0xFFB82F, 0xFFB12E, 0xFFB62F, 0xFDB02F, 0xFFB12F, 0xFFB62F, 0xFFB12E, 0xFFBA30, 0xFFBA32, 0xFFD692, 0xFFFFFF, 0xFFFEFC, 0xFFFFFF, 0xFFFFFF},
    {0xFFFFFF, 0xFFFFFF, 0xFFFFFE, 0xFFFFFF, 0xFFFFFF, 0xFFE6BD, 0xFFC663, 0xFFB536, 0xFFB831, 0xFFBB32, 0xFFBB32, 0xFFB731, 0xFFB83B, 0xFFCC6F, 0xFFECCB, 0xFFFFFF, 0xFFFEFD, 0xFFFFFF, 0xFFFFFF, 0xFFFFFF},
    {0xFFFFFF, 0xFFFFFF, 0xFFFFFF, 0xFFFEFE, 0xFFFEFD, 0xFFFFFF, 0xFFFFFF, 0xFFF7E8, 0xFFEDCB, 0xFFE6BD, 0xFFE7BE, 0xFEEDCE, 0xFEF8EC, 0xFFFFFF, 0xFFFFFF, 0xFFFFFD, 0xFFFFFF, 0xFFFFFF, 0xFFFFFF, 0xFFFFFF},
    {0xFFFFFF, 0xFFFFFF, 0xFFFFFF, 0xFFFFFF, 0xFFFFFF, 0xFFFEFD, 0xFFFFFE, 0xFFFFFF, 0xFFFFFF, 0xFFFFFF, 0xFFFFFF, 0xFFFFFF, 0xFFFFFF, 0xFFFEFD, 0xFFFEFD, 0xFFFFFF, 0xFFFFFF, 0xFFFFFF, 0xFFFFFF, 0xFFFFFF},
};

/* === U+1F631  face screaming in fear === */
static const unsigned int face_screaming_in_fear_bw[EMOJI_ROWS] = {
    0x00000, 0x00000, 0x00600, 0x03FC0, 0x0CF30, 0x08610, 0x10008, 0x10008, 0x00000, 0x00000, 0x00000, 0x00E00, 0x00F00, 0x18F18, 0x1CF38, 0x1E678, 0x0C030, 0x00000, 0x00000, 0x00000
};
static const unsigned int face_screaming_in_fear_color[EMOJI_ROWS][EMOJI_COLS] = {
    {0xFFFFFF, 0xFFFFFF, 0xFFFFFF, 0xFFFFFF, 0xFFFFFF, 0xFEFFFF, 0xFCFDFF, 0xFDFEFF, 0xFFFFFF, 0xFFFFFF, 0xFFFFFF, 0xFFFFFF, 0xFEFEFF, 0xFCFDFF, 0xFEFEFF, 0xFFFFFF, 0xFFFFFF, 0xFFFFFF, 0xFFFFFF, 0xFFFFFF},
    {0xFFFFFF, 0xFFFFFF, 0xFFFFFF, 0xFFFFFF, 0xFEFEFF, 0xFFFFFF, 0xFFFFFF, 0xFFFFFF, 0xFBFCFF, 0xF1F7FF, 0xF1F7FF, 0xFBFDFF, 0xFFFFFF, 0xFFFFFF, 0xFFFFFF, 0xFEFEFF, 0xFFFFFF, 0xFFFFFF, 0xFFFFFF, 0xFFFFFF},
    {0xFFFFFF, 0xFFFFFF, 0xFFFFFF, 0xFEFEFF, 0xFFFFFF, 0xFAFBFF, 0xBED7FF, 0x86B6FF, 0x66A1FF, 0x5897FF, 0x5897FF, 0x67A0FF, 0x88B7FF, 0xC0D9FF, 0xFBFCFF, 0xFFFFFF, 0xFEFEFF, 0xFFFFFF, 0xFFFFFF, 0xFFFFFF},
    {0xFFFFFF, 0xFFFFFF, 0xFEFEFF, 0xFFFFFF, 0xE0ECFF, 0x74ABFF, 0x4D97FF, 0x4C94FF, 0x5296FF, 0x5194FF, 0x5194FF, 0x5296FF, 0x4C94FF, 0x4D97FF, 0x76ABFF, 0xE3EDFF, 0xFFFFFF, 0xFEFEFF, 0xFFFFFF, 0xFFFFFF},
    {0xFFFFFF, 0xFEFEFF, 0xFEFEFF, 0xE8F1FF, 0x5C9CFF, 0x5499FF, 0x7FAFFF, 0x78ABFF, 0x4C90FF, 0x5091FF, 0x4F90FF, 0x4D91FF, 0x7AACFF, 0x7EAEFF, 0x5399FF, 0x5F9DFF, 0xEBF2FF, 0xFEFEFF, 0xFEFEFF, 0xFFFFFF},
    {0xFFFFFF, 0xFEFEFF, 0xFFFFFF, 0x78ABFF, 0x5CA0FF, 0xD8E6FF, 0xFFFFFF, 0xFFFFFF, 0xC1D8FF, 0x4D90FF, 0x4F92FF, 0xC6DBFF, 0xFFFFFF, 0xFFFFFF, 0xD5E4FF, 0x5A9FFF, 0x7FB0FF, 0xFFFFFF, 0xFEFEFF, 0xFFFFFF},
    {0xFDFEFF, 0xFFFFFF, 0xDAE7FD, 0x4B92FF, 0xA7C7FB, 0xFFFFFF, 0xFBFCFF, 0xFDFDFF, 0xFFFFFE, 0x7EADFC, 0x85B2FC, 0xFFFFFE, 0xFCFDFF, 0xFBFCFF, 0xFFFFFE, 0xA1C4FB, 0x4A91FE, 0xDFEAFC, 0xFFFFFF, 0xFDFEFF},
    {0xFCFEFF, 0xFFFFFF, 0x99C4FF, 0x3E92FF, 0xAED2FF, 0xFDFEFF, 0xFCFCFC, 0xFCFCFC, 0xFDFFFF, 0x80B5FF, 0x87BAFF, 0xFDFFFF, 0xFCFCFC, 0xFCFCFC, 0xFDFEFF, 0xA8CEFF, 0x3E92FF, 0x9FC7FF, 0xFFFFFF, 0xFCFEFF},
    {0xFEFEFF, 0xFFFFFE, 0xB1B9C8, 0x8BA0B5, 0xB5B7BA, 0xFFFFFF, 0xFDFFFF, 0xFFFFFF, 0xFEFBF6, 0x9DA5B4, 0xA1A8B5, 0xFEFCF8, 0xFEFFFF, 0xFEFFFF, 0xFFFFFF, 0xB1B4B8, 0x8BA1B5, 0xB4BCCA, 0xFFFFFE, 0xFDFEFE},
    {0xFFFFFE, 0xFFFFFF, 0xFFC653, 0xFFBC24, 0xFFAE20, 0xFFC669, 0xFFE6BD, 0xFFE3B5, 0xFEBE56, 0xFFB21B, 0xFFB21C, 0xFEBF5A, 0xFFE4B7, 0xFFE6BC, 0xFFC565, 0xFFAE20, 0xFFBC24, 0xFFC85C, 0xFFFFFF, 0xFFFEFD},
    {0xFFFFFF, 0xFFEEE4, 0xFC9D44, 0xFBAD32, 0xFDB032, 0xFFAC24, 0xFFAC23, 0xFFAB22, 0xFFB323, 0xF7A339, 0xF7A339, 0xFFB322, 0xFFAB22, 0xFFAC22, 0xFFAC24, 0xFCB032, 0xFBAD32, 0xFC9F46, 0xFFEEE3, 0xFFFEFE},
    {0xFFFFFF, 0xFFD2B2, 0xFF8832, 0xFFA230, 0xFFB52E, 0xFFAF30, 0xFEAF31, 0xFFB82D, 0xEB8648, 0xBC217E, 0xBD227D, 0xEC8946, 0xFFB82D, 0xFEAF31, 0xFFAF30, 0xFFB52E, 0xFFA230, 0xFF8932, 0xFFD1B0, 0xFFFFFF},
    {0xFFFFFF, 0xFFD4B6, 0xFF8A32, 0xFF8B2F, 0xFFA62E, 0xFFB32E, 0xFEAE2F, 0xFFB929, 0xD04A67, 0xB71386, 0xB61386, 0xD24F64, 0xFFBA28, 0xFEAE2F, 0xFFB32E, 0xFFA62E, 0xFF8B2F, 0xFF8A32, 0xFFD2B4, 0xFFFFFF},
    {0xFFFFFF, 0xFFD2B4, 0xFF8B32, 0xFF832F, 0xFF812D, 0xFF972D, 0xFEAE2F, 0xFFB829, 0xD14B66, 0xB91883, 0xB91883, 0xD35063, 0xFFB929, 0xFEAE2F, 0xFF972D, 0xFF812D, 0xFF822F, 0xFF8C32, 0xFFD1B2, 0xFFFFFF},
    {0xFFFFFF, 0xFFD5B9, 0xFF8B31, 0xFF842F, 0xFF822D, 0xFF7D2D, 0xFE8D2E, 0xFFBA28, 0xD34F64, 0xB40F88, 0xB40E88, 0xD55461, 0xFFBB28, 0xFE8D2E, 0xFF7D2D, 0xFF822D, 0xFF842F, 0xFF8C31, 0xFFD4B7, 0xFFFFFF},
    {0xFFFFFF, 0xFFF1E8, 0xFF8835, 0xFF852F, 0xFF832F, 0xFF822E, 0xFF7F2F, 0xFFAC2D, 0xF29B3E, 0xC83972, 0xC93B71, 0xF39D3C, 0xFFAC2D, 0xFF7F2F, 0xFF822E, 0xFF832F, 0xFF852F, 0xFF8633, 0xFFF0E6, 0xFFFFFF},
    {0xFFFDFD, 0xFFFFFF, 0xFFD0B0, 0xFF8C31, 0xFF842D, 0xFF852E, 0xFF892F, 0xFFB031, 0xFFC32F, 0xFFBF2F, 0xFFC02F, 0xFFC32F, 0xFFB031, 0xFF892F, 0xFF852E, 0xFF842D, 0xFF8C31, 0xFFD0AF, 0xFFFFFF, 0xFFFDFD},
    {0xFFFFFF, 0xFFFDFD, 0xFFFFFF, 0xFFC8A3, 0xFF9140, 0xFF9344, 0xFFCEAB, 0xFFEDCC, 0xFEDBA1, 0xFFD590, 0xFED590, 0xFEDCA2, 0xFFEFCF, 0xFFCFAD, 0xFF9344, 0xFF9140, 0xFFC8A3, 0xFFFFFF, 0xFFFDFD, 0xFFFFFF},
    {0xFFFFFF, 0xFFFFFF, 0xFFFEFD, 0xFFFFFF, 0xFFF9F5, 0xFFFAF7, 0xFFFFFF, 0xFFFFFF, 0xFFFFFF, 0xFFFFFF, 0xFFFFFF, 0xFFFFFF, 0xFFFFFF, 0xFFFFFF, 0xFFFAF7, 0xFFF9F5, 0xFFFFFF, 0xFFFEFD, 0xFFFFFF, 0xFFFFFF},
    {0xFFFFFF, 0xFFFFFF, 0xFFFFFF, 0xFFFDFC, 0xFFFFFF, 0xFFFFFF, 0xFFFEFC, 0xFFFEFD, 0xFFFEFC, 0xFFFEFC, 0xFFFEFC, 0xFFFEFC, 0xFFFEFD, 0xFFFEFC, 0xFFFFFF, 0xFFFFFF, 0xFFFDFC, 0xFFFFFF, 0xFFFFFF, 0xFFFFFF},
};

/* === U+1F634  sleeping face === */
static const unsigned int sleeping_face_bw[EMOJI_ROWS] = {
    0x00000, 0x00000, 0x00018, 0x00008, 0x00040, 0x0001C, 0x00080, 0x00400, 0x00000, 0x00000, 0x0F9F0, 0x0F1F0, 0x00000, 0x00400, 0x00600, 0x00600, 0x00000, 0x00000, 0x00000, 0x00000
};
static const unsigned int sleeping_face_color[EMOJI_ROWS][EMOJI_COLS] = {
    {0xFFFFFF, 0xFFFFFF, 0xFFFFFF, 0xFFFFFF, 0xFFFFFF, 0xFFFEFD, 0xFFFFFE, 0xFFFFFF, 0xFFFFFF, 0xFFFFFF, 0xFFFFFF, 0xFFFFFF, 0xFFFFFF, 0xFEFEFC, 0xFDFEFE, 0xFFFFFF, 0xFFFFFF, 0xFFFFFF, 0xFFFFFF, 0xFFFFFF},
    {0xFFFFFF, 0xFFFFFF, 0xFFFFFF, 0xFFFEFE, 0xFFFEFD, 0xFFFFFF, 0xFFFFFF, 0xFFF7EA, 0xFFEECF, 0xFFE7BF, 0xFFE7C0, 0xFFEFD2, 0xFEF9F0, 0xFFFFFF, 0xFFFFFF, 0xF7FCFC, 0xC8EDFD, 0xD4F0FC, 0xFFFFFF, 0xFEFFFF},
    {0xFFFFFF, 0xFFFFFF, 0xFFFEFE, 0xFFFFFF, 0xFFFFFF, 0xFFE9C2, 0xFFC968, 0xFFB738, 0xFFB831, 0xFFBB31, 0xFFBB32, 0xFFB730, 0xFFB938, 0xFFCB6E, 0x62C7F3, 0x1FB3FD, 0x04B9FF, 0x62C9F4, 0xFEFEFF, 0xFBFEFF},
    {0xFFFFFF, 0xFFFFFE, 0xFFFFFD, 0xFFFFFD, 0xFFD182, 0xFFBC32, 0xFFB930, 0xFFB12E, 0xFFB02F, 0xFBB131, 0xFBB131, 0xF7AE33, 0xE8B143, 0xFEB939, 0xB1B872, 0x7DB4AB, 0x13AEF9, 0xEAF6FB, 0xFFFFFF, 0xFDFFFF},
    {0xFFFFFF, 0xFFFFFD, 0xFFFFFF, 0xFFCD80, 0xFFC132, 0xFFB231, 0xFFB130, 0xFFB02F, 0xFEB02F, 0xFFB028, 0xFFB11C, 0xE1AF43, 0x71A99C, 0x30A7CB, 0xFFB223, 0x61B2AE, 0x44BBF4, 0xBAE7FB, 0xEBF8FD, 0xFFFFFF},
    {0xFFFEFC, 0xFFFFFF, 0xFFE7C0, 0xFFBD32, 0xFFB231, 0xFFB02E, 0xFEB02F, 0xFEB02A, 0xE3AF41, 0x81AB8F, 0xA2AC74, 0xFCB124, 0x94AC7D, 0xB5AD65, 0xD7AE4D, 0x02A5FF, 0x08A8EB, 0x1DB2EE, 0xD7F1FC, 0xFFFFFF},
    {0xFFFEFD, 0xFFFFFF, 0xFFC25D, 0xFFB831, 0xFFB130, 0xFFB02E, 0xFEB02F, 0xFDB02C, 0xE6AF3A, 0x5EAAA7, 0x61AAA4, 0xD0AE51, 0x2BA7D2, 0x8CAB82, 0xD9AE4A, 0xA3AC78, 0xD6B954, 0xFFCF80, 0xFFFFFF, 0xFFFEFD},
    {0xFFFFFF, 0xFFF6E6, 0xFFB333, 0xFFB02E, 0xFEAF2E, 0xFFB02E, 0xFCB030, 0xFEB024, 0xACAD6A, 0x31A8CC, 0xB2AD63, 0xF9B02D, 0xE2AF45, 0xD7AE4C, 0xFFB02D, 0xFFAF21, 0xFFB427, 0xFFB63F, 0xFEFCF7, 0xFFFFFF},
    {0xFFFFFF, 0xFFE8C3, 0xFFBB32, 0xFFB12F, 0xFFB12E, 0xFDAE2E, 0xFCAE2E, 0xFDAF2F, 0xFFB127, 0xF6AF35, 0xCAAE56, 0xFFB12C, 0xFFAF29, 0xFFAE27, 0xFDAF2E, 0xFCB131, 0xFCAF30, 0xFFB431, 0xFFF2DB, 0xFFFFFF},
    {0xFFFFFF, 0xFFE1AF, 0xFFBD32, 0xFFB030, 0xFCAE2E, 0xFFBA2E, 0xFFBC2E, 0xFFB62E, 0xFAAD30, 0xFFB12C, 0xFFB126, 0xFBAD2F, 0xFFB82F, 0xFFBC2F, 0xFFB82E, 0xFBAD2E, 0xFFB12F, 0xFFB932, 0xFFECCC, 0xFFFFFF},
    {0xFFFFFF, 0xFFE1AF, 0xFFBE32, 0xF7AC30, 0x5D3E31, 0x825830, 0xAA7A2F, 0x644331, 0x865B30, 0xFEB82F, 0xFDB22F, 0x704C31, 0x724D31, 0xAA7B2F, 0x734E31, 0x6E4A31, 0xFFB42F, 0xFFB832, 0xFEEBCC, 0xFFFFFF},
    {0xFFFFFF, 0xFFE9C3, 0xFFBA32, 0xFFB32F, 0xC3872F, 0x6C4931, 0x5C3D31, 0x7E5531, 0xDE9A2F, 0xFDB02F, 0xFEB02F, 0xD2922F, 0x744F31, 0x5C3D31, 0x734E31, 0xD0902F, 0xFFB22E, 0xFFB330, 0xFEF1DA, 0xFFFFFF},
    {0xFFFFFF, 0xFFF5E5, 0xFFB332, 0xFFB02E, 0xFFB82E, 0xFFB92E, 0xFFB62E, 0xFFBA2E, 0xFFB52E, 0xFFB829, 0xFFB72A, 0xFFB62E, 0xFFBA2E, 0xFFB62E, 0xFFBA2E, 0xFFB62F, 0xFFB32E, 0xFFB640, 0xFFFCF6, 0xFFFFFF},
    {0xFFFEFD, 0xFFFFFF, 0xFFC05D, 0xFFB831, 0xFCAF30, 0xFDAE2E, 0xFEAF2E, 0xFCAE2E, 0xFEB22C, 0xEA8347, 0xED8A43, 0xFEB32C, 0xFCAD2F, 0xFEAF2E, 0xFDAE2E, 0xFCAF30, 0xFFBB30, 0xFFCC78, 0xFFFFFF, 0xFFFEFD},
    {0xFFFEFC, 0xFFFFFF, 0xFFE6BE, 0xFFBD32, 0xFFB131, 0xFFB02E, 0xFEAE2F, 0xFFB72B, 0xF1923F, 0xB30D89, 0xB91882, 0xF8A036, 0xFFB42C, 0xFEAF2F, 0xFFAF2F, 0xFFB230, 0xFFB731, 0xFFF0D7, 0xFFFFFF, 0xFFFEFD},
    {0xFFFFFF, 0xFFFFFD, 0xFFFFFF, 0xFFCD7C, 0xFFC132, 0xFFB131, 0xFFB030, 0xFFB32D, 0xF8A335, 0xC83871, 0xCD456A, 0xFCAC30, 0xFFB12E, 0xFFB030, 0xFFB130, 0xFFC133, 0xFFD898, 0xFFFFFF, 0xFFFEFD, 0xFFFFFF},
    {0xFFFFFF, 0xFFFFFE, 0xFFFEFD, 0xFFFDFC, 0xFFD07E, 0xFFBD32, 0xFFB82F, 0xFFB02E, 0xFFB42D, 0xFFB12F, 0xFFB22E, 0xFFB32E, 0xFFB12E, 0xFFB930, 0xFFBA32, 0xFFD692, 0xFFFFFF, 0xFFFEFC, 0xFFFFFF, 0xFFFFFF},
    {0xFFFFFF, 0xFFFFFF, 0xFFFFFE, 0xFFFFFF, 0xFFFFFF, 0xFFE6BD, 0xFFC663, 0xFFB536, 0xFFB832, 0xFFBC32, 0xFFBB32, 0xFFB831, 0xFFB83B, 0xFFCC6F, 0xFFECCB, 0xFFFFFF, 0xFFFEFD, 0xFFFFFF, 0xFFFFFF, 0xFFFFFF},
    {0xFFFFFF, 0xFFFFFF, 0xFFFFFF, 0xFFFEFE, 0xFFFEFD, 0xFFFFFF, 0xFFFFFF, 0xFFF7E8, 0xFFEDCB, 0xFEE6BD, 0xFFE7BE, 0xFFEDCE, 0xFFF8EC, 0xFFFFFF, 0xFFFFFF, 0xFFFFFD, 0xFFFFFF, 0xFFFFFF, 0xFFFFFF, 0xFFFFFF},
    {0xFFFFFF, 0xFFFFFF, 0xFFFFFF, 0xFFFFFF, 0xFFFFFF, 0xFFFEFD, 0xFFFFFE, 0xFFFFFF, 0xFFFFFF, 0xFFFFFF, 0xFFFFFF, 0xFFFFFF, 0xFFFFFF, 0xFFFEFD, 0xFFFEFD, 0xFFFFFF, 0xFFFFFF, 0xFFFFFF, 0xFFFFFF, 0xFFFFFF},
};

/* === U+1F61C  face with stuck-out tongue and winking eye === */
static const unsigned int face_with_stuck_out_tongue_and_winking_eye_bw[EMOJI_ROWS] = {
    0x00000, 0x00000, 0x00000, 0x00000, 0x00060, 0x06030, 0x0C010, 0x0B000, 0x078C0, 0x048C0, 0x00000, 0x00000, 0x00000, 0x03FC0, 0x03F80, 0x01F80, 0x01F00, 0x00E00, 0x00000, 0x00000
};
static const unsigned int face_with_stuck_out_tongue_and_winking_eye_color[EMOJI_ROWS][EMOJI_COLS] = {
    {0xFFFFFF, 0xFFFFFF, 0xFFFFFF, 0xFFFFFF, 0xFFFFFF, 0xFFFEFD, 0xFFFFFE, 0xFFFFFF, 0xFFFFFF, 0xFFFFFF, 0xFFFFFF, 0xFFFFFF, 0xFFFFFF, 0xFFFFFD, 0xFFFEFD, 0xFFFFFF, 0xFFFFFF, 0xFFFFFF, 0xFFFFFF, 0xFFFFFF},
    {0xFFFFFF, 0xFFFFFF, 0xFFFFFF, 0xFFFEFE, 0xFFFEFD, 0xFFFFFF, 0xFFFFFF, 0xFFF7EA, 0xFFEECF, 0xFFE7BF, 0xFFE7C0, 0xFFEFD2, 0xFFF9EF, 0xFFFFFF, 0xFFFFFF, 0xFFFEFC, 0xFFFFFF, 0xFFFFFF, 0xFFFFFF, 0xFFFFFF},
    {0xFFFFFF, 0xFFFFFF, 0xFFFEFE, 0xFFFFFF, 0xFFFFFF, 0xFFE9C2, 0xFFC968, 0xFFB738, 0xFFB831, 0xFFBB31, 0xFFBB31, 0xFFB731, 0xFFB73B, 0xFFD073, 0xFDEBCE, 0xFFFFFF, 0xFFFEFD, 0xFFFFFF, 0xFFFFFF, 0xFFFFFF},
    {0xFFFFFF, 0xFFFFFE, 0xFFFFFD, 0xFFFFFD, 0xFFD182, 0xFFBA32, 0xFFB830, 0xFFB12E, 0xFFB02F, 0xFFB12F, 0xFFB12F, 0xFFAF2E, 0xFFB02E, 0xFCAF30, 0xFFBF31, 0xFFDA96, 0xFFFFFF, 0xFFFEFD, 0xFFFFFF, 0xFFFFFF},
    {0xFFFFFF, 0xFFFFFD, 0xFFFFFF, 0xFFCD80, 0xFFC232, 0xFFBA31, 0xFFB230, 0xFFAF2F, 0xFFB02E, 0xFFB02E, 0xFEAF2E, 0xFEB22F, 0xF5AB32, 0x936834, 0x936734, 0xFFBD33, 0xFFDB9B, 0xFFFFFF, 0xFFFEFD, 0xFFFFFF},
    {0xFFFEFC, 0xFFFFFF, 0xFEE7C0, 0xFFBF32, 0xF9B131, 0xA06D30, 0x9D6C30, 0xFBAE2E, 0xFEB02E, 0xFFB02E, 0xFFB02F, 0xFFAE2B, 0xFCA91E, 0xFFB21F, 0xBF7F24, 0x916333, 0xFFBB31, 0xFDEFD8, 0xFFFFFF, 0xFFFEFD},
    {0xFFFEFD, 0xFEFEFF, 0xFFC25D, 0xFABA31, 0x8A5F32, 0xB77E2F, 0xFFB52E, 0xFFB72E, 0xFFB02E, 0xFFB02F, 0xFFAE29, 0xFFB43B, 0xFFE4A7, 0xFFEEC3, 0xFFD37A, 0xD3902A, 0xFEB831, 0xFFCD79, 0xFFFFFF, 0xFFFEFD},
    {0xFFFFFF, 0xFFF5E6, 0xFFB533, 0xF2A52E, 0xC1862F, 0xFFBF2E, 0xD08F2F, 0xCE8E2F, 0xFFB32E, 0xFFB22E, 0xFEAE2C, 0xFFF1D6, 0xD6D7E2, 0xD1CFD7, 0xFFFFFF, 0xFFD483, 0xFFAF22, 0xFFB744, 0xFFFCF7, 0xFFFFFF},
    {0xFFFFFF, 0xFFE8C3, 0xFFBA32, 0xFFB22F, 0xFFB92E, 0x7A5331, 0x3E2932, 0x3F2932, 0x7A5333, 0xFBAD23, 0xFFC762, 0xE8E8EF, 0x3B2226, 0x33181C, 0xDEDCE0, 0xFDF7DF, 0xFDAC27, 0xFFB431, 0xFFF2DC, 0xFFFFFF},
    {0xFFFFFF, 0xFFE1AF, 0xFFBC32, 0xFFB230, 0xF2A72E, 0x664432, 0xE09B31, 0xE39D31, 0x654535, 0xF1A429, 0xFFC253, 0xF1F4FD, 0x64596B, 0x5C4E5E, 0xECF1FF, 0xFEEFCC, 0xFDAC25, 0xFFBA33, 0xFFECCD, 0xFFFFFF},
    {0xFFFFFF, 0xFFE1AF, 0xFFBD32, 0xFFB030, 0xFFB12F, 0xFFB32B, 0xFFAD22, 0xFFAD22, 0xFFAE22, 0xFFAB23, 0xFEA71B, 0xFFD287, 0xFBCE88, 0xFAC36C, 0xFFDFA4, 0xFFC15D, 0xFFAD26, 0xFFBA34, 0xFFEBCC, 0xFFFFFF},
    {0xFFFFFF, 0xFFE9C3, 0xFFBB32, 0xFFB130, 0xFFAF2B, 0xFEB43C, 0xFFCA67, 0xFFCA67, 0xFFCA67, 0xFFCA67, 0xFFCB68, 0xFFC55B, 0xFFC659, 0xFFC65A, 0xFEAC27, 0xFFAD26, 0xFFB030, 0xFFB430, 0xFFF1DA, 0xFFFFFF},
    {0xFFFFFF, 0xFFF5E5, 0xFFB332, 0xFFB02F, 0xFFAF26, 0xFBB251, 0xE6AFD9, 0xE3B0D7, 0xE1B0D8, 0xE2B0D8, 0xE2B0D8, 0xE1B1D9, 0xE2B0DB, 0xE7B1D5, 0xFEB443, 0xFFAF2C, 0xFFB32F, 0xFFB640, 0xFFFCF6, 0xFFFFFF},
    {0xFFFEFD, 0xFFFFFF, 0xFFC05D, 0xFFB731, 0xFFB230, 0xFDAD2C, 0xC0256A, 0xC5037E, 0xDA067D, 0xDD037F, 0xDD037F, 0xDA077D, 0xC0017F, 0xC9395F, 0xFFB529, 0xFFAF31, 0xFFBB30, 0xFFCC78, 0xFFFFFF, 0xFFFEFD},
    {0xFFFEFC, 0xFFFFFF, 0xFFE6BE, 0xFFBD32, 0xFDAF32, 0xFFB929, 0xEF834A, 0xF50991, 0xFE0C8F, 0xFC0C8F, 0xFC0C8F, 0xFE0B90, 0xF2108C, 0xF39540, 0xFFB62C, 0xFDB031, 0xFFB731, 0xFFF0D7, 0xFFFFFF, 0xFFFEFD},
    {0xFFFFFF, 0xFFFFFD, 0xFFFFFF, 0xFFCD7C, 0xFFC132, 0xFFB131, 0xFFB62D, 0xF8267E, 0xF60590, 0xF60E8B, 0xF60F8A, 0xF50192, 0xF93874, 0xFFBB2A, 0xFFAF31, 0xFFC133, 0xFFD898, 0xFFFFFF, 0xFFFEFD, 0xFFFFFF},
    {0xFFFFFF, 0xFFFFFE, 0xFFFEFD, 0xFFFDFC, 0xFFD07E, 0xFFBA33, 0xFFC12A, 0xFD7152, 0xF50297, 0xF50393, 0xF50394, 0xF60294, 0xFF8348, 0xFFC12B, 0xFFB833, 0xFFD692, 0xFFFFFF, 0xFFFEFC, 0xFFFFFF, 0xFFFFFF},
    {0xFFFFFF, 0xFFFFFF, 0xFFFFFE, 0xFFFFFF, 0xFFFFFF, 0xFFE6BC, 0xFFC664, 0xFFBB33, 0xFF7B54, 0xFF4178, 0xFF4476, 0xFF864E, 0xFFBE36, 0xFFCB6F, 0xFFECCB, 0xFFFFFF, 0xFFFEFD, 0xFFFFFF, 0xFFFFFF, 0xFFFFFF},
    {0xFFFFFF, 0xFFFFFF, 0xFFFFFF, 0xFFFEFE, 0xFFFEFD, 0xFFFFFF, 0xFFFFFF, 0xFFF6E8, 0xFFF6C6, 0xFFEEB8, 0xFFF0B9, 0xFFF6C9, 0xFFF7EC, 0xFFFFFF, 0xFFFFFF, 0xFFFFFD, 0xFFFFFF, 0xFFFFFF, 0xFFFFFF, 0xFFFFFF},
    {0xFFFFFF, 0xFFFFFF, 0xFFFFFF, 0xFFFFFF, 0xFFFFFF, 0xFFFEFD, 0xFFFFFE, 0xFFFFFF, 0xFFFFFF, 0xFFFFFF, 0xFFFFFF, 0xFFFFFF, 0xFFFFFF, 0xFFFEFD, 0xFFFEFD, 0xFFFFFF, 0xFFFFFF, 0xFFFFFF, 0xFFFFFF, 0xFFFFFF},
};

/* === U+1F914  thinking face === */
static const unsigned int thinking_face_bw[EMOJI_ROWS] = {
    0x00000, 0x00000, 0x07000, 0x00000, 0x000E0, 0x00000, 0x020C0, 0x030C0, 0x00000, 0x00000, 0x00F00, 0x04F00, 0x04100, 0x0FC00, 0x1F800, 0x0F800, 0x0F000, 0x00000, 0x00000, 0x00000
};
static const unsigned int thinking_face_color[EMOJI_ROWS][EMOJI_COLS] = {
    {0xFFFFFF, 0xFFFFFF, 0xFFFFFF, 0xFFFFFF, 0xFEFEFE, 0xFDFCFC, 0xFFFFFF, 0xFFFFFF, 0xFFFFFF, 0xFFFFFF, 0xFFFFFF, 0xFFFFFF, 0xFFFFFF, 0xFFFFFE, 0xFFFEFD, 0xFFFFFF, 0xFFFFFF, 0xFFFFFF, 0xFFFFFF, 0xFFFFFF},
    {0xFFFFFF, 0xFFFFFF, 0xFFFFFF, 0xFFFFFF, 0xFFFFFF, 0xFFFFFF, 0xFFFFFF, 0xFFFBE5, 0xFFEDC6, 0xFFE2B4, 0xFFE3B4, 0xFFEBC7, 0xFFF7E7, 0xFFFFFF, 0xFFFFFF, 0xFFFFFD, 0xFFFFFF, 0xFFFFFF, 0xFFFFFF, 0xFFFFFF},
    {0xFFFFFF, 0xFFFFFF, 0xFEFEFE, 0xFEFEFD, 0xFFFFFF, 0xA39594, 0x95785C, 0x996C35, 0xFCB132, 0xFFBE32, 0xFFBC32, 0xFFB931, 0xFBB336, 0xFBC769, 0xFDE9C9, 0xFFFFFF, 0xFFFEFD, 0xFFFFFF, 0xFFFFFF, 0xFFFFFF},
    {0xFFFFFF, 0xFFFFFF, 0xFFFEFD, 0xFFFFFF, 0xF1CA8E, 0xE8A535, 0xFFB52A, 0xD9942D, 0xEBA332, 0xFFB330, 0xFFAF30, 0xFFB732, 0xFFB92D, 0xFFC12E, 0xFFC334, 0xFFD797, 0xFFFFFF, 0xFFFEFD, 0xFFFFFF, 0xFFFFFF},
    {0xFFFFFF, 0xFFFEFD, 0xFFFFFF, 0xFFDAA0, 0xFFC030, 0xFFB428, 0xFFBB44, 0xFFB735, 0xFFAF23, 0xFEAF2F, 0xFFB32F, 0xDC9423, 0xA97532, 0xA17237, 0xCB8825, 0xFFC032, 0xFFDDA7, 0xFFFFFF, 0xFFFEFD, 0xFFFFFF},
    {0xFFFFFE, 0xFFFFFF, 0xFEF4E3, 0xFFB432, 0xFFB432, 0xFFE6B8, 0xF3EDE6, 0xFFF9E9, 0xFEC96F, 0xFFAD26, 0xFDAD26, 0xB69875, 0xC3C4D3, 0xD6D7E3, 0xAA9D9E, 0xEEA62F, 0xFFB736, 0xFFF6E8, 0xFFFFFF, 0xFFFEFE},
    {0xFFFEFC, 0xFFFFFF, 0xFFD693, 0xFFB521, 0xFFE09D, 0xB5B5C7, 0x3B242C, 0xA8A1AB, 0xFFFFFC, 0xFBB035, 0xFFBD46, 0xECE7E0, 0x59454B, 0x7B6A6B, 0xFFFFFF, 0xFFD389, 0xFFB723, 0xFFD89A, 0xFFFFFF, 0xFFFEFC},
    {0xFFFFFE, 0xFFFFFF, 0xFFC05A, 0xFFAE1F, 0xFFF2C5, 0x9F98A3, 0x1E0207, 0x918284, 0xFFFFFF, 0xFAB749, 0xFFCB65, 0xD6D5E0, 0x2F151B, 0x553F43, 0xF6F7FA, 0xFFE4B8, 0xFFB121, 0xFFC261, 0xFFFFFF, 0xFFFFFE},
    {0xFFFFFF, 0xFFFBF4, 0xFFB641, 0xFFAE23, 0xFFCB75, 0xFDFFFF, 0xD4D1D8, 0xFAFEFF, 0xFCF2E1, 0xFEAF2E, 0xFCB239, 0xFFFBF2, 0xDCDCE4, 0xEAEAEE, 0xFFFFFF, 0xFDC976, 0xFFAF22, 0xFFB845, 0xFFFCF8, 0xFFFFFF},
    {0xFFFFFF, 0xFFF7EA, 0xFFB236, 0xFFB22F, 0xFFAD27, 0xFFD27F, 0xFFF6D3, 0xFFE6B6, 0xFFC448, 0xFFB429, 0xFFB727, 0xFFC558, 0xFFF1CF, 0xFFF5DB, 0xFFD28A, 0xFFAD29, 0xFFB32F, 0xFFB53C, 0xFFF9F0, 0xFFFFFF},
    {0xFFFFFF, 0xFFF9F0, 0xFFB53B, 0xFFB32E, 0xFFAE30, 0xFE8A21, 0xFC9D23, 0xF6AA22, 0x9D682A, 0x5B3C32, 0x6C4932, 0xD49027, 0xFFB224, 0xFCAC29, 0xFFAB22, 0xFFAF2F, 0xFFB32F, 0xFFB73F, 0xFFFBF4, 0xFFFFFF},
    {0xFFFFFF, 0xFFFEFD, 0xFFBB4C, 0xFFB72F, 0xFFA930, 0xFD7A30, 0xFF9E2F, 0xD29731, 0x563B33, 0xAD7C30, 0x8A5F30, 0x382534, 0xDF9C30, 0xFFB52E, 0xFEB031, 0xFFB130, 0xFFB62F, 0xFFBE51, 0xFFFFFE, 0xFFFFFF},
    {0xFFFEFC, 0xFFFFFF, 0xFFCC79, 0xFFC131, 0xFFA130, 0xFF7E2D, 0xFF942D, 0xFEA82E, 0xFFA92E, 0xFFB12D, 0xFFB92E, 0xB47C2F, 0xE49D2F, 0xFFB42E, 0xFEAF2E, 0xFFB030, 0xFFBC32, 0xFFCF81, 0xFFFFFF, 0xFFFEFC},
    {0xFFFEFD, 0xFFFFFF, 0xFFEECE, 0xFFA332, 0xFF842E, 0xFF822D, 0xFF822D, 0xFF812D, 0xFF822D, 0xFC7B2D, 0xFD982D, 0xFFBC2E, 0xFFB22E, 0xFFAF2E, 0xFFB02E, 0xFFB030, 0xFFB931, 0xFFEED1, 0xFFFFFF, 0xFFFEFD},
    {0xFFFDFD, 0xFFFFFF, 0xFFE6D4, 0xFF8431, 0xFF812E, 0xFF822D, 0xFF822D, 0xFF822D, 0xFF812D, 0xFF992D, 0xFFAE2E, 0xFCAE2E, 0xFEAF2E, 0xFFB02F, 0xFFB133, 0xFFBF32, 0xFFCC79, 0xFFFFFF, 0xFFFFFD, 0xFFFFFF},
    {0xFFFDFC, 0xFFFFFF, 0xFFC69E, 0xFF8E32, 0xFF8532, 0xFF822D, 0xFF822D, 0xFF832D, 0xFF802E, 0xFFA630, 0xFFB430, 0xFFAF30, 0xFFB030, 0xFFB12E, 0xFFC032, 0xFFC563, 0xFFFBF5, 0xFFFEFD, 0xFFFFFE, 0xFFFFFF},
    {0xFFFEFD, 0xFFFFFF, 0xFFDDC6, 0xFF8D32, 0xFF832D, 0xFF822E, 0xFF832F, 0xFF812E, 0xFF882D, 0xFFB430, 0xFFBB30, 0xFFBC31, 0xFFBC31, 0xFFB83B, 0xFFD78F, 0xFFFCF8, 0xFFFFFF, 0xFFFFFE, 0xFFFFFF, 0xFFFFFF},
    {0xFFFFFF, 0xFFFEFD, 0xFFFFFF, 0xFFC39A, 0xFF8D3B, 0xFF8930, 0xFF882F, 0xFF8A30, 0xFF933A, 0xFFCD75, 0xFFCA74, 0xFFD387, 0xFFE3AF, 0xFFF6E8, 0xFFFFFF, 0xFFFFFF, 0xFFFFFE, 0xFFFFFF, 0xFFFFFF, 0xFFFFFF},
    {0xFFFFFF, 0xFFFFFF, 0xFFFEFE, 0xFFFFFF, 0xFFF4ED, 0xFFE2CC, 0xFFDEC8, 0xFFE0C7, 0xFFEDE2, 0xFFFFFF, 0xFFFFFF, 0xFFFFFF, 0xFFFFFF, 0xFFFFFF, 0xFFFEFC, 0xFFFFFE, 0xFFFFFF, 0xFFFFFF, 0xFFFFFF, 0xFFFFFF},
    {0xFFFFFF, 0xFFFFFF, 0xFFFFFF, 0xFFFDFC, 0xFFFFFF, 0xFFFFFF, 0xFFFFFF, 0xFFFFFF, 0xFFFFFF, 0xFFFEFC, 0xFFFEFC, 0xFFFEFC, 0xFFFEFC, 0xFFFEFD, 0xFFFFFF, 0xFFFFFF, 0xFFFFFF, 0xFFFFFF, 0xFFFFFF, 0xFFFFFF},
};

/* === U+1F923  rolling on the floor laughing === */
static const unsigned int rolling_on_the_floor_laughing_bw[EMOJI_ROWS] = {
    0x00000, 0x00000, 0x00000, 0x00000, 0x00600, 0x007F8, 0x00FF8, 0x00460, 0x02060, 0x0E0E0, 0x0E1E0, 0x063E0, 0x067E0, 0x06FC0, 0x07F80, 0x06600, 0x06000, 0x00000, 0x00000, 0x00000
};
static const unsigned int rolling_on_the_floor_laughing_color[EMOJI_ROWS][EMOJI_COLS] = {
    {0xFFFFFF, 0xFFFFFF, 0xFFFFFF, 0xFFFFFF, 0xFFFFFF, 0xFFFEFE, 0xFFFEFC, 0xFFFFFF, 0xFFFFFF, 0xFFFFFF, 0xFFFFFF, 0xFFFFFF, 0xFFFFFF, 0xFFFEFD, 0xFFFFFF, 0xFFFFFF, 0xFFFFFF, 0xFFFFFF, 0xFFFFFF, 0xFFFFFF},
    {0xFFFFFF, 0xFFFFFF, 0xFFFFFF, 0xFFFFFF, 0xFFFEFD, 0xFFFFFF, 0xFFFFFF, 0xFFFEFC, 0xFFF1D8, 0xFEE7C0, 0xFEE8C3, 0xFFF4DF, 0xFFFFFF, 0xFFFFFF, 0xFFFFFE, 0xFFFFFE, 0xFFFFFF, 0xFFFFFF, 0xFFFFFF, 0xFFFFFF},
    {0xFFFFFF, 0xFFFFFF, 0xFFFFFF, 0xFFFFFE, 0xFFFFFF, 0xFFFDFC, 0xFFDDA3, 0xFFBF4F, 0xFFB531, 0xFFBF31, 0xFFBE31, 0xFFB230, 0xFFC55C, 0xFCE3BA, 0xFFFFFF, 0xFFFFFF, 0xFDFDFF, 0xFEFEFF, 0xFFFFFF, 0xFFFFFF},
    {0xFFFFFF, 0xFFFFFF, 0xFFFFFD, 0xFFFFFF, 0xFFF6E9, 0xFFC661, 0xFFBE32, 0xFFB42F, 0xFFB22E, 0xE59E30, 0xE49E30, 0xFCB02E, 0xFFB62E, 0xFFC225, 0xFFD366, 0xFFFFF1, 0xFFFFFF, 0xFFFFFF, 0xFFFFFF, 0xFFFFFF},
    {0xFFFFFF, 0xFFFEFD, 0xFFFFFF, 0xFFF7EA, 0xFFC04D, 0xFFBB30, 0xFFB131, 0xFDAF30, 0xFFB92E, 0x644331, 0xA97430, 0xFFC72C, 0xF9AF33, 0xBC9577, 0xBE9D84, 0xB4A2B0, 0xBCC7FE, 0xF6F6FD, 0xFFFFFF, 0xFEFEFF},
    {0xFFFFFE, 0xFFFFFD, 0xFFFDFA, 0xFFC05B, 0xFFBB30, 0xFFB131, 0xFEAF2E, 0xFFB42E, 0xE8A02E, 0x472F32, 0x966733, 0x916422, 0x99808C, 0x2755FF, 0x3159FF, 0x385DFF, 0x446AFF, 0x8A9FFF, 0xFFFFFF, 0xFCFCFF},
    {0xFFFEFC, 0xFFFFFF, 0xFFDA9E, 0xFFBF32, 0xFFB131, 0xFEB02E, 0xF9AC2E, 0xFEB92E, 0xB27A30, 0x2E1D32, 0x523835, 0x946225, 0xBE9066, 0x4A68F9, 0x4B64EF, 0x4B67F5, 0x556EF2, 0xAEB3E8, 0xFFFFFF, 0xFDFDFE},
    {0xFFFFFF, 0xFFFCF8, 0xFFB743, 0xFDB330, 0xFCAF30, 0xFFB32E, 0xFFB82E, 0xFFB52E, 0xE9A02E, 0xCF8E30, 0xFEB12F, 0xFFB01F, 0xFFF2A8, 0xCE81CD, 0xC9595C, 0xEEB541, 0xF2B042, 0xFFC760, 0xFFFFFF, 0xFFFEFD},
    {0xFFFFFF, 0xFFEDCE, 0xFFB831, 0xFFB42F, 0xFFBB2E, 0xF1A62E, 0xC5872F, 0xF3A72E, 0xFFB52F, 0xFFB72F, 0xFEA61F, 0xFFE7AD, 0xE6B5E2, 0xBA167E, 0xC62D72, 0xFFAE2C, 0xFFB429, 0xFDB133, 0xFFF7E8, 0xFFFFFF},
    {0xFFFFFF, 0xFEE1B3, 0xFFC033, 0xE19E31, 0x704C31, 0x4A3132, 0x352232, 0xDB9630, 0xFEB62F, 0xF9A31F, 0xFFE8AD, 0xE7B5E2, 0xB81378, 0xBA1B7E, 0xB91A84, 0xEF9040, 0xFFB72D, 0xFFB632, 0xFFECCD, 0xFFFFFF},
    {0xFFFFFF, 0xFEE2B4, 0xFFC233, 0xD89631, 0x8F6531, 0x855B33, 0x583C35, 0xFDB32F, 0xFDA61F, 0xFFE8AD, 0xE7B5E2, 0xB81378, 0xBB1C7F, 0xBC2081, 0xB91883, 0xEE8C42, 0xFFB82B, 0xFFB732, 0xFFEBCB, 0xFFFFFF},
    {0xFFFFFF, 0xFFEED2, 0xFFB731, 0xFFB230, 0xFFC72D, 0x875823, 0x9B6724, 0xFFB11F, 0xFFE6AD, 0xE7B5E2, 0xB81378, 0xBB1C7F, 0xBC2081, 0xBA1B81, 0xBE247C, 0xF9A434, 0xFFB32C, 0xFDB232, 0xFFF5E6, 0xFFFFFF},
    {0xFFFEFE, 0xFFFDF9, 0xFDB847, 0xFCB42E, 0xF7B033, 0x887690, 0xB48A6D, 0xFFF2A7, 0xE5B4E3, 0xB81378, 0xBB1C7F, 0xBC1F81, 0xBD217E, 0xB50F88, 0xDA605A, 0xFFBB2B, 0xFFB632, 0xFFC05B, 0xFFFFFF, 0xFFFEFD},
    {0xFFFEFC, 0xFFFFFF, 0xFCDCA8, 0xFFC425, 0xBF9575, 0x2B57FF, 0x4769FF, 0xCD88D2, 0xBC177D, 0xBA1C7E, 0xBC2180, 0xBB1C80, 0xB50F88, 0xCE4669, 0xFEB12D, 0xFFB231, 0xFFBD32, 0xFFE6BC, 0xFFFFFF, 0xFFFEFC},
    {0xFFFEFE, 0xFFFEFD, 0xFEFDFD, 0xFFC74F, 0xC89D80, 0x305AFF, 0x4864F3, 0xC14C68, 0xC32477, 0xB71786, 0xB81684, 0xBD207E, 0xD85D5C, 0xFEB12E, 0xFFB432, 0xFFBD32, 0xFFC975, 0xFFFFFF, 0xFFFFFE, 0xFFFFFF},
    {0xFFFFFF, 0xFFFEFD, 0xFFFFFF, 0xFFFBE4, 0xBDA39F, 0x3B60FF, 0x4866F8, 0xECB344, 0xFAA72F, 0xEB8645, 0xEB8546, 0xF7A037, 0xFFBA2B, 0xFFB230, 0xFFBD32, 0xFFC461, 0xFFFCF7, 0xFFFEFD, 0xFFFFFE, 0xFFFFFF},
    {0xFFFFFF, 0xFFFFFF, 0xFCFCFE, 0xFFFFFF, 0xBEC9FF, 0x466BFF, 0x4E69FF, 0xF5AD44, 0xFFB427, 0xFFB82D, 0xFFB92B, 0xFFB32C, 0xFFB430, 0xFFBD32, 0xFFCD74, 0xFFFBF6, 0xFFFFFF, 0xFFFFFE, 0xFFFFFF, 0xFFFFFF},
    {0xFFFFFF, 0xFFFFFF, 0xFEFEFF, 0xFFFEFE, 0xF7F7FE, 0x90A5FF, 0xAEB0DE, 0xFFC14F, 0xFFB432, 0xFFB933, 0xFFB933, 0xFFB230, 0xFFC459, 0xFFE4B5, 0xFFFFFF, 0xFFFFFF, 0xFFFFFE, 0xFFFFFF, 0xFFFFFF, 0xFFFFFF},
    {0xFFFFFF, 0xFFFFFF, 0xFFFFFF, 0xFFFFFF, 0xFFFFFF, 0xFFFFFF, 0xFFFFFF, 0xFFFEFE, 0xFFF2DB, 0xFFE9C3, 0xFFEAC4, 0xFFF4DF, 0xFFFFFF, 0xFFFFFF, 0xFFFFFE, 0xFFFFFE, 0xFFFFFF, 0xFFFFFF, 0xFFFFFF, 0xFFFFFF},
    {0xFFFFFF, 0xFFFFFF, 0xFFFFFF, 0xFFFFFF, 0xFEFEFF, 0xFCFCFF, 0xFCFDFE, 0xFFFFFF, 0xFFFFFF, 0xFFFFFF, 0xFFFFFF, 0xFFFFFF, 0xFFFFFF, 0xFFFEFD, 0xFFFFFF, 0xFFFFFF, 0xFFFFFF, 0xFFFFFF, 0xFFFFFF, 0xFFFFFF},
};

/* === U+1F607  smiling face with halo === */
static const unsigned int smiling_face_with_halo_bw[EMOJI_ROWS] = {
    0x00000, 0x00000, 0x1F0F0, 0x3C03C, 0x1FFF8, 0x0FFE0, 0x00000, 0x070C0, 0x079E0, 0x04920, 0x00000, 0x01080, 0x01980, 0x01F80, 0x00F00, 0x00000, 0x00000, 0x00000, 0x00000, 0x00000
};
static const unsigned int smiling_face_with_halo_color[EMOJI_ROWS][EMOJI_COLS] = {
    {0xFFFFFF, 0xFFFFFF, 0xFDFEFF, 0xFCFDFF, 0xFFFFFF, 0xFFFFFF, 0xFFFFFF, 0xFFFFFF, 0xFFFFFF, 0xFFFFFF, 0xFFFFFF, 0xFFFFFF, 0xFFFFFF, 0xFFFFFF, 0xFFFFFF, 0xFFFFFF, 0xFCFDFF, 0xFEFFFF, 0xFFFFFF, 0xFFFFFF},
    {0xFFFFFF, 0xFFFFFF, 0xFFFFFF, 0xFFFFFF, 0xF6F8FE, 0xD9E5FB, 0xB7CFFF, 0xA3C1FD, 0x9FBDF5, 0x9EBAEF, 0x9EBAEF, 0x9FBDF6, 0xA6C2FF, 0xBBD2FF, 0xDEE7FB, 0xF9FAFF, 0xFFFFFF, 0xFFFFFF, 0xFFFFFF, 0xFFFFFF},
    {0xFDFEFF, 0xFEFEFF, 0xDCE5F9, 0x6896E7, 0x306DDD, 0x2160D6, 0x627BAE, 0xA5967E, 0xCCA464, 0xDCAA5A, 0xDBA95A, 0xC8A366, 0x9E9383, 0x5777B5, 0x1D5ED6, 0x3371DC, 0x769EEB, 0xEAEEFD, 0xFEFEFF, 0xFDFEFE},
    {0xFDFDFE, 0xFFFFFF, 0x5E7BFB, 0x3568FF, 0x2F61DD, 0xA98E77, 0xFAB133, 0xFFB626, 0xFFB625, 0xFFB624, 0xFFB625, 0xFFB625, 0xFFB528, 0xF4AE36, 0x93868A, 0x295DE6, 0x3E6CFF, 0x7C92FF, 0xFFFFFF, 0xFCFCFF},
    {0xFDFEFF, 0xFFFFFF, 0xA5B4FF, 0x4A6CFF, 0x3A5EFF, 0x3B5DFF, 0x3C5EFF, 0x4863F4, 0x5267E9, 0x5769E4, 0x5769E4, 0x5167EA, 0x4662F6, 0x3B5DFF, 0x3A5DFF, 0x3A5EFF, 0x5070FF, 0xB8C4FF, 0xFEFEFE, 0xFDFDFF},
    {0xFFFFFE, 0xFEFEFF, 0xFFFFFE, 0xE3B16D, 0xB49382, 0x897EAB, 0x7173C4, 0x606CD7, 0x596AE2, 0x5568E7, 0x5569E6, 0x596AE1, 0x626DD5, 0x7474C1, 0x8C81A6, 0xBC997D, 0xE9BA7B, 0xFFFFFF, 0xFEFEFE, 0xFFFFFF},
    {0xFFFEFC, 0xFFFFFF, 0xFEDEAC, 0xFFC02B, 0xFFB522, 0xFFBC1F, 0xFFBF22, 0xFFBD27, 0xFFB32B, 0xFFB02D, 0xFFB02D, 0xFFB42A, 0xFFBD26, 0xFFC022, 0xFFBB1F, 0xFFB521, 0xFFBC2C, 0xFDE8C7, 0xFFFFFF, 0xFFFFFD},
    {0xFFFEFD, 0xFFFFFF, 0xFFC260, 0xFDB732, 0xFFB633, 0xCB8D32, 0x6E4B33, 0x936531, 0xF8AD2E, 0xFFB12D, 0xFFB32E, 0xEFA62E, 0x865B32, 0x744F33, 0xD99732, 0xFFB433, 0xFDBA32, 0xFFCD7B, 0xFFFFFF, 0xFFFEFC},
    {0xFFFFFF, 0xFFFAF3, 0xFDB43B, 0xFFB72E, 0xDF9B2F, 0x362332, 0x885F30, 0x4E3432, 0x7B5331, 0xFFB82E, 0xFEB42E, 0x614132, 0x604031, 0x7D5531, 0x412A32, 0xF1A930, 0xFFB82F, 0xFFBD51, 0xFFFFFF, 0xFFFFFF},
    {0xFFFFFF, 0xFFF4E1, 0xFDB031, 0xFFB52E, 0xE09A2F, 0xA06D30, 0xFFC32E, 0xDB972F, 0xA47030, 0xFFB52E, 0xFEB02E, 0x9C6A30, 0xEFA42E, 0xFFBA2E, 0x9A6930, 0xEDA32F, 0xFFB62E, 0xFDB63F, 0xFFFBF4, 0xFFFFFF},
    {0xFFFFFF, 0xFFF1DC, 0xFFB22F, 0xFFAF2E, 0xFFB32E, 0xFFB92E, 0xFCAE2E, 0xFFBC2E, 0xFFBA2E, 0xFFAF2E, 0xFFB02E, 0xFFBC2E, 0xFFB92E, 0xFDAE2E, 0xFFB92E, 0xFFB12F, 0xFFB22E, 0xFFB63C, 0xFFFAF2, 0xFFFFFF},
    {0xFFFFFF, 0xFFF7EA, 0xFFB235, 0xFFB12E, 0xFDAF2F, 0xFCAF2E, 0xFDAF2E, 0xA06D30, 0xE9A12E, 0xFCB02E, 0xFCB32E, 0xDB972F, 0xA77230, 0xFFB32E, 0xFBAE2E, 0xFFB130, 0xFFB42F, 0xFFB947, 0xFFFDFA, 0xFFFFFF},
    {0xFFFFFF, 0xFFFEFC, 0xFFBC4C, 0xFFB530, 0xFFB030, 0xFFB02E, 0xFDB02E, 0x422B32, 0xBD812F, 0xFFC22E, 0xFFC42E, 0x9D6B30, 0x543831, 0xFFB82E, 0xFDAF2E, 0xFFB130, 0xFFB931, 0xFFC464, 0xFFFFFF, 0xFFFEFD},
    {0xFFFEFC, 0xFFFFFF, 0xFFD286, 0xFFBD31, 0xFFB030, 0xFDAE2E, 0xFFB92E, 0x9D6C30, 0x422C32, 0xAF7B30, 0xA67330, 0x3B2732, 0xB77D2F, 0xFFB82E, 0xFDAE2E, 0xFFAF30, 0xFFBD31, 0xFFDCA3, 0xFFFFFF, 0xFFFEFC},
    {0xFFFFFE, 0xFFFFFF, 0xFFF3DF, 0xFFB533, 0xFFB230, 0xFDAF2F, 0xFEB02E, 0xFEB32E, 0xA06E30, 0x593B31, 0x5C3D31, 0xB07A2F, 0xFFB52E, 0xFEAF2E, 0xFDB030, 0xFFB530, 0xFFB73F, 0xFFF9EF, 0xFFFEFE, 0xFFFFFE},
    {0xFFFFFF, 0xFFFEFD, 0xFFFFFF, 0xFFDA9F, 0xFFC133, 0xFFB12F, 0xFDB02F, 0xFFB02F, 0xFFB92E, 0xFFB52E, 0xFFB62E, 0xFFB82E, 0xFDAF2F, 0xFFB030, 0xFFB02E, 0xFFBD32, 0xFFE4B9, 0xFFFFFF, 0xFFFEFD, 0xFFFFFF},
    {0xFFFFFF, 0xFFFFFF, 0xFFFEFD, 0xFFFFFF, 0xFFD897, 0xFFB931, 0xFFBA30, 0xFFB22E, 0xFBAD2F, 0xFFB02F, 0xFDB02F, 0xFCAD2F, 0xFFB22E, 0xFFBC30, 0xFFB937, 0xFFDEAB, 0xFFFFFF, 0xFFFEFD, 0xFFFFFF, 0xFFFFFF},
    {0xFFFFFF, 0xFFFFFF, 0xFFFFFF, 0xFFFEFD, 0xFFFFFF, 0xFFEDCE, 0xFFCD72, 0xFFB93E, 0xFFB631, 0xFFBA31, 0xFFBA31, 0xFFB631, 0xFFBA42, 0xFFD07C, 0xFFF1DB, 0xFFFFFF, 0xFFFEFC, 0xFFFFFF, 0xFFFFFF, 0xFFFFFF},
    {0xFFFFFF, 0xFFFFFF, 0xFFFFFF, 0xFFFFFF, 0xFFFFFD, 0xFFFFFF, 0xFFFFFF, 0xFFF9EF, 0xFFEFD4, 0xFFEBC7, 0xFFEBC8, 0xFFF1D7, 0xFFFBF3, 0xFFFFFF, 0xFFFFFF, 0xFFFEFC, 0xFFFFFF, 0xFFFFFF, 0xFFFFFF, 0xFFFFFF},
    {0xFFFFFF, 0xFFFFFF, 0xFFFFFF, 0xFFFFFF, 0xFFFFFF, 0xFFFEFD, 0xFFFFFD, 0xFFFFFF, 0xFFFFFF, 0xFFFFFF, 0xFFFFFF, 0xFFFFFF, 0xFFFFFF, 0xFFFEFC, 0xFFFFFE, 0xFFFFFF, 0xFFFFFF, 0xFFFFFF, 0xFFFFFF, 0xFFFFFF},
};

/* === U+1F970  smiling face with smiling eyes and three hearts === */
static const unsigned int smiling_face_with_smiling_eyes_and_three_hearts_bw[EMOJI_ROWS] = {
    0x00000, 0x00000, 0x3E000, 0x3E000, 0x3E000, 0x3E000, 0x1F9E0, 0x05920, 0x00000, 0x01000, 0x01980, 0x01BFC, 0x00F7C, 0x0007C, 0x1E038, 0x1E010, 0x1E000, 0x0C000, 0x00000, 0x00000
};
static const unsigned int smiling_face_with_smiling_eyes_and_three_hearts_color[EMOJI_ROWS][EMOJI_COLS] = {
    {0xFFFFFF, 0xFFFEFF, 0xFFFFFF, 0xFFFFFF, 0xFFFEFF, 0xFFFFFF, 0xFFFEFE, 0xFFFEFD, 0xFFFEFC, 0xFFFEFC, 0xFFFEFC, 0xFFFEFC, 0xFFFEFD, 0xFFFFFE, 0xFFFFFF, 0xFFFFFF, 0xFFFFFF, 0xFFFFFF, 0xFFFFFF, 0xFFFFFF},
    {0xFFFEFE, 0xFFFFFF, 0xFEF5FA, 0xFFECF6, 0xFFFFFF, 0xFFE7F4, 0xFFFFFF, 0xFFFFFF, 0xFFFFFF, 0xFFFFFF, 0xFFFFFF, 0xFFFFFF, 0xFFFFFF, 0xFFFFFF, 0xFFFEFD, 0xFFFFFF, 0xFFFFFF, 0xFFFFFF, 0xFFFFFF, 0xFFFFFF},
    {0xFFFEFE, 0xFFEBF6, 0xFA309F, 0xF81994, 0xF84DAC, 0xFC1399, 0xFB77BD, 0xFFEECB, 0xFFDCA1, 0xFFD58F, 0xFFD490, 0xFFDFA7, 0xFFEECF, 0xFFFEFD, 0xFFFFFF, 0xFFFFFD, 0xFFFFFF, 0xFFFFFF, 0xFFFFFF, 0xFFFFFF},
    {0xFFFFFF, 0xFCA7D6, 0xFF0B9A, 0xF70A8C, 0xFF0B93, 0xF90491, 0xFE2283, 0xFFB730, 0xFFBD32, 0xFFBD31, 0xFFBD31, 0xFFBD31, 0xFFB631, 0xFDC155, 0xFFE5BA, 0xFFFFFF, 0xFFFEFC, 0xFFFFFF, 0xFFFFFF, 0xFFFFFF},
    {0xFFFFFF, 0xFDCBE7, 0xFF0D94, 0xF80F8D, 0xF6128A, 0xF50196, 0xFF5964, 0xFFC029, 0xFDAD32, 0xFFB030, 0xFFB030, 0xFDAF30, 0xFFB62F, 0xFFBC2F, 0xFFBD32, 0xFFD594, 0xFFFFFF, 0xFFFEFD, 0xFFFFFF, 0xFFFFFF},
    {0xFFFDFE, 0xFFFFFF, 0xFA72BF, 0xFD0398, 0xF70395, 0xFD3278, 0xD28C31, 0xDE9A2E, 0xFFB62E, 0xFFAF2E, 0xFFB02E, 0xFFB52E, 0xD7942F, 0xD79530, 0xFFB731, 0xFFBF32, 0xFFE3B7, 0xFFFFFF, 0xFFFEFD, 0xFFFFFF},
    {0xFFFEFE, 0xFFFFFF, 0xFFFAE7, 0xF94574, 0xFC446F, 0x815631, 0x453230, 0x432A33, 0xA87430, 0xFFB62E, 0xFFB42E, 0x926430, 0x432C32, 0x432C32, 0x966632, 0xFFBD30, 0xFCB645, 0xFFFCF7, 0xFFFEFE, 0xFFFFFE},
    {0xFFFEFC, 0xFFFFFF, 0xFEDDA4, 0xFFC42E, 0xF1AD2D, 0x5E4130, 0xEDA22F, 0xBF832F, 0x6E4A31, 0xFFB72E, 0xFCAE2E, 0x624131, 0xD9952F, 0xD6942F, 0x644331, 0xFDB12F, 0xFFBB31, 0xFFE7C0, 0xFFFFFF, 0xFFFEFC},
    {0xFFFEFC, 0xFFFFFF, 0xFFC973, 0xFFBA31, 0xFFAF31, 0xFEAE2E, 0xFFB32E, 0xFFB82E, 0xFFB02E, 0xFFB02E, 0xFFAF2E, 0xFFB22E, 0xFFB82E, 0xFFB12E, 0xFDAD2F, 0xFFB030, 0xFFBB33, 0xFFD28E, 0xFFFFFF, 0xFFFEFC},
    {0xFFFFFE, 0xFFFFFF, 0xFFC15C, 0xFFB830, 0xFFB130, 0xFFB02E, 0xFEB12E, 0xD4922F, 0xF3A72E, 0xFDB02E, 0xFDB12E, 0xECA32E, 0xD8942F, 0xFEB62C, 0xFFB829, 0xFFAF31, 0xFFC02D, 0xFFD373, 0xFEFEFE, 0xFFFDFB},
    {0xFFFEFE, 0xFFFFFF, 0xFFBF57, 0xFFB730, 0xFDB030, 0xFEAF2E, 0xFFB62E, 0x543831, 0xBD812F, 0xFFBF2E, 0xFFC22E, 0x9F6C31, 0x684A2F, 0xFFAB37, 0xFA8A43, 0xFFB92C, 0xFFA23D, 0xFDA77F, 0xFFFFFF, 0xFFFDFC},
    {0xFFFFFD, 0xFFFFFF, 0xFFC666, 0xFFB930, 0xFFB130, 0xFCAC2F, 0xFFB92E, 0x986730, 0x513631, 0xD3962F, 0xCB8D2F, 0x452F31, 0xB07333, 0xFF2C7E, 0xF40093, 0xF93B71, 0xF81788, 0xFC0D9A, 0xFEC8E5, 0xFFFFFF},
    {0xFFFEFC, 0xFFFFFF, 0xFFD38C, 0xFFBB33, 0xFFAF31, 0xFFB72A, 0xFEB22D, 0xFBAF2E, 0x885D30, 0x4D3332, 0x4E3232, 0x9A6D2E, 0xFFA536, 0xF70C8B, 0xF7098D, 0xF70292, 0xF50C8F, 0xFF0D98, 0xFCB7DD, 0xFFFFFF},
    {0xFFFEFD, 0xFFFFFF, 0xFFF0D1, 0xFFC32C, 0xFFB72C, 0xFD9040, 0xFFAA31, 0xFFB42D, 0xFFB82E, 0xF8AB2E, 0xFBAD2E, 0xFFB62F, 0xFFBA28, 0xFA5562, 0xF70095, 0xF5138B, 0xFF0B96, 0xF945A7, 0xFFFCFD, 0xFFFDFE},
    {0xFFFEFF, 0xFFFFFF, 0xFEF1F8, 0xFA597A, 0xFC3974, 0xF50193, 0xF9436C, 0xFFB72A, 0xFDAD2F, 0xFFB22E, 0xFFB12E, 0xFDAE2E, 0xFFB12D, 0xFFB42C, 0xF83576, 0xFF009B, 0xFB2E9F, 0xFEE7F4, 0xFFFFFF, 0xFFFDFE},
    {0xFFFBFD, 0xFFFFFF, 0xFDB8DE, 0xFF029D, 0xF50791, 0xF60592, 0xF72281, 0xFFB22F, 0xFFB130, 0xFDAF2F, 0xFDAF2F, 0xFFB130, 0xFFAF30, 0xFFB52D, 0xFFB037, 0xFC528E, 0xFDDEF0, 0xFFFFFF, 0xFFFDFE, 0xFFFFFF},
    {0xFFFEFF, 0xFFFEFF, 0xFEEAF5, 0xF92A9A, 0xFF0E94, 0xFC0096, 0xFF6363, 0xFFC52A, 0xFFB330, 0xFFB42E, 0xFFB42F, 0xFFB62F, 0xFFBB30, 0xFFBA32, 0xFFCC6C, 0xFFFFE6, 0xFFFFFF, 0xFFFDFD, 0xFFFFFF, 0xFFFFFF},
    {0xFFFFFF, 0xFFFEFF, 0xFFFFFF, 0xFEE3F2, 0xFC4BAD, 0xF840AA, 0xFEDCB8, 0xFFCE72, 0xFFBE51, 0xFFB743, 0xFFB843, 0xFFC155, 0xFFCF7C, 0xFFEAC4, 0xFFFFFF, 0xFFFFFF, 0xFFFEFE, 0xFFFFFF, 0xFFFFFF, 0xFFFFFF},
    {0xFFFFFF, 0xFFFFFF, 0xFFFEFF, 0xFFFFFF, 0xFFFFFF, 0xFFFCFD, 0xFFFFFF, 0xFFFFFF, 0xFFFFFF, 0xFFFCF7, 0xFFFDF8, 0xFFFFFF, 0xFFFFFF, 0xFFFFFF, 0xFFFFFE, 0xFFFFFE, 0xFFFFFF, 0xFFFFFF, 0xFFFFFF, 0xFFFFFF},
    {0xFFFFFF, 0xFFFFFF, 0xFFFFFF, 0xFFFDFE, 0xFFFFFF, 0xFFFFFF, 0xFFFDFC, 0xFFFEFC, 0xFFFFFF, 0xFFFFFF, 0xFFFFFF, 0xFFFFFF, 0xFFFEFC, 0xFFFEFD, 0xFFFFFF, 0xFFFFFF, 0xFFFFFF, 0xFFFFFF, 0xFFFFFF, 0xFFFFFF},
};

/* === U+1F618  face throwing a kiss === */
static const unsigned int face_throwing_a_kiss_bw[EMOJI_ROWS] = {
    0x00000, 0x00000, 0x00000, 0x00000, 0x06000, 0x0C060, 0x08030, 0x000D0, 0x031E0, 0x031B0, 0x00000, 0x00370, 0x00378, 0x0037C, 0x0037C, 0x00378, 0x00000, 0x00000, 0x00000, 0x00000
};
static const unsigned int face_throwing_a_kiss_color[EMOJI_ROWS][EMOJI_COLS] = {
    {0xFFFFFF, 0xFFFFFF, 0xFFFFFF, 0xFFFFFF, 0xFFFFFF, 0xFFFEFD, 0xFFFFFE, 0xFFFFFF, 0xFFFFFF, 0xFFFFFF, 0xFFFFFF, 0xFFFFFF, 0xFFFFFF, 0xFFFFFD, 0xFFFEFD, 0xFFFFFF, 0xFFFFFF, 0xFFFFFF, 0xFFFFFF, 0xFFFFFF},
    {0xFFFFFF, 0xFFFFFF, 0xFFFFFF, 0xFFFEFE, 0xFFFEFD, 0xFFFFFF, 0xFFFFFF, 0xFFF7EA, 0xFFEECF, 0xFFE7BF, 0xFFE7C0, 0xFFEFD2, 0xFFF9EF, 0xFFFFFF, 0xFFFFFF, 0xFFFEFC, 0xFFFFFF, 0xFFFFFF, 0xFFFFFF, 0xFFFFFF},
    {0xFFFFFF, 0xFFFFFF, 0xFFFEFE, 0xFFFFFF, 0xFFFFFF, 0xFFE8C2, 0xFFCC68, 0xFFB738, 0xFFB831, 0xFFBB31, 0xFFBB31, 0xFFB731, 0xFFB63B, 0xFFCC73, 0xFFECCE, 0xFFFFFF, 0xFFFEFD, 0xFFFFFF, 0xFFFFFF, 0xFFFFFF},
    {0xFFFFFF, 0xFFFFFE, 0xFFFFFD, 0xFEFDFD, 0xFFD582, 0xFFC032, 0xFBAD30, 0xFFB12E, 0xFFB12F, 0xFFB12F, 0xFFB12F, 0xFFAF2E, 0xFFB22E, 0xFFB930, 0xFFB731, 0xFFD796, 0xFFFFFF, 0xFFFEFD, 0xFFFFFF, 0xFFFFFF},
    {0xFFFFFF, 0xFFFFFD, 0xFFFFFF, 0xFFD280, 0xFAB633, 0x8A6037, 0xA07235, 0xFCB032, 0xFEB02F, 0xFFB02E, 0xFFB02E, 0xFFB02E, 0xFFAF2F, 0xFFB32F, 0xFFBA2F, 0xFFC133, 0xFFD89B, 0xFFFFFF, 0xFFFEFD, 0xFFFFFF},
    {0xFFFEFC, 0xFFFFFF, 0xFFE8C0, 0xFFBC32, 0x835A35, 0xD28E24, 0xFFB01D, 0xFDA91F, 0xFFB02D, 0xFFB02F, 0xFEAF2E, 0xFFB22E, 0xF3A92E, 0x926430, 0xAB7630, 0xFFB530, 0xFFB731, 0xFEF0D8, 0xFFFFFF, 0xFFFEFD},
    {0xFFFEFD, 0xFFFFFF, 0xFFC55F, 0xFAB031, 0xD69129, 0xFFCE69, 0xFFE0A6, 0xFFD688, 0xFFB130, 0xFFAF2B, 0xFFB02F, 0xFEAF2E, 0xFFB72E, 0xFFB62E, 0xAA7530, 0x996832, 0xFFC230, 0xFCCB79, 0xFFFFFF, 0xFFFEFD},
    {0xFFFFFF, 0xFFF6E6, 0xFFB335, 0xFFAD22, 0xFFD789, 0xFFFFFF, 0xE0E1E9, 0xE5E7F1, 0xFFECC8, 0xFEAE2A, 0xFFB02E, 0xFFB52E, 0xCC8C2F, 0xB67D2F, 0xFFB12E, 0xBD8430, 0xFDAF2E, 0xFFB742, 0xFFFCF7, 0xFFFFFF},
    {0xFFFFFF, 0xFFE8C3, 0xFFBA2F, 0xFCB236, 0xFDFCF4, 0xE0DCDE, 0x3C2225, 0x483135, 0xECF0F9, 0xFEC86A, 0xFFB221, 0x9D6D32, 0x3E2932, 0x4D3331, 0x593C31, 0xFAAF2E, 0xFFB22E, 0xFFB330, 0xFFF2DB, 0xFFFFFF},
    {0xFFFFFF, 0xFFE1B0, 0xFFBB2E, 0xFDB43E, 0xFFFFFF, 0xE5E8F2, 0x4B3B4C, 0x574752, 0xF0F2FA, 0xFECC73, 0xFEAC20, 0x6A4834, 0xCD8D2F, 0xFFB92F, 0x6B4732, 0xC98830, 0xFFB82F, 0xFFB732, 0xFFECCC, 0xFFFFFF},
    {0xFFFFFF, 0xFFE1AF, 0xFFBD33, 0xFFAE2A, 0xFFDA9F, 0xFFE8BD, 0xF0CC95, 0xF3E1C5, 0xFFF5E2, 0xFFB436, 0xFFB42B, 0xFFB42F, 0xFFB22E, 0xFFBA2A, 0xFFB72A, 0xFEB62A, 0xFFAD31, 0xFFB733, 0xFFEBCC, 0xFFFFFF},
    {0xFFFFFF, 0xFFE9C3, 0xFFBB32, 0xFFB12F, 0xFFAD26, 0xFEAB22, 0xFFAE22, 0xFFB12E, 0xFFBA3B, 0xDF982B, 0x5C3E32, 0xC88830, 0xFEBB2A, 0xF96558, 0xF92C7C, 0xFD794D, 0xFFC124, 0xFFBB2C, 0xFFF0DB, 0xFFFFFF},
    {0xFFFFFF, 0xFFF5E5, 0xFFB332, 0xFFB02E, 0xFEB030, 0xFFB131, 0xFEB031, 0xFDAF2D, 0xFDB02B, 0xF3AE2F, 0x6C4831, 0x5C412F, 0xFFA736, 0xF60C8B, 0xF60096, 0xF60F8A, 0xFF5E60, 0xFB8C5B, 0xFFFFF7, 0xFFFFFF},
    {0xFFFEFD, 0xFFFFFF, 0xFFC05D, 0xFFB831, 0xFFB130, 0xFFB02E, 0xFFB02E, 0xFEAF2E, 0xFFB52F, 0xE29D2F, 0x472E32, 0x7E5A2E, 0xFFA637, 0xF51088, 0xF70B8C, 0xF70B8D, 0xF70395, 0xFC0E9A, 0xFDD4EB, 0xFFFFFF},
    {0xFFFEFC, 0xFFFFFF, 0xFFE6BE, 0xFFBD32, 0xFFB131, 0xFFB02E, 0xFFB02E, 0xFEB02E, 0xFDB12E, 0xF4AE2E, 0x714C31, 0x5C3D32, 0xFFB92C, 0xF7297B, 0xF60391, 0xF60E8C, 0xFE0C8F, 0xFF0E96, 0xFED2EA, 0xFFFFFF},
    {0xFFFFFF, 0xFFFFFD, 0xFFFFFF, 0xFFCD7C, 0xFFC132, 0xFFB131, 0xFFB130, 0xFDAE2F, 0xFFB52E, 0xDE992F, 0x4E3431, 0xB57A31, 0xFFC128, 0xF96B58, 0xF50196, 0xFF1091, 0xFC2AA0, 0xFCA4D4, 0xFFFFFF, 0xFFFDFE},
    {0xFFFFFF, 0xFFFFFE, 0xFFFEFD, 0xFFFDFC, 0xFFD07E, 0xFFBD32, 0xFFB82F, 0xFFB12E, 0xFFB02F, 0xFDB02F, 0xFAAE2F, 0xFFB52F, 0xFFB22E, 0xFFB831, 0xFF8A4C, 0xFFB0A8, 0xFEF8FA, 0xFFFFFF, 0xFFFEFE, 0xFFFFFF},
    {0xFFFFFF, 0xFFFFFF, 0xFFFFFE, 0xFFFFFF, 0xFFFFFF, 0xFFE6BD, 0xFFC663, 0xFFB536, 0xFFB931, 0xFFBC32, 0xFFBC32, 0xFFB731, 0xFFB73B, 0xFFCC6D, 0xFFF4C5, 0xFFFFFF, 0xFFFFFF, 0xFFFCFE, 0xFFFFFF, 0xFFFFFF},
    {0xFFFFFF, 0xFFFFFF, 0xFFFFFF, 0xFFFEFE, 0xFFFEFD, 0xFFFFFF, 0xFFFFFF, 0xFFF7E8, 0xFFEDCB, 0xFFE6BD, 0xFFE7BE, 0xFFEDCE, 0xFFF8EC, 0xFFFFFF, 0xFFFFFF, 0xFFFDFE, 0xFFFEFF, 0xFFFFFF, 0xFFFFFF, 0xFFFFFF},
    {0xFFFFFF, 0xFFFFFF, 0xFFFFFF, 0xFFFFFF, 0xFFFFFF, 0xFFFEFD, 0xFFFFFE, 0xFFFFFF, 0xFFFFFF, 0xFFFFFF, 0xFFFFFF, 0xFFFFFF, 0xFFFFFF, 0xFFFEFD, 0xFFFEFD, 0xFFFFFF, 0xFFFFFF, 0xFFFFFF, 0xFFFFFF, 0xFFFFFF},
};

/* === U+1F617  kissing face === */
static const unsigned int kissing_face_bw[EMOJI_ROWS] = {
    0x00000, 0x00000, 0x00000, 0x00000, 0x00000, 0x00000, 0x00000, 0x030C0, 0x030C0, 0x00000, 0x00300, 0x00380, 0x00380, 0x00380, 0x00380, 0x00300, 0x00000, 0x00000, 0x00000, 0x00000
};
static const unsigned int kissing_face_color[EMOJI_ROWS][EMOJI_COLS] = {
    {0xFFFFFF, 0xFFFFFF, 0xFFFFFF, 0xFFFFFF, 0xFFFFFF, 0xFFFEFD, 0xFFFFFE, 0xFFFFFF, 0xFFFFFF, 0xFFFFFF, 0xFFFFFF, 0xFFFFFF, 0xFFFFFF, 0xFFFFFD, 0xFFFEFD, 0xFFFFFF, 0xFFFFFF, 0xFFFFFF, 0xFFFFFF, 0xFFFFFF},
    {0xFFFFFF, 0xFFFFFF, 0xFFFFFF, 0xFFFEFE, 0xFFFEFD, 0xFFFFFF, 0xFFFFFF, 0xFFF7EA, 0xFFEECF, 0xFFE7BF, 0xFFE7C0, 0xFFEFD2, 0xFFF9EF, 0xFFFFFF, 0xFFFFFF, 0xFFFEFC, 0xFFFFFF, 0xFFFFFF, 0xFFFFFF, 0xFFFFFF},
    {0xFFFFFF, 0xFFFFFF, 0xFFFEFE, 0xFFFFFF, 0xFFFFFF, 0xFFE9C2, 0xFFC968, 0xFFB738, 0xFFB831, 0xFFBB31, 0xFFBB31, 0xFFB731, 0xFFB63B, 0xFFCC73, 0xFFECCE, 0xFFFFFF, 0xFFFEFD, 0xFFFFFF, 0xFFFFFF, 0xFFFFFF},
    {0xFFFFFF, 0xFFFFFE, 0xFFFFFD, 0xFFFFFD, 0xFFD182, 0xFFBC33, 0xFFBA33, 0xFFB231, 0xFFB130, 0xFFB12F, 0xFFB12F, 0xFFAF2F, 0xFFB331, 0xFFBB33, 0xFFB932, 0xFFD896, 0xFFFFFF, 0xFFFEFD, 0xFFFFFF, 0xFFFFFF},
    {0xFFFFFF, 0xFFFFFD, 0xFFFFFF, 0xFFCD80, 0xFFC234, 0xFFB02C, 0xFCA81F, 0xFCA920, 0xFFB02E, 0xFFB02E, 0xFFB02F, 0xFFAF2D, 0xFCA81F, 0xFCA820, 0xFFB02D, 0xFFC134, 0xFFD89B, 0xFFFFFF, 0xFFFEFD, 0xFFFFFF},
    {0xFFFEFC, 0xFFFFFF, 0xFFE7C0, 0xFFBE34, 0xFFAF29, 0xFFB742, 0xFFDE93, 0xFFD47D, 0xFFAE2A, 0xFFB02E, 0xFFAF2B, 0xFFB131, 0xFFDA88, 0xFFDA8C, 0xFFB339, 0xFFB02B, 0xFFB632, 0xFFF0D8, 0xFFFFFF, 0xFFFEFD},
    {0xFFFEFD, 0xFFFFFF, 0xFFC360, 0xFFB62C, 0xFFB741, 0xFFF7E9, 0xC7C5D0, 0xCECED9, 0xFFE4AD, 0xFEAB24, 0xFEAF2C, 0xFFEBC5, 0xC4C3CE, 0xD1D1DC, 0xFFF2D8, 0xFDB034, 0xFFBB2F, 0xFFCD79, 0xFFFFFF, 0xFFFEFD},
    {0xFFFFFF, 0xFFF6E6, 0xFFB436, 0xFDA81C, 0xFFDA8E, 0xDADCE8, 0x2D1114, 0x39222B, 0xE9E5E2, 0xFFB639, 0xFFC658, 0xD4D2D9, 0x280E15, 0x3E2629, 0xEDF1FA, 0xFFCA6F, 0xFFAE21, 0xFFB744, 0xFFFCF7, 0xFFFFFF},
    {0xFFFFFF, 0xFFE8C3, 0xFFBC34, 0xFDAB24, 0xFFCB70, 0xEDF1FC, 0x645259, 0x706572, 0xF5EEE0, 0xFEB02E, 0xFDBA45, 0xE7E5E6, 0x5F505B, 0x756770, 0xF7FAFF, 0xFEBF55, 0xFFAC26, 0xFFB432, 0xFFF2DB, 0xFFFFFF},
    {0xFFFFFF, 0xFFE1AF, 0xFFBD32, 0xFFB131, 0xFFAD28, 0xFFDEA1, 0xFFF8ED, 0xFFF4DF, 0xFFC865, 0xFFAC27, 0xFFB325, 0xFFD97B, 0xFEF4E5, 0xFFF9EC, 0xFFD48B, 0xFFAC25, 0xFFB131, 0xFFB932, 0xFFECCC, 0xFFFFFF},
    {0xFFFFFF, 0xFFE1AF, 0xFFBD32, 0xFFB030, 0xFFB02D, 0xFEAB23, 0xFFB53A, 0xFFB130, 0xFDAB24, 0xFFB62F, 0xC78930, 0xBD7D24, 0xFFB735, 0xFEB337, 0xFFAB23, 0xFFB02F, 0xFFB02F, 0xFFB932, 0xFFEBCC, 0xFFFFFF},
    {0xFFFFFF, 0xFFE9C3, 0xFFBB32, 0xFFB12F, 0xFFB02E, 0xFFB130, 0xFFAE2B, 0xFFAF2D, 0xFDAF30, 0xFFB62E, 0xB27B2F, 0x342234, 0xC3862D, 0xFFB62B, 0xFDAF31, 0xFFB02E, 0xFFAF2F, 0xFFB430, 0xFFF1DA, 0xFFFFFF},
    {0xFFFFFF, 0xFFF5E5, 0xFFB332, 0xFFB02E, 0xFFB02E, 0xFFB02E, 0xFFB02F, 0xFFB02F, 0xFDAF2E, 0xFFB62E, 0xBD832F, 0x3C2632, 0xBE8230, 0xFFB92F, 0xFCAE2E, 0xFFAF2F, 0xFFB32E, 0xFFB640, 0xFFFCF6, 0xFFFFFF},
    {0xFFFEFD, 0xFFFFFF, 0xFFC05D, 0xFFB831, 0xFFB130, 0xFFB02E, 0xFFB02E, 0xFFB02E, 0xFDAF2E, 0xFFB52E, 0xC3872F, 0x3C2732, 0xBB802F, 0xFFB92E, 0xFCAE2E, 0xFFB030, 0xFFBB30, 0xFFCC78, 0xFFFFFF, 0xFFFEFD},
    {0xFFFEFC, 0xFFFFFF, 0xFFE6BE, 0xFFBD32, 0xFFB131, 0xFFB02E, 0xFFB02E, 0xFFB02E, 0xFDAE2E, 0xFFB72E, 0xAC7730, 0x362332, 0xC98B2F, 0xFFB72E, 0xFCAE2F, 0xFFB230, 0xFFB731, 0xFFF0D7, 0xFFFFFF, 0xFFFEFD},
    {0xFFFFFF, 0xFFFFFD, 0xFFFFFF, 0xFFCD7C, 0xFFC132, 0xFFB131, 0xFFB130, 0xFFB02F, 0xFEAF2E, 0xFFB42E, 0xCF8E2F, 0xCA8B2F, 0xFFB52F, 0xFDB02F, 0xFFB130, 0xFFC133, 0xFFD898, 0xFFFFFF, 0xFFFEFD, 0xFFFFFF},
    {0xFFFFFF, 0xFFFFFE, 0xFFFEFD, 0xFFFDFC, 0xFFD07E, 0xFFBD32, 0xFFB82F, 0xFFB12E, 0xFFB02F, 0xFFB02F, 0xFFB72F, 0xFFB82F, 0xFFB02E, 0xFFB930, 0xFFBA32, 0xFFD692, 0xFFFFFF, 0xFFFEFC, 0xFFFFFF, 0xFFFFFF},
    {0xFFFFFF, 0xFFFFFF, 0xFFFFFE, 0xFFFFFF, 0xFFFFFF, 0xFFE6BD, 0xFFC663, 0xFFB536, 0xFFB931, 0xFFBC32, 0xFFBA32, 0xFFB731, 0xFFB83B, 0xFFCC6F, 0xFFECCB, 0xFFFFFF, 0xFFFEFD, 0xFFFFFF, 0xFFFFFF, 0xFFFFFF},
    {0xFFFFFF, 0xFFFFFF, 0xFFFFFF, 0xFFFEFE, 0xFFFEFD, 0xFFFFFF, 0xFFFFFF, 0xFFF7E8, 0xFFEDCB, 0xFFE6BD, 0xFFE7BE, 0xFFEDCE, 0xFFF8EC, 0xFFFFFF, 0xFFFFFF, 0xFFFFFD, 0xFFFFFF, 0xFFFFFF, 0xFFFFFF, 0xFFFFFF},
    {0xFFFFFF, 0xFFFFFF, 0xFFFFFF, 0xFFFFFF, 0xFFFFFF, 0xFFFEFD, 0xFFFFFE, 0xFFFFFF, 0xFFFFFF, 0xFFFFFF, 0xFFFFFF, 0xFFFFFF, 0xFFFFFF, 0xFFFEFD, 0xFFFEFD, 0xFFFFFF, 0xFFFFFF, 0xFFFFFF, 0xFFFFFF, 0xFFFFFF},
};

/* === U+1F928  face with one eyebrow raised === */
static const unsigned int face_with_one_eyebrow_raised_bw[EMOJI_ROWS] = {
    0x00000, 0x00000, 0x00000, 0x00000, 0x000C0, 0x070E0, 0x00000, 0x00000, 0x030C0, 0x030C0, 0x00000, 0x00000, 0x01F00, 0x00F00, 0x00000, 0x00000, 0x00000, 0x00000, 0x00000, 0x00000
};
static const unsigned int face_with_one_eyebrow_raised_color[EMOJI_ROWS][EMOJI_COLS] = {
    {0xFFFFFF, 0xFFFFFF, 0xFFFFFF, 0xFFFFFF, 0xFFFFFF, 0xFFFEFD, 0xFFFEFD, 0xFFFFFF, 0xFFFFFF, 0xFFFFFF, 0xFFFFFF, 0xFFFFFF, 0xFFFFFF, 0xFFFFFD, 0xFFFEFD, 0xFFFFFF, 0xFFFFFF, 0xFFFFFF, 0xFFFFFF, 0xFFFFFF},
    {0xFFFFFF, 0xFFFFFF, 0xFFFFFF, 0xFFFEFE, 0xFFFEFD, 0xFFFFFF, 0xFFFFFF, 0xFFF7EA, 0xFFEECF, 0xFFE7BF, 0xFFE7C0, 0xFFEFD2, 0xFFF9EF, 0xFFFFFF, 0xFFFFFF, 0xFFFEFC, 0xFFFFFF, 0xFFFFFF, 0xFFFFFF, 0xFFFFFF},
    {0xFFFFFF, 0xFFFFFF, 0xFFFEFE, 0xFFFFFF, 0xFFFFFF, 0xFFE8C2, 0xFFC968, 0xFFB738, 0xFFB831, 0xFFBB31, 0xFFBB31, 0xFFB731, 0xFCB53B, 0xFDCB73, 0xFEECCE, 0xFFFFFF, 0xFFFEFD, 0xFFFFFF, 0xFFFFFF, 0xFFFFFF},
    {0xFFFFFF, 0xFFFFFE, 0xFFFFFD, 0xFFFEFD, 0xFFD182, 0xFFBB32, 0xFFB730, 0xFFB02E, 0xFFB02F, 0xFFB12F, 0xFFB12F, 0xFFAF2E, 0xFFB92E, 0xFFC430, 0xFFBB31, 0xFFD796, 0xFFFFFF, 0xFFFEFD, 0xFFFFFF, 0xFFFFFF},
    {0xFFFFFF, 0xFFFFFD, 0xFFFFFF, 0xFFCD80, 0xFFC132, 0xFFB733, 0xFFBC33, 0xFFB832, 0xFFB02F, 0xFFB02E, 0xFEB02E, 0xFDB12F, 0xCA8C33, 0xB47D34, 0xEFA732, 0xFFC333, 0xFFD89B, 0xFFFFFF, 0xFFFEFD, 0xFFFFFF},
    {0xFFFEFC, 0xFFFFFF, 0xFFE7C0, 0xFFBD32, 0xFFB331, 0xA96F23, 0xBF7F1F, 0xA16820, 0xEAA12C, 0xFFB32F, 0xFFB52F, 0xDC962A, 0x9B6420, 0xB07321, 0xAE7425, 0xFFB831, 0xFEB531, 0xFFF0D8, 0xFFFFFF, 0xFFFEFD},
    {0xFFFEFD, 0xFFFFFF, 0xFFC25F, 0xFFB731, 0xFFB22A, 0xDFB77D, 0xADA8B4, 0xD1BA9E, 0xFDB436, 0xFEAF2B, 0xFFAE29, 0xFEB641, 0xFFEDAC, 0xFFF6BD, 0xFFC96D, 0xFFAC28, 0xFFBC32, 0xFFCD79, 0xFFFFFF, 0xFFFEFD},
    {0xFFFFFF, 0xFFF6E6, 0xFFB435, 0xFFAC21, 0xFED18A, 0xFFFFFF, 0xE3DDD9, 0xE4E2E6, 0xFFEECE, 0xFEAD27, 0xFFB235, 0xFFF6E2, 0xCFD0DC, 0xD9DAE4, 0xFFFFFF, 0xFDC770, 0xFFAF23, 0xFFB744, 0xFFFCF7, 0xFFFFFF},
    {0xFFFFFF, 0xFFE8C3, 0xFFBB32, 0xFCAE2C, 0xFFFBE6, 0xDBDADF, 0x30171E, 0x3D262D, 0xE9EBF1, 0xFFBD4B, 0xFFCD6D, 0xD6D8E3, 0x2F151A, 0x442C30, 0xEEEFF4, 0xFFEDCA, 0xFDAA22, 0xFFB532, 0xFFF2DB, 0xFFFFFF},
    {0xFFFFFF, 0xFFE1B0, 0xFFBD33, 0xFDAC28, 0xFFF3D7, 0xE9EAF0, 0x574245, 0x635158, 0xF2F3F8, 0xFEB841, 0xFFC65F, 0xE5E7F2, 0x533E43, 0x685557, 0xF5F8FE, 0xFEE6BA, 0xFDAB22, 0xFFBA34, 0xFFECCD, 0xFFFFFF},
    {0xFFFFFF, 0xFFE1AF, 0xFFBE34, 0xFFAD27, 0xFFC363, 0xFFFFF8, 0xF8FCFF, 0xF9FBFF, 0xFEDB9F, 0xFCAA24, 0xFCAC2A, 0xFFE4B8, 0xF7F9FF, 0xFCFFFF, 0xFFF9EB, 0xFFBC4E, 0xFFAE28, 0xFFB933, 0xFFEBCC, 0xFFFFFF},
    {0xFFFFFF, 0xFFE9C3, 0xFFBB31, 0xFFB131, 0xFFAD25, 0xFFBA49, 0xFFCE7C, 0xFFC960, 0xFFB825, 0xFFBB2E, 0xFFBA2C, 0xFFB929, 0xFFCB6A, 0xFFCD7A, 0xFFB740, 0xFFAD26, 0xFFB030, 0xFFB430, 0xFFF1DA, 0xFFFFFF},
    {0xFFFFFF, 0xFFF5E5, 0xFFB332, 0xFFB02D, 0xFEB130, 0xFDAC28, 0xFEB01F, 0xD08B25, 0x714D32, 0x795231, 0x785231, 0x765031, 0xE09623, 0xFEAF20, 0xFDAD2A, 0xFFB031, 0xFFB32E, 0xFFB640, 0xFFFCF6, 0xFFFFFF},
    {0xFFFEFD, 0xFFFFFF, 0xFFC05D, 0xFFB831, 0xFFB130, 0xFEAF2F, 0xFFB631, 0xD79531, 0x835930, 0x8A5E30, 0x895D30, 0x875C31, 0xE59F31, 0xFFB531, 0xFEB02F, 0xFFB030, 0xFFBB30, 0xFFCC78, 0xFFFFFF, 0xFFFEFD},
    {0xFFFEFC, 0xFFFFFF, 0xFFE6BE, 0xFFBD32, 0xFFB131, 0xFFB02E, 0xFFAF2E, 0xFFB52E, 0xFFBC2E, 0xFFBB2E, 0xFFBB2E, 0xFFBC2E, 0xFFB32E, 0xFFAF2E, 0xFFAF2F, 0xFFB230, 0xFFB731, 0xFFF0D7, 0xFFFFFF, 0xFFFEFD},
    {0xFFFFFF, 0xFFFFFD, 0xFFFFFF, 0xFFCD7C, 0xFFC132, 0xFFB131, 0xFFB130, 0xFDAF2F, 0xFCAE2E, 0xFCAE2E, 0xFCAE2E, 0xFCAE2E, 0xFDAF2F, 0xFFB12F, 0xFFB130, 0xFFC133, 0xFFD898, 0xFFFFFF, 0xFFFEFD, 0xFFFFFF},
    {0xFFFFFF, 0xFFFFFE, 0xFFFEFD, 0xFFFEFC, 0xFFD07F, 0xFFBC32, 0xFFB830, 0xFFB12E, 0xFFB02F, 0xFFB12F, 0xFFB12F, 0xFFB02F, 0xFFB12E, 0xFFB930, 0xFFBA32, 0xFFD692, 0xFFFFFF, 0xFFFEFC, 0xFFFFFF, 0xFFFFFF},
    {0xFFFFFF, 0xFFFFFF, 0xFFFFFE, 0xFFFFFF, 0xFFFFFF, 0xFFE7BE, 0xFFC663, 0xFFB436, 0xFFB931, 0xFFBC32, 0xFFBC32, 0xFFB831, 0xFFB83B, 0xFFCC6F, 0xFFECCB, 0xFFFFFF, 0xFFFEFD, 0xFFFFFF, 0xFFFFFF, 0xFFFFFF},
    {0xFFFFFF, 0xFFFFFF, 0xFFFFFF, 0xFFFEFE, 0xFFFEFD, 0xFFFFFF, 0xFFFFFF, 0xFFF7E8, 0xFFEDCB, 0xFFE6BD, 0xFFE7BE, 0xFFEDCE, 0xFFF8EC, 0xFFFFFF, 0xFFFFFF, 0xFFFFFD, 0xFFFFFF, 0xFFFFFF, 0xFFFFFF, 0xFFFFFF},
    {0xFFFFFF, 0xFFFFFF, 0xFFFFFF, 0xFFFFFF, 0xFFFFFF, 0xFFFEFD, 0xFFFFFE, 0xFFFFFF, 0xFFFFFF, 0xFFFFFF, 0xFFFFFF, 0xFFFFFF, 0xFFFFFF, 0xFFFEFD, 0xFFFEFD, 0xFFFFFF, 0xFFFFFF, 0xFFFFFF, 0xFFFFFF, 0xFFFFFF},
};

/* === U+1F610  neutral face === */
static const unsigned int neutral_face_bw[EMOJI_ROWS] = {
    0x00000, 0x00000, 0x00000, 0x00000, 0x00000, 0x00000, 0x00000, 0x030C0, 0x030C0, 0x00000, 0x00000, 0x00000, 0x03FC0, 0x00000, 0x00000, 0x00000, 0x00000, 0x00000, 0x00000, 0x00000
};
static const unsigned int neutral_face_color[EMOJI_ROWS][EMOJI_COLS] = {
    {0xFFFFFF, 0xFFFFFF, 0xFFFFFF, 0xFFFFFF, 0xFFFFFF, 0xFFFEFD, 0xFFFFFE, 0xFFFFFF, 0xFFFFFF, 0xFFFFFF, 0xFFFFFF, 0xFFFFFF, 0xFFFFFF, 0xFFFFFD, 0xFFFEFD, 0xFFFFFF, 0xFFFFFF, 0xFFFFFF, 0xFFFFFF, 0xFFFFFF},
    {0xFFFFFF, 0xFFFFFF, 0xFFFFFF, 0xFFFEFE, 0xFFFEFD, 0xFFFFFF, 0xFFFFFF, 0xFFF7EA, 0xFFEECF, 0xFFE7BF, 0xFFE7C0, 0xFFEFD2, 0xFFF9EF, 0xFFFFFF, 0xFFFFFF, 0xFFFEFC, 0xFFFFFF, 0xFFFFFF, 0xFFFFFF, 0xFFFFFF},
    {0xFFFFFF, 0xFFFFFF, 0xFFFEFE, 0xFFFFFF, 0xFFFFFF, 0xFFE9C2, 0xFFC968, 0xFFB738, 0xFFB831, 0xFFBB31, 0xFFBB31, 0xFFB731, 0xFFB73C, 0xFFCE73, 0xFFECCE, 0xFFFFFF, 0xFFFEFD, 0xFFFFFF, 0xFFFFFF, 0xFFFFFF},
    {0xFFFFFF, 0xFFFFFE, 0xFFFFFD, 0xFFFEFD, 0xFFD182, 0xFFBD34, 0xFFB82F, 0xFFB12F, 0xFFB131, 0xFFB12F, 0xFFB12F, 0xFFB031, 0xFFB22F, 0xFFBA2F, 0xFFBA34, 0xFFD897, 0xFFFFFF, 0xFFFEFD, 0xFFFFFF, 0xFFFFFF},
    {0xFFFFFF, 0xFFFFFD, 0xFFFFFF, 0xFFCF81, 0xFFC02F, 0xFFAD26, 0xFBAF30, 0xFCAA26, 0xFFAD27, 0xFFB02F, 0xFFB02F, 0xFFAC24, 0xFBAB28, 0xFBAE2F, 0xFFAD24, 0xFFC032, 0xFFD99B, 0xFFFFFF, 0xFFFEFD, 0xFFFFFF},
    {0xFFFEFC, 0xFFFFFF, 0xFFE8C1, 0xFFBC30, 0xFDB438, 0xFFE0AC, 0xFFFFEE, 0xFFF6D3, 0xFFBD51, 0xFFAE28, 0xFFAD26, 0xFFC564, 0xFFFCDF, 0xFFFFEC, 0xFFD89B, 0xFFB12E, 0xFFB631, 0xFFF0D9, 0xFFFFFF, 0xFFFEFD},
    {0xFFFEFD, 0xFFFFFF, 0xFFC361, 0xFFB324, 0xFFDFAD, 0xFEFFFF, 0xB4ACB0, 0xBCB9C4, 0xFFF7EA, 0xFEAF2D, 0xFEB842, 0xFDFAF7, 0xB0ABB4, 0xC0BABF, 0xFFFFFF, 0xFDD48F, 0xFFB623, 0xFFCE7D, 0xFFFFFF, 0xFFFEFD},
    {0xFFFFFF, 0xFFF6E6, 0xFFB332, 0xFDAE2C, 0xFFFEEC, 0xD8D5D9, 0x260C13, 0x321920, 0xE6E7ED, 0xFFBF4F, 0xFFD074, 0xD1D1DC, 0x22070C, 0x371E24, 0xECECF1, 0xFFEFCF, 0xFFAE23, 0xFFB744, 0xFFFCF7, 0xFFFFFF},
    {0xFFFFFF, 0xFFE8C3, 0xFFBB33, 0xFDAC25, 0xFEEAC4, 0xF2F5FD, 0x776669, 0x827780, 0xF8F7F4, 0xFEB336, 0xFEBF51, 0xEFF1F8, 0x73636B, 0x88787C, 0xF9FEFF, 0xFEDDA4, 0xFFAA20, 0xFFB533, 0xFFF2DB, 0xFFFFFF},
    {0xFFFFFF, 0xFFE1AF, 0xFFBD33, 0xFFAE2A, 0xFFB947, 0xFFF1D6, 0xFFFFFF, 0xFFFEF3, 0xFFCB75, 0xFDAB25, 0xFDAB26, 0xFFD58C, 0xFFFFF9, 0xFFFFFF, 0xFFEAC6, 0xFFB439, 0xFFAF2C, 0xFFB933, 0xFFECCC, 0xFFFFFF},
    {0xFFFFFF, 0xFFE1AF, 0xFFBD32, 0xFFB132, 0xFFAE27, 0xFFAF2E, 0xFFBD4D, 0xFFBA39, 0xFFB223, 0xFFB72F, 0xFFB62E, 0xFFB122, 0xFFBC3F, 0xFFBC4B, 0xFFAE2A, 0xFFAE2A, 0xFFB130, 0xFFB932, 0xFFEBCC, 0xFFFFFF},
    {0xFFFFFF, 0xFFE9C3, 0xFFBB32, 0xFFB12F, 0xFEB030, 0xFFB22E, 0xEEA127, 0xD6922B, 0xD99631, 0xD9952E, 0xD9952F, 0xD99631, 0xD7922A, 0xF2A427, 0xFFB22F, 0xFEB02F, 0xFFAF2E, 0xFFB430, 0xFFF1DA, 0xFFFFFF},
    {0xFFFFFF, 0xFFF5E5, 0xFFB332, 0xFFB02E, 0xFCAE2E, 0xFFB92E, 0x9D6C31, 0x3B2733, 0x4A3132, 0x482F32, 0x482F32, 0x4A3132, 0x3C2833, 0xB47C31, 0xFFB92E, 0xFBAD2F, 0xFFB32E, 0xFFB640, 0xFFFCF6, 0xFFFFFF},
    {0xFFFEFD, 0xFFFFFF, 0xFFC05D, 0xFFB831, 0xFFB130, 0xFFB12E, 0xFAAC2E, 0xEEA42E, 0xEFA52E, 0xEFA52E, 0xEFA52E, 0xEFA52E, 0xEFA52E, 0xFCAE2E, 0xFFB12E, 0xFFB030, 0xFFBB30, 0xFFCC78, 0xFFFFFF, 0xFFFEFD},
    {0xFFFEFC, 0xFFFFFF, 0xFFE6BE, 0xFFBD32, 0xFFB131, 0xFFB02E, 0xFFB12E, 0xFFB32E, 0xFFB32E, 0xFFB32E, 0xFFB32E, 0xFFB32E, 0xFFB32E, 0xFFB12E, 0xFFAF2F, 0xFFB230, 0xFFB731, 0xFFF0D7, 0xFFFFFF, 0xFFFEFD},
    {0xFFFFFF, 0xFFFFFD, 0xFFFFFF, 0xFFCD7C, 0xFFC132, 0xFFB131, 0xFFB130, 0xFDAF2F, 0xFEAF2E, 0xFEAF2E, 0xFEAF2E, 0xFEAF2E, 0xFDAF2F, 0xFFB030, 0xFFB130, 0xFFC133, 0xFFD898, 0xFFFFFF, 0xFFFEFD, 0xFFFFFF},
    {0xFFFFFF, 0xFFFFFE, 0xFFFEFD, 0xFFFDFC, 0xFFD07E, 0xFFBD32, 0xFFB82F, 0xFFB12E, 0xFFB02F, 0xFFB12F, 0xFFB12F, 0xFFB02F, 0xFFB12E, 0xFFB930, 0xFFBA32, 0xFFD692, 0xFFFFFF, 0xFFFEFC, 0xFFFFFF, 0xFFFFFF},
    {0xFFFFFF, 0xFFFFFF, 0xFFFFFE, 0xFFFFFF, 0xFFFFFF, 0xFFE6BD, 0xFFC663, 0xFFB536, 0xFFB931, 0xFFBC32, 0xFFBC32, 0xFFB831, 0xFFB83B, 0xFFCC6F, 0xFFECCB, 0xFFFFFF, 0xFFFEFD, 0xFFFFFF, 0xFFFFFF, 0xFFFFFF},
    {0xFFFFFF, 0xFFFFFF, 0xFFFFFF, 0xFFFEFE, 0xFFFEFD, 0xFFFFFF, 0xFFFFFF, 0xFFF7E8, 0xFFEDCB, 0xFFE6BD, 0xFFE7BE, 0xFFEDCE, 0xFFF8EC, 0xFFFFFF, 0xFFFFFF, 0xFFFFFD, 0xFFFFFF, 0xFFFFFF, 0xFFFFFF, 0xFFFFFF},
    {0xFFFFFF, 0xFFFFFF, 0xFFFFFF, 0xFFFFFF, 0xFFFFFF, 0xFFFEFD, 0xFFFFFE, 0xFFFFFF, 0xFFFFFF, 0xFFFFFF, 0xFFFFFF, 0xFFFFFF, 0xFFFFFF, 0xFFFEFD, 0xFFFEFD, 0xFFFFFF, 0xFFFFFF, 0xFFFFFF, 0xFFFFFF, 0xFFFFFF},
};

/* === U+1F611  expressionless face === */
static const unsigned int expressionless_face_bw[EMOJI_ROWS] = {
    0x00000, 0x00000, 0x00000, 0x00000, 0x00000, 0x00000, 0x00000, 0x079E0, 0x079E0, 0x00000, 0x00000, 0x00000, 0x03FC0, 0x00000, 0x00000, 0x00000, 0x00000, 0x00000, 0x00000, 0x00000
};
static const unsigned int expressionless_face_color[EMOJI_ROWS][EMOJI_COLS] = {
    {0xFFFFFF, 0xFFFFFF, 0xFFFFFF, 0xFFFFFF, 0xFFFFFF, 0xFFFEFD, 0xFFFFFE, 0xFFFFFF, 0xFFFFFF, 0xFFFFFF, 0xFFFFFF, 0xFFFFFF, 0xFFFFFF, 0xFFFFFD, 0xFFFEFD, 0xFFFFFF, 0xFFFFFF, 0xFFFFFF, 0xFFFFFF, 0xFFFFFF},
    {0xFFFFFF, 0xFFFFFF, 0xFFFFFF, 0xFFFEFE, 0xFFFEFD, 0xFFFFFF, 0xFFFFFF, 0xFFF7EA, 0xFFEECF, 0xFFE7BF, 0xFFE7C0, 0xFFEFD2, 0xFFF9EF, 0xFFFFFF, 0xFFFFFF, 0xFFFEFC, 0xFFFFFF, 0xFFFFFF, 0xFFFFFF, 0xFFFFFF},
    {0xFFFFFF, 0xFFFFFF, 0xFFFEFE, 0xFFFFFF, 0xFFFFFF, 0xFFE9C2, 0xFFC968, 0xFFB738, 0xFFB831, 0xFFBB31, 0xFFBB31, 0xFFB731, 0xFFB63B, 0xFFCC73, 0xFFECCE, 0xFFFFFF, 0xFFFEFD, 0xFFFFFF, 0xFFFFFF, 0xFFFFFF},
    {0xFFFFFF, 0xFFFFFE, 0xFFFFFD, 0xFFFFFD, 0xFFD182, 0xFFBC32, 0xFFB930, 0xFFB12E, 0xFFB02F, 0xFFB12F, 0xFFB12F, 0xFFAF2E, 0xFFB22E, 0xFFBA30, 0xFFB831, 0xFFD896, 0xFFFFFF, 0xFFFEFD, 0xFFFFFF, 0xFFFFFF},
    {0xFFFFFF, 0xFFFFFD, 0xFFFFFF, 0xFFCD80, 0xFFC132, 0xFFB231, 0xFFB130, 0xFFB02F, 0xFFB02E, 0xFFB02E, 0xFFB02E, 0xFFB02E, 0xFFAF2F, 0xFFB02F, 0xFFB12F, 0xFFC133, 0xFFD99B, 0xFFFFFF, 0xFFFEFD, 0xFFFFFF},
    {0xFFFEFC, 0xFFFFFF, 0xFFE7C0, 0xFFBD32, 0xFFB231, 0xFDAE2E, 0xFCAE2E, 0xFCAE2E, 0xFDAF2E, 0xFFB02E, 0xFFB02E, 0xFDAE2E, 0xFCAE2E, 0xFCAE2E, 0xFCAE2F, 0xFFB230, 0xFFB631, 0xFFF0D8, 0xFFFFFF, 0xFFFEFD},
    {0xFFFEFD, 0xFFFFFF, 0xFFC25D, 0xFFB831, 0xFFB030, 0xFFB82E, 0xFFBB2E, 0xFFBB2E, 0xFFB72E, 0xFFAF2E, 0xFFB02E, 0xFFB82E, 0xFFBB2E, 0xFFBB2E, 0xFFB62E, 0xFFAF30, 0xFFBC31, 0xFFCD79, 0xFFFFFF, 0xFFFEFD},
    {0xFFFFFF, 0xFFF6E6, 0xFFB333, 0xFEB02E, 0xFFB22E, 0xC7882F, 0xA97430, 0xA97430, 0xCD8D2F, 0xFFB32E, 0xFFB12E, 0xC3862F, 0xAA7430, 0xA97330, 0xD1902F, 0xFFB32F, 0xFFB22E, 0xFFB742, 0xFFFCF7, 0xFFFFFF},
    {0xFFFFFF, 0xFFE8C3, 0xFFBB32, 0xFDB02F, 0xFFB42E, 0x8A5E30, 0x553931, 0x533831, 0x976730, 0xFFB62E, 0xFEB22E, 0x835930, 0x563931, 0x533731, 0x9F6C30, 0xFFB72E, 0xFDAE2F, 0xFFB430, 0xFFF2DB, 0xFFFFFF},
    {0xFFFFFF, 0xFFE1AF, 0xFFBD32, 0xFFB030, 0xFFB02E, 0xFFB52E, 0xFFB52E, 0xFFB42E, 0xFFB42E, 0xFDAF2E, 0xFDAF2E, 0xFFB42E, 0xFFB42E, 0xFFB52E, 0xFFB52E, 0xFFB02E, 0xFFB02F, 0xFFB932, 0xFFECCC, 0xFFFFFF},
    {0xFFFFFF, 0xFFE1AF, 0xFFBD32, 0xFFB030, 0xFFB02E, 0xFEAF2E, 0xFFB22E, 0xFFB62E, 0xFFB52E, 0xFFB62E, 0xFFB62E, 0xFFB52E, 0xFFB62E, 0xFFB12E, 0xFEAF2E, 0xFFB02E, 0xFFB02F, 0xFFB932, 0xFFEBCC, 0xFFFFFF},
    {0xFFFFFF, 0xFFE9C3, 0xFFBB32, 0xFFB12F, 0xFEB02E, 0xFFB22E, 0xEEA42E, 0xD6932F, 0xD9952F, 0xD9952F, 0xD9952F, 0xD9952F, 0xD7942F, 0xF2A72E, 0xFFB12E, 0xFEB02E, 0xFFAF2F, 0xFFB430, 0xFFF1DA, 0xFFFFFF},
    {0xFFFFFF, 0xFFF5E5, 0xFFB332, 0xFFB02E, 0xFCAE2E, 0xFFB92E, 0x9D6B30, 0x3B2732, 0x4A3132, 0x482F32, 0x482F32, 0x4A3132, 0x3C2732, 0xB47B30, 0xFFB92E, 0xFBAD2F, 0xFFB32E, 0xFFB640, 0xFFFCF6, 0xFFFFFF},
    {0xFFFEFD, 0xFFFFFF, 0xFFC05D, 0xFFB831, 0xFFB130, 0xFFB12E, 0xFAAC2E, 0xEEA42E, 0xEFA52E, 0xEFA52E, 0xEFA52E, 0xEFA52E, 0xEFA52E, 0xFCAE2E, 0xFFB12E, 0xFFB030, 0xFFBB30, 0xFFCC78, 0xFFFFFF, 0xFFFEFD},
    {0xFFFEFC, 0xFFFFFF, 0xFFE6BE, 0xFFBD32, 0xFFB131, 0xFFB02E, 0xFFB12E, 0xFFB32E, 0xFFB32E, 0xFFB32E, 0xFFB32E, 0xFFB32E, 0xFFB32E, 0xFFB12E, 0xFFAF2F, 0xFFB230, 0xFFB731, 0xFFF0D7, 0xFFFFFF, 0xFFFEFD},
    {0xFFFFFF, 0xFFFFFD, 0xFFFFFF, 0xFFCD7C, 0xFFC132, 0xFFB131, 0xFFB130, 0xFDAF2F, 0xFEAF2E, 0xFEAF2E, 0xFEAF2E, 0xFEAF2E, 0xFDAF2F, 0xFFB030, 0xFFB130, 0xFFC133, 0xFFD898, 0xFFFFFF, 0xFFFEFD, 0xFFFFFF},
    {0xFFFFFF, 0xFFFFFE, 0xFFFEFD, 0xFFFDFC, 0xFFD07E, 0xFFBD32, 0xFFB82F, 0xFFB12E, 0xFFB02F, 0xFFB12F, 0xFFB12F, 0xFFB02F, 0xFFB12E, 0xFFB930, 0xFFBA32, 0xFFD692, 0xFFFFFF, 0xFFFEFC, 0xFFFFFF, 0xFFFFFF},
    {0xFFFFFF, 0xFFFFFF, 0xFFFFFE, 0xFFFFFF, 0xFFFFFF, 0xFFE6BD, 0xFFC663, 0xFFB536, 0xFFB931, 0xFFBC32, 0xFFBC32, 0xFFB831, 0xFFB83B, 0xFFCC6F, 0xFFECCB, 0xFFFFFF, 0xFFFEFD, 0xFFFFFF, 0xFFFFFF, 0xFFFFFF},
    {0xFFFFFF, 0xFFFFFF, 0xFFFFFF, 0xFFFEFE, 0xFFFEFD, 0xFFFFFF, 0xFFFFFF, 0xFFF7E8, 0xFFEDCB, 0xFFE6BD, 0xFFE7BE, 0xFFEDCE, 0xFFF8EC, 0xFFFFFF, 0xFFFFFF, 0xFFFFFD, 0xFFFFFF, 0xFFFFFF, 0xFFFFFF, 0xFFFFFF},
    {0xFFFFFF, 0xFFFFFF, 0xFFFFFF, 0xFFFFFF, 0xFFFFFF, 0xFFFEFD, 0xFFFFFE, 0xFFFFFF, 0xFFFFFF, 0xFFFFFF, 0xFFFFFF, 0xFFFFFF, 0xFFFFFF, 0xFFFEFD, 0xFFFEFD, 0xFFFFFF, 0xFFFFFF, 0xFFFFFF, 0xFFFFFF, 0xFFFFFF},
};

/* === U+1F615  confused face === */
static const unsigned int confused_face_bw[EMOJI_ROWS] = {
    0x00000, 0x00000, 0x00000, 0x00000, 0x00000, 0x00000, 0x00000, 0x030C0, 0x00000, 0x00000, 0x00000, 0x00F80, 0x01F80, 0x01000, 0x00000, 0x00000, 0x00000, 0x00000, 0x00000, 0x00000
};
static const unsigned int confused_face_color[EMOJI_ROWS][EMOJI_COLS] = {
    {0xFFFFFF, 0xFFFFFF, 0xFFFFFF, 0xFFFFFF, 0xFFFFFF, 0xFFFEFD, 0xFFFFFE, 0xFFFFFF, 0xFFFFFF, 0xFFFFFF, 0xFFFFFF, 0xFFFFFF, 0xFFFFFF, 0xFFFFFD, 0xFFFEFD, 0xFFFFFF, 0xFFFFFF, 0xFFFFFF, 0xFFFFFF, 0xFFFFFF},
    {0xFFFFFF, 0xFFFFFF, 0xFFFFFF, 0xFFFEFE, 0xFFFEFD, 0xFFFFFF, 0xFFFFFF, 0xFFF7EA, 0xFFEECF, 0xFFE7BF, 0xFFE7C0, 0xFFEFD2, 0xFFF9EF, 0xFFFFFF, 0xFFFFFF, 0xFFFEFC, 0xFFFFFF, 0xFFFFFF, 0xFFFFFF, 0xFFFFFF},
    {0xFFFFFF, 0xFFFFFF, 0xFFFEFE, 0xFFFFFF, 0xFFFFFF, 0xFFE9C3, 0xFFC96B, 0xFFB83B, 0xFFB831, 0xFFBB31, 0xFFBB31, 0xFFB731, 0xFFB73E, 0xFFCE76, 0xFFEDCF, 0xFFFFFF, 0xFFFEFD, 0xFFFFFF, 0xFFFFFF, 0xFFFFFF},
    {0xFFFFFF, 0xFFFFFE, 0xFFFFFD, 0xFFFEFD, 0xFFD284, 0xFFB92B, 0xFFB322, 0xFFAD24, 0xFFB131, 0xFFB130, 0xFFB130, 0xFFAF2F, 0xFFAD23, 0xFFB522, 0xFFB72D, 0xFFD899, 0xFFFFFF, 0xFFFEFD, 0xFFFFFF, 0xFFFFFF},
    {0xFFFFFF, 0xFFFFFD, 0xFFFFFF, 0xFFCF81, 0xFFBD28, 0xFFBC4F, 0xFDCC7C, 0xFDC160, 0xFFAD27, 0xFFB02E, 0xFFAF2C, 0xFFAF2B, 0xFDC468, 0xFCCB7A, 0xFFB943, 0xFFBD2A, 0xFFD99D, 0xFFFFFF, 0xFFFEFD, 0xFFFFFF},
    {0xFFFEFC, 0xFFFFFF, 0xFFE8C3, 0xFFB928, 0xFFC974, 0xFFFCF7, 0xFFFFFF, 0xFFFFFF, 0xFFDEA7, 0xFFAD26, 0xFFB02F, 0xFFE6BE, 0xFFFFFF, 0xFFFFFF, 0xFFF8EE, 0xFFC35D, 0xFFB329, 0xFFF1DB, 0xFFFFFF, 0xFFFEFD},
    {0xFFFEFD, 0xFFFFFF, 0xFFC25D, 0xFFB933, 0xFDF5E7, 0xFFFFFF, 0xE7E2E0, 0xEBE7E7, 0xFFFFFF, 0xFEBB4D, 0xFEC76C, 0xFFFFFF, 0xE5E1DF, 0xECE8E5, 0xFFFFFF, 0xFDEBCF, 0xFFB828, 0xFFCD7B, 0xFFFFFF, 0xFFFEFD},
    {0xFFFFFF, 0xFFF6E7, 0xFFB12E, 0xFEB73F, 0xFEFBF6, 0xFDFCFB, 0x4B353C, 0x5E494D, 0xFFFFFF, 0xFDC262, 0xFED285, 0xFBFDFD, 0x432C30, 0x665459, 0xFFFEFB, 0xFCF1E0, 0xFFB32F, 0xFFB740, 0xFFFCF8, 0xFFFFFF},
    {0xFFFFFF, 0xFFE8C3, 0xFFBB33, 0xFFAE28, 0xFEE8C3, 0xFFFFFF, 0xB4ACB0, 0xBDB9C1, 0xFFFCF7, 0xFEB337, 0xFEBD51, 0xFEFFFF, 0xB1AAB1, 0xC1BBBF, 0xFFFFFF, 0xFEDCA5, 0xFFAB22, 0xFFB533, 0xFFF2DB, 0xFFFFFF},
    {0xFFFFFF, 0xFFE1AF, 0xFFBD33, 0xFFAE2B, 0xFFB63E, 0xFFE6BC, 0xFFFFF6, 0xFFFADF, 0xFDC262, 0xFDAB27, 0xFEAC27, 0xFDC976, 0xFFFEEA, 0xFFFFF4, 0xFFE0AD, 0xFFB233, 0xFFAF2D, 0xFFB932, 0xFFECCC, 0xFFFFFF},
    {0xFFFFFF, 0xFFE1AF, 0xFFBD32, 0xFFB131, 0xFFAE29, 0xFFAD25, 0xFCB135, 0xFBAC2A, 0xFFB424, 0xFFBB2F, 0xFFB62F, 0xFFB622, 0xFFB62C, 0xFEB134, 0xFFAC23, 0xFFAF2B, 0xFFB030, 0xFFB932, 0xFFEBCC, 0xFFFFFF},
    {0xFFFFFF, 0xFFE9C3, 0xFFBB32, 0xFFB12F, 0xFFB12F, 0xFFB030, 0xFFAF2B, 0xFFB72E, 0xC48931, 0x734D30, 0x5D3E31, 0x6F4C33, 0xBD832F, 0xFCAF2C, 0xFEB130, 0xFFB02F, 0xFFAF2E, 0xFFB430, 0xFFF1DA, 0xFFFFFF},
    {0xFFFFFF, 0xFFF5E5, 0xFFB332, 0xFFB02E, 0xFEB02E, 0xFDAF2E, 0xFEB42F, 0x906331, 0x372332, 0x835A30, 0xA77630, 0x845930, 0x543732, 0xECA32F, 0xFFB32E, 0xFCAE2F, 0xFFB32E, 0xFFB640, 0xFFFCF6, 0xFFFFFF},
    {0xFFFEFD, 0xFFFFFF, 0xFFC05D, 0xFFB831, 0xFCB030, 0xFFB62E, 0xD7942F, 0x402A32, 0xD7952F, 0xFFBF2E, 0xFFBA2E, 0xFFBA2E, 0xFDAE2E, 0xFFB02E, 0xFFB02E, 0xFFB030, 0xFFBB30, 0xFFCC78, 0xFFFFFF, 0xFFFEFD},
    {0xFFFEFC, 0xFFFFFF, 0xFFE6BE, 0xFFBD32, 0xFDB131, 0xFFB12E, 0xF8AB2E, 0xEFA52E, 0xFFB62E, 0xFCAD2E, 0xFCAE2E, 0xFCAE2E, 0xFFB12E, 0xFFB02E, 0xFFAF2F, 0xFFB230, 0xFFB731, 0xFFF0D7, 0xFFFFFF, 0xFFFEFD},
    {0xFFFFFF, 0xFFFFFD, 0xFFFFFF, 0xFFCD7C, 0xFFC132, 0xFFB131, 0xFFB230, 0xFFB32F, 0xFDAF2E, 0xFFB02E, 0xFFB02E, 0xFFB02E, 0xFFAF2F, 0xFFB02F, 0xFFB130, 0xFFC133, 0xFFD898, 0xFFFFFF, 0xFFFEFD, 0xFFFFFF},
    {0xFFFFFF, 0xFFFFFE, 0xFFFEFD, 0xFFFDFC, 0xFFD07E, 0xFFBD32, 0xFFB830, 0xFFB02E, 0xFFB02F, 0xFFB12F, 0xFFB12F, 0xFFB02F, 0xFFB12E, 0xFFB930, 0xFFBA32, 0xFFD692, 0xFFFFFF, 0xFFFEFC, 0xFFFFFF, 0xFFFFFF},
    {0xFFFFFF, 0xFFFFFF, 0xFFFFFE, 0xFFFFFF, 0xFFFFFF, 0xFFE6BD, 0xFFC663, 0xFFB536, 0xFFB931, 0xFFBC32, 0xFFBC32, 0xFFB831, 0xFFB83B, 0xFFCC6F, 0xFFECCB, 0xFFFFFF, 0xFFFEFD, 0xFFFFFF, 0xFFFFFF, 0xFFFFFF},
    {0xFFFFFF, 0xFFFFFF, 0xFFFFFF, 0xFFFEFE, 0xFFFEFD, 0xFFFFFF, 0xFFFFFF, 0xFFF7E8, 0xFFEDCB, 0xFFE6BD, 0xFFE7BE, 0xFFEDCE, 0xFFF8EC, 0xFFFFFF, 0xFFFFFF, 0xFFFFFD, 0xFFFFFF, 0xFFFFFF, 0xFFFFFF, 0xFFFFFF},
    {0xFFFFFF, 0xFFFFFF, 0xFFFFFF, 0xFFFFFF, 0xFFFFFF, 0xFFFEFD, 0xFFFFFE, 0xFFFFFF, 0xFFFFFF, 0xFFFFFF, 0xFFFFFF, 0xFFFFFF, 0xFFFFFF, 0xFFFEFD, 0xFFFEFD, 0xFFFFFF, 0xFFFFFF, 0xFFFFFF, 0xFFFFFF, 0xFFFFFF},
};

/* === U+1F644  face with rolling eyes === */
static const unsigned int face_with_rolling_eyes_bw[EMOJI_ROWS] = {
    0x00000, 0x00000, 0x00000, 0x00000, 0x00000, 0x00000, 0x030C0, 0x030C0, 0x00000, 0x00000, 0x00000, 0x00000, 0x00000, 0x00000, 0x00F00, 0x01F80, 0x00000, 0x00000, 0x00000, 0x00000
};
static const unsigned int face_with_rolling_eyes_color[EMOJI_ROWS][EMOJI_COLS] = {
    {0xFFFFFF, 0xFFFFFF, 0xFFFFFF, 0xFFFFFF, 0xFFFFFF, 0xFFFEFD, 0xFFFEFD, 0xFFFFFF, 0xFFFFFF, 0xFFFFFF, 0xFFFFFF, 0xFFFFFF, 0xFFFFFF, 0xFFFFFD, 0xFFFEFD, 0xFFFFFF, 0xFFFFFF, 0xFFFFFF, 0xFFFFFF, 0xFFFFFF},
    {0xFFFFFF, 0xFFFFFF, 0xFFFFFF, 0xFFFEFE, 0xFFFEFD, 0xFFFFFF, 0xFFFFFF, 0xFFF7EA, 0xFFEECF, 0xFFE7BF, 0xFFE7C0, 0xFFEFD2, 0xFFF9EF, 0xFFFFFF, 0xFFFFFF, 0xFFFEFC, 0xFFFFFF, 0xFFFFFF, 0xFFFFFF, 0xFFFFFF},
    {0xFFFFFF, 0xFFFFFF, 0xFFFEFE, 0xFFFFFF, 0xFFFFFF, 0xFFE8C2, 0xFFC968, 0xFFB738, 0xFFB831, 0xFFBB31, 0xFFBB31, 0xFFB731, 0xFFB63B, 0xFFCC73, 0xFFECCE, 0xFFFFFF, 0xFFFEFD, 0xFFFFFF, 0xFFFFFF, 0xFFFFFF},
    {0xFFFFFF, 0xFFFFFE, 0xFFFFFD, 0xFFFEFD, 0xFFD082, 0xFFBC32, 0xFFB930, 0xFFB12E, 0xFFB02F, 0xFFB12F, 0xFFB12F, 0xFFAF2E, 0xFFB22E, 0xFFBA30, 0xFFB831, 0xFFD896, 0xFFFFFF, 0xFFFEFD, 0xFFFFFF, 0xFFFFFF},
    {0xFFFFFF, 0xFFFFFD, 0xFFFFFF, 0xFFCD80, 0xFFC132, 0xFFB233, 0xFBAF30, 0xFBAE2F, 0xFEB02E, 0xFFB02E, 0xFFB02E, 0xFEB02E, 0xFBAD2F, 0xFBAE30, 0xFFB231, 0xFFC133, 0xFFD99B, 0xFFFFFF, 0xFFFEFD, 0xFFFFFF},
    {0xFFFEFC, 0xFFFFFF, 0xFFE7C0, 0xFFBD32, 0xFDB131, 0xFFB027, 0xFFBB2E, 0xFFBA2E, 0xFFB12F, 0xFFB02E, 0xFFB02F, 0xFFB22E, 0xFFBA2E, 0xFFBA2E, 0xFFAE28, 0xFFB231, 0xFFB631, 0xFFF0D8, 0xFFFFFF, 0xFFFEFD},
    {0xFFFEFD, 0xFFFFFF, 0xFFC25F, 0xFFB730, 0xFFB32D, 0xEAAF54, 0x916330, 0xAE772F, 0xF7AA2A, 0xFEB02D, 0xFFB12C, 0xEFA62B, 0xA5702E, 0x986934, 0xF4B753, 0xFFAF2A, 0xFFBB31, 0xFFCD79, 0xFFFFFF, 0xFFFEFD},
    {0xFFFFFF, 0xFFF6E6, 0xFFB435, 0xFEAA20, 0xFFDA92, 0xE2E4EE, 0x342132, 0x43354A, 0xEED7B4, 0xFEB02B, 0xFFBA3D, 0xDDCBB6, 0x302035, 0x473747, 0xF1F1F4, 0xFFCC75, 0xFFAE23, 0xFFB744, 0xFFFCF7, 0xFFFFFF},
    {0xFFFFFF, 0xFFE8C3, 0xFFBA2F, 0xFFB438, 0xFEF8ED, 0xFFFFFF, 0xE6E2DF, 0xEAE6E4, 0xFFFFFF, 0xFEBE56, 0xFFCA75, 0xFFFFFF, 0xE4DFDC, 0xEDE8E5, 0xFFFFFF, 0xFEEFD7, 0xFFAE2A, 0xFFB431, 0xFFF2DC, 0xFFFFFF},
    {0xFFFFFF, 0xFFE1B0, 0xFFBC2E, 0xFFB53E, 0xFFFBF4, 0xFEFDFB, 0xFFFFFF, 0xFFFFFF, 0xFFFFFF, 0xFFC360, 0xFFCF80, 0xFEFFFF, 0xFFFFFF, 0xFFFFFF, 0xFFFDFC, 0xFFF3E0, 0xFFB02E, 0xFFB931, 0xFFECCD, 0xFFFFFF},
    {0xFFFFFF, 0xFFE1AF, 0xFFBE34, 0xFFAC25, 0xFFE0AC, 0xFFFFFF, 0xFEFFFF, 0xFEFFFF, 0xFFF5E5, 0xFFB131, 0xFFB844, 0xFFFBF5, 0xFDFFFF, 0xFEFFFF, 0xFFFFFF, 0xFFD590, 0xFFAC22, 0xFFBA34, 0xFFEBCC, 0xFFFFFF},
    {0xFFFFFF, 0xFFE9C3, 0xFFBB32, 0xFFB02D, 0xFFB12F, 0xFFD897, 0xFFECCC, 0xFFE2B2, 0xFFBA48, 0xFFAE29, 0xFFAD27, 0xFFBF57, 0xFFE5BB, 0xFFEBCB, 0xFFD289, 0xFFAE29, 0xFFAF2F, 0xFFB431, 0xFFF1DA, 0xFFFFFF},
    {0xFFFFFF, 0xFFF5E5, 0xFFB332, 0xFFB02E, 0xFFAF2D, 0xFFAB21, 0xFFAD27, 0xFEAB22, 0xFDAC28, 0xFDAF2F, 0xFDAF30, 0xFDAC26, 0xFFAC23, 0xFFAD27, 0xFFAB21, 0xFFAF2F, 0xFFB32F, 0xFFB640, 0xFFFCF6, 0xFFFFFF},
    {0xFFFEFD, 0xFFFFFF, 0xFFC05D, 0xFFB830, 0xFFB130, 0xFFB131, 0xFFB02F, 0xFFB331, 0xFFB82F, 0xFFB72E, 0xFFB72E, 0xFFB830, 0xFFB230, 0xFFB02F, 0xFFB131, 0xFFB031, 0xFFBB30, 0xFFCC78, 0xFFFFFF, 0xFFFEFD},
    {0xFFFEFC, 0xFFFFFF, 0xFFE6BE, 0xFFBD32, 0xFFB131, 0xFEAF2E, 0xFFB22E, 0xF2A72E, 0xD08F2F, 0xD2912F, 0xD2902F, 0xD2912F, 0xF7AA2E, 0xFFB12E, 0xFFAF2F, 0xFFB230, 0xFFB731, 0xFFF0D7, 0xFFFFFF, 0xFFFEFD},
    {0xFFFFFF, 0xFFFFFD, 0xFFFFFF, 0xFFCD7C, 0xFFC132, 0xFCB031, 0xFFB930, 0xBE8330, 0x402A32, 0x4C3232, 0x4A3132, 0x462E32, 0xD49230, 0xFFB72F, 0xFDAF30, 0xFFC133, 0xFFD898, 0xFFFFFF, 0xFFFEFD, 0xFFFFFF},
    {0xFFFFFF, 0xFFFFFE, 0xFFFEFD, 0xFFFEFC, 0xFFD07F, 0xFFBC32, 0xFFB830, 0xFFB02E, 0xF4A92F, 0xF3A82F, 0xF3A82F, 0xF5AA2F, 0xFFB12E, 0xFFB930, 0xFFBA31, 0xFFD692, 0xFFFFFF, 0xFFFEFC, 0xFFFFFF, 0xFFFFFF},
    {0xFFFFFF, 0xFFFFFF, 0xFFFFFE, 0xFFFFFF, 0xFFFFFF, 0xFFE7BE, 0xFFC663, 0xFFB536, 0xFFBB31, 0xFFBE32, 0xFFBE31, 0xFFBA31, 0xFFB83B, 0xFFCC6F, 0xFFECCB, 0xFFFFFF, 0xFFFEFD, 0xFFFFFF, 0xFFFFFF, 0xFFFFFF},
    {0xFFFFFF, 0xFFFFFF, 0xFFFFFF, 0xFFFEFE, 0xFFFEFD, 0xFFFFFF, 0xFFFFFF, 0xFFF7E8, 0xFEECCB, 0xFEE6BD, 0xFFE7BE, 0xFEEDCE, 0xFEF8EC, 0xFFFFFF, 0xFFFFFF, 0xFFFFFD, 0xFFFFFF, 0xFFFFFF, 0xFFFFFF, 0xFFFFFF},
    {0xFFFFFF, 0xFFFFFF, 0xFFFFFF, 0xFFFFFF, 0xFFFFFF, 0xFFFEFD, 0xFFFFFE, 0xFFFFFF, 0xFFFFFF, 0xFFFFFF, 0xFFFFFF, 0xFFFFFF, 0xFFFFFF, 0xFFFEFD, 0xFFFEFD, 0xFFFFFF, 0xFFFFFF, 0xFFFFFF, 0xFFFFFF, 0xFFFFFF},
};

/* === U+1F623  persevering face === */
static const unsigned int persevering_face_bw[EMOJI_ROWS] = {
    0x00000, 0x00000, 0x00000, 0x00000, 0x00000, 0x02040, 0x0C070, 0x00000, 0x06060, 0x079C0, 0x079C0, 0x06060, 0x00000, 0x00F00, 0x01F00, 0x00000, 0x00000, 0x00000, 0x00000, 0x00000
};
static const unsigned int persevering_face_color[EMOJI_ROWS][EMOJI_COLS] = {
    {0xFFFFFF, 0xFFFFFF, 0xFFFFFF, 0xFFFFFF, 0xFFFFFF, 0xFFFEFD, 0xFFFFFE, 0xFFFFFF, 0xFFFFFF, 0xFFFFFF, 0xFFFFFF, 0xFFFFFF, 0xFFFFFF, 0xFFFFFD, 0xFFFEFD, 0xFFFFFF, 0xFFFFFF, 0xFFFFFF, 0xFFFFFF, 0xFFFFFF},
    {0xFFFFFF, 0xFFFFFF, 0xFFFFFF, 0xFFFEFE, 0xFFFEFD, 0xFFFFFF, 0xFFFFFF, 0xFFF7EA, 0xFFEECF, 0xFFE7BF, 0xFFE7C0, 0xFFEFD2, 0xFFF9EF, 0xFFFFFF, 0xFFFFFF, 0xFFFEFC, 0xFFFFFF, 0xFFFFFF, 0xFFFFFF, 0xFFFFFF},
    {0xFFFFFF, 0xFFFFFF, 0xFFFEFE, 0xFFFFFF, 0xFFFFFF, 0xFFE9C2, 0xFEC868, 0xFFB738, 0xFFB831, 0xFFBB31, 0xFFBB31, 0xFFB731, 0xFDB63B, 0xFECC73, 0xFFEDCE, 0xFFFFFF, 0xFFFEFD, 0xFFFFFF, 0xFFFFFF, 0xFFFFFF},
    {0xFFFFFF, 0xFFFFFE, 0xFFFFFD, 0xFFFEFD, 0xFFD182, 0xFFBB32, 0xFFBD30, 0xFFB22E, 0xFFB02F, 0xFFB12F, 0xFFB12F, 0xFFAE2E, 0xFFB42E, 0xFFBE30, 0xFFB731, 0xFFD896, 0xFFFFFF, 0xFFFEFD, 0xFFFFFF, 0xFFFFFF},
    {0xFFFFFF, 0xFFFFFD, 0xFFFFFF, 0xFFCD80, 0xFFBE32, 0xFFB631, 0xE09B30, 0xF8AA2F, 0xFFB12E, 0xFFB02E, 0xFFB02E, 0xFFB22E, 0xF1A62F, 0xE49E30, 0xFFB62F, 0xFFBE33, 0xFFD99B, 0xFFFFFF, 0xFFFEFD, 0xFFFFFF},
    {0xFFFEFC, 0xFFFFFF, 0xFFE7C0, 0xFFBD32, 0xFFBB30, 0xE29C2F, 0x845930, 0xF9B02E, 0xFEB02E, 0xFFB02E, 0xFEB02E, 0xFEB32E, 0xEEA62E, 0x815730, 0xF0A82F, 0xFFBA30, 0xFFB531, 0xFFF0D8, 0xFFFFFF, 0xFFFEFD},
    {0xFFFEFD, 0xFEFEFF, 0xFFC35D, 0xFDB531, 0xA17231, 0x835930, 0xDC992F, 0xFFB52E, 0xFEAF2E, 0xFFB02E, 0xFFB02E, 0xFDAF2E, 0xFFB62E, 0xCC8E2F, 0x815730, 0xAD7932, 0xFFBD31, 0xFECC79, 0xFFFFFF, 0xFFFEFD},
    {0xFFFFFF, 0xFFF6E6, 0xFFB333, 0xFEAF2E, 0xE49D2F, 0xFFB62E, 0xFFBF2E, 0xFFB12E, 0xFDAE2E, 0xFFB02E, 0xFFB02E, 0xFDAE2E, 0xFFB22E, 0xFFC12E, 0xFFB12E, 0xE59D2F, 0xFFB42E, 0xFFB742, 0xFFFCF7, 0xFFFFFF},
    {0xFFFFFF, 0xFFE8C3, 0xFFBA32, 0xFDB02F, 0xFFB92E, 0x895D30, 0x8F6130, 0xF5AD2E, 0xFFB92E, 0xFEAF2E, 0xFEB02E, 0xFFBA2E, 0xECA62E, 0x7F5631, 0x9E6B30, 0xFFBC2E, 0xFCAE2F, 0xFFB430, 0xFFF2DB, 0xFFFFFF},
    {0xFFFFFF, 0xFFE1AF, 0xFFBD32, 0xFDAF30, 0xFDB22E, 0xC58A2F, 0x583A31, 0x442C32, 0xAE7930, 0xFEB52E, 0xFEB22E, 0x9B6B30, 0x3F2932, 0x644331, 0xD2942F, 0xFDB32E, 0xFDAF2F, 0xFFB932, 0xFFECCC, 0xFFFFFF},
    {0xFFFFFF, 0xFFE1AF, 0xFFBD32, 0xFDAF30, 0xFEB32E, 0xC98D2F, 0x593C31, 0x3F2932, 0xAB7630, 0xFEB42E, 0xFEB22E, 0x976830, 0x3B2632, 0x664531, 0xD6962F, 0xFEB32E, 0xFDAF2F, 0xFFB932, 0xFFEBCC, 0xFFFFFF},
    {0xFFFFFF, 0xFFE9C3, 0xFFBB32, 0xFDB02F, 0xFFB52E, 0x865B30, 0x8C5F30, 0xF1AA2E, 0xFFB72E, 0xFFB12E, 0xFFB22E, 0xFFB82E, 0xE9A32E, 0x7D5431, 0x9A6830, 0xFFB82E, 0xFCAE2F, 0xFFB430, 0xFFF1DA, 0xFFFFFF},
    {0xFFFFFF, 0xFFF5E5, 0xFFB332, 0xFFB02E, 0xFEB02E, 0xFFB62E, 0xFFB92E, 0xFFB72E, 0xFFB62E, 0xF4A82E, 0xF7AA2E, 0xFFB72E, 0xFFB72E, 0xFFB92E, 0xFFB52E, 0xFFAF2F, 0xFFB32E, 0xFFB640, 0xFFFCF6, 0xFFFFFF},
    {0xFFFEFD, 0xFFFFFF, 0xFFC05D, 0xFFB831, 0xFFB130, 0xFCAE2E, 0xFCB12E, 0xDF9C2F, 0x694731, 0x472F32, 0x472F32, 0x765031, 0xEBA42E, 0xFBB02E, 0xFDAF2E, 0xFFB030, 0xFFBB30, 0xFFCC78, 0xFFFFFF, 0xFFFEFD},
    {0xFFFEFC, 0xFFFFFF, 0xFFE6BE, 0xFFBD32, 0xFFB131, 0xFCAE2E, 0xFFB82E, 0xC3852F, 0x785131, 0xD0922F, 0xC98B2F, 0x724D31, 0xD7942F, 0xFFB62E, 0xFCAE2F, 0xFFB230, 0xFFB731, 0xFFF0D7, 0xFFFFFF, 0xFFFEFD},
    {0xFFFFFF, 0xFFFFFD, 0xFFFFFF, 0xFFCD7C, 0xFFC132, 0xFFB231, 0xFFB030, 0xFFB32F, 0xFFBA2E, 0xFFB72E, 0xFFB82E, 0xFFB92E, 0xFFB22F, 0xFFB02F, 0xFFB130, 0xFFC133, 0xFFD898, 0xFFFFFF, 0xFFFEFD, 0xFFFFFF},
    {0xFFFFFF, 0xFFFFFE, 0xFFFEFD, 0xFFFDFC, 0xFFD07E, 0xFFBD32, 0xFFB82F, 0xFFB02E, 0xFBAE2F, 0xFCAF2F, 0xFCAF2F, 0xFCAF2F, 0xFFB12E, 0xFFB930, 0xFFBA32, 0xFFD692, 0xFFFFFF, 0xFFFEFC, 0xFFFFFF, 0xFFFFFF},
    {0xFFFFFF, 0xFFFFFF, 0xFFFFFE, 0xFFFFFF, 0xFFFFFF, 0xFFE6BD, 0xFFC663, 0xFFB536, 0xFFB931, 0xFFBC32, 0xFFBC32, 0xFFB831, 0xFFB83B, 0xFFCC6F, 0xFFECCB, 0xFFFFFF, 0xFFFEFD, 0xFFFFFF, 0xFFFFFF, 0xFFFFFF},
    {0xFFFFFF, 0xFFFFFF, 0xFFFFFF, 0xFFFEFE, 0xFFFEFD, 0xFFFFFF, 0xFFFFFF, 0xFFF7E8, 0xFFEDCB, 0xFFE6BD, 0xFFE7BE, 0xFFEDCE, 0xFFF8EC, 0xFFFFFF, 0xFFFFFF, 0xFFFFFD, 0xFFFFFF, 0xFFFFFF, 0xFFFFFF, 0xFFFFFF},
    {0xFFFFFF, 0xFFFFFF, 0xFFFFFF, 0xFFFFFF, 0xFFFFFF, 0xFFFEFD, 0xFFFFFE, 0xFFFFFF, 0xFFFFFF, 0xFFFFFF, 0xFFFFFF, 0xFFFFFF, 0xFFFFFF, 0xFFFEFD, 0xFFFEFD, 0xFFFFFF, 0xFFFFFF, 0xFFFFFF, 0xFFFFFF, 0xFFFFFF},
};

/* === U+1F625  disappointed but relieved face === */
static const unsigned int disappointed_but_relieved_face_bw[EMOJI_ROWS] = {
    0x00000, 0x00000, 0x00000, 0x1C000, 0x3E040, 0x3E060, 0x3C030, 0x3C000, 0x1B0C0, 0x030C0, 0x00000, 0x00000, 0x00000, 0x00F00, 0x01F00, 0x00000, 0x00000, 0x00000, 0x00000, 0x00000
};
static const unsigned int disappointed_but_relieved_face_color[EMOJI_ROWS][EMOJI_COLS] = {
    {0xFFFFFF, 0xFFFFFF, 0xFEFEFF, 0xFCFDFF, 0xFCFCFF, 0xFFFEFD, 0xFFFFFE, 0xFFFFFF, 0xFFFFFF, 0xFFFFFF, 0xFFFFFF, 0xFFFFFF, 0xFFFFFF, 0xFFFFFD, 0xFFFEFD, 0xFFFFFF, 0xFFFFFF, 0xFFFFFF, 0xFFFFFF, 0xFFFFFF},
    {0xFFFFFF, 0xFFFFFF, 0xFFFFFF, 0xFFFFFF, 0xFFFFFF, 0xFFFFFF, 0xFFFFFF, 0xFFF7EA, 0xFFEECF, 0xFFE7BF, 0xFFE7C0, 0xFFEFD2, 0xFFF9EF, 0xFFFFFF, 0xFFFFFF, 0xFFFEFC, 0xFFFFFF, 0xFFFFFF, 0xFFFFFF, 0xFFFFFF},
    {0xFEFEFF, 0xFEFEFF, 0xFBFBFF, 0xB4C0FD, 0xB6C4FF, 0xFEE7C0, 0xFFC966, 0xFFB637, 0xFFB831, 0xFFBB31, 0xFFBB31, 0xFFB731, 0xFFB73B, 0xFFCE73, 0xFFECCE, 0xFFFFFF, 0xFFFEFD, 0xFFFFFF, 0xFFFFFF, 0xFFFFFF},
    {0xFDFDFF, 0xFFFFFF, 0x93A4FF, 0x4A6CFF, 0x355EFF, 0xA68E9F, 0xFFBE23, 0xFDAF31, 0xFFB12F, 0xFFB12F, 0xFFB12F, 0xFFAF2E, 0xFFB02E, 0xFFBA30, 0xFFB831, 0xFED697, 0xFFFFFF, 0xFFFEFD, 0xFFFFFF, 0xFFFFFF},
    {0xFEFEFF, 0xFFFFFF, 0x637EFF, 0x4665FF, 0x3B5FFF, 0x656ED1, 0x9C6C2D, 0xF4AA33, 0xFEB12E, 0xFFB02E, 0xFEAF2E, 0xFFB42E, 0xE7A032, 0x9A6B34, 0xFFBE30, 0xFFC732, 0xFFD89B, 0xFFFFFF, 0xFFFEFD, 0xFFFFFF},
    {0xFEFEFF, 0xFFFFFF, 0x6B83FF, 0x4262FF, 0x4064FF, 0x4454C8, 0xB87718, 0xFFB224, 0xFDAF2F, 0xFFB02E, 0xFFB02F, 0xFDAF2E, 0xFEB021, 0xA16921, 0x96652C, 0xD19833, 0xFFB630, 0xFFF0D8, 0xFFFFFF, 0xFFFEFD},
    {0xFEFEFF, 0xFFFFFE, 0x687FF9, 0x4364FE, 0x395CFF, 0x6B76DA, 0xFFD67B, 0xFFC566, 0xFFAC26, 0xFFB02F, 0xFFAF2C, 0xFEAE2C, 0xFFCB70, 0xFFD47F, 0xC69043, 0xBC7E29, 0xFFBD32, 0xFECC79, 0xFFFFFF, 0xFFFEFD},
    {0xFFFFFF, 0xFFF8DE, 0x6772DC, 0x355CFF, 0x3152FC, 0x758EFF, 0xFAFEFF, 0xF9FDFF, 0xFFDDA0, 0xFFAB24, 0xFFAF2C, 0xFFEAC0, 0xF8FBFF, 0xFBFFFF, 0xFFFFED, 0xFFC450, 0xFFB128, 0xFFB744, 0xFFFCF7, 0xFFFFFF},
    {0xFFFFFF, 0xFFECB9, 0xCDA174, 0x4662EE, 0x4F6EFE, 0xB8BEE7, 0x604A48, 0x62515A, 0xF3F3F7, 0xFEB63D, 0xFFC865, 0xE5E8F3, 0x533F43, 0x6A5659, 0xF3F7FE, 0xFCE3B6, 0xFFAA20, 0xFFB533, 0xFFF2DB, 0xFFFFFF},
    {0xFFFFFF, 0xFEE1B1, 0xFFC029, 0xF0A739, 0xF6F4EA, 0xE4E0DE, 0x32181E, 0x3F282F, 0xEAEAF0, 0xFFBB45, 0xFFCF71, 0xD6D8E3, 0x2E1419, 0x442C30, 0xEEF0F6, 0xFFEBC3, 0xFDAA22, 0xFFBA34, 0xFFECCD, 0xFFFFFF},
    {0xFFFFFF, 0xFFE1AF, 0xFDBD36, 0xFFAD22, 0xFFD48B, 0xFFFFFF, 0xD3D1D9, 0xD9DBE6, 0xFFECC6, 0xFDAB25, 0xFEB236, 0xFFF5E2, 0xD0D0DC, 0xDCDCE5, 0xFFFFFF, 0xFEC568, 0xFFAC25, 0xFFBA34, 0xFFEBCC, 0xFFFFFF},
    {0xFFFFFF, 0xFFE9C3, 0xFFBB32, 0xFDB130, 0xFEAD28, 0xFFCC78, 0xFFEBB9, 0xFFDD98, 0xFDB032, 0xFFB22C, 0xFFB029, 0xFDB540, 0xFFE4A8, 0xFFE9B6, 0xFFC566, 0xFFAC25, 0xFFB030, 0xFFB430, 0xFFF1DA, 0xFFFFFF},
    {0xFFFFFF, 0xFFF5E5, 0xFFB332, 0xFFB02E, 0xFEB02F, 0xFFAB22, 0xFDA81E, 0xFFAD1E, 0xFFB72C, 0xF4A82F, 0xF6AB2F, 0xFFB729, 0xFFAB1D, 0xFDA81E, 0xFFAC24, 0xFFB031, 0xFFB32E, 0xFFB640, 0xFFFCF6, 0xFFFFFF},
    {0xFFFEFD, 0xFFFFFF, 0xFFC05D, 0xFFB831, 0xFFB130, 0xFEB031, 0xFEB531, 0xE09E32, 0x694732, 0x472F32, 0x472F32, 0x765132, 0xECA632, 0xFEB331, 0xFEB030, 0xFFB030, 0xFFBB30, 0xFFCC78, 0xFFFFFF, 0xFFFEFD},
    {0xFFFEFC, 0xFFFFFF, 0xFFE6BE, 0xFFBD32, 0xFFB131, 0xFCAE2E, 0xFFB82E, 0xC3852F, 0x785131, 0xD0922F, 0xC98B2F, 0x724D31, 0xD7942F, 0xFFB62E, 0xFCAE2F, 0xFFB230, 0xFFB731, 0xFFF0D7, 0xFFFFFF, 0xFFFEFD},
    {0xFFFFFF, 0xFFFFFD, 0xFFFFFF, 0xFFCD7C, 0xFFC132, 0xFFB231, 0xFFB030, 0xFFB32F, 0xFFBA2E, 0xFFB72E, 0xFFB82E, 0xFFB92E, 0xFFB22F, 0xFFB02F, 0xFFB130, 0xFFC133, 0xFFD898, 0xFFFFFF, 0xFFFEFD, 0xFFFFFF},
    {0xFFFFFF, 0xFFFFFE, 0xFFFEFD, 0xFFFDFC, 0xFFD07E, 0xFFBD32, 0xFFB82F, 0xFFB02E, 0xFBAE2F, 0xFCAF2F, 0xFCAF2F, 0xFCAF2F, 0xFFB12E, 0xFFB930, 0xFFBA32, 0xFFD692, 0xFFFFFF, 0xFFFEFC, 0xFFFFFF, 0xFFFFFF},
    {0xFFFFFF, 0xFFFFFF, 0xFFFFFE, 0xFFFFFF, 0xFFFFFF, 0xFFE6BD, 0xFFC663, 0xFFB536, 0xFFB931, 0xFFBC32, 0xFFBC32, 0xFFB831, 0xFFB83B, 0xFFCC6F, 0xFFECCB, 0xFFFFFF, 0xFFFEFD, 0xFFFFFF, 0xFFFFFF, 0xFFFFFF},
    {0xFFFFFF, 0xFFFFFF, 0xFFFFFF, 0xFFFEFE, 0xFFFEFD, 0xFFFFFF, 0xFFFFFF, 0xFFF7E8, 0xFFEDCB, 0xFFE6BD, 0xFFE7BE, 0xFFEDCE, 0xFFF8EC, 0xFFFFFF, 0xFFFFFF, 0xFFFFFD, 0xFFFFFF, 0xFFFFFF, 0xFFFFFF, 0xFFFFFF},
    {0xFFFFFF, 0xFFFFFF, 0xFFFFFF, 0xFFFFFF, 0xFFFFFF, 0xFFFEFD, 0xFFFFFE, 0xFFFFFF, 0xFFFFFF, 0xFFFFFF, 0xFFFFFF, 0xFFFFFF, 0xFFFFFF, 0xFFFEFD, 0xFFFEFD, 0xFFFFFF, 0xFFFFFF, 0xFFFFFF, 0xFFFFFF, 0xFFFFFF},
};

/* === U+1F643  upside-down face === */
static const unsigned int upside_down_face_bw[EMOJI_ROWS] = {
    0x00000, 0x00000, 0x00000, 0x00000, 0x00000, 0x00000, 0x00F00, 0x03F80, 0x030C0, 0x00000, 0x00000, 0x030C0, 0x030C0, 0x00000, 0x00000, 0x00000, 0x00000, 0x00000, 0x00000, 0x00000
};
static const unsigned int upside_down_face_color[EMOJI_ROWS][EMOJI_COLS] = {
    {0xFFFFFF, 0xFFFFFF, 0xFFFFFF, 0xFFFFFF, 0xFFFFFF, 0xFFFEFD, 0xFFFFFE, 0xFFFFFF, 0xFFFFFF, 0xFFFFFF, 0xFFFFFF, 0xFFFFFF, 0xFFFFFF, 0xFFFEFD, 0xFFFEFD, 0xFFFFFF, 0xFFFFFF, 0xFFFFFF, 0xFFFFFF, 0xFFFFFF},
    {0xFFFFFF, 0xFFFFFF, 0xFFFFFF, 0xFFFEFE, 0xFFFEFD, 0xFFFFFF, 0xFFFFFF, 0xFFF7E7, 0xFFECCB, 0xFFE7BE, 0xFFE7BE, 0xFFEECF, 0xFFF9EC, 0xFFFFFF, 0xFFFFFF, 0xFFFFFD, 0xFFFFFF, 0xFFFFFF, 0xFFFFFF, 0xFFFFFF},
    {0xFFFFFF, 0xFFFFFF, 0xFFFEFE, 0xFFFFFF, 0xFFFFFF, 0xFFE8BE, 0xFFC764, 0xFFB436, 0xFFB931, 0xFFBC32, 0xFFBB32, 0xFFB831, 0xFFB83A, 0xFFCC6F, 0xFFECCB, 0xFFFFFF, 0xFFFEFD, 0xFFFFFF, 0xFFFFFF, 0xFFFFFF},
    {0xFFFFFF, 0xFFFFFE, 0xFFFEFD, 0xFFFEFC, 0xFFD07F, 0xFFBC32, 0xFFB830, 0xFFB12E, 0xFFB02F, 0xFFB12F, 0xFFB12F, 0xFFB02F, 0xFFB12E, 0xFFB930, 0xFFB932, 0xFFD692, 0xFFFFFF, 0xFFFEFD, 0xFFFFFF, 0xFFFFFF},
    {0xFFFFFF, 0xFFFFFD, 0xFFFFFF, 0xFFCD7C, 0xFFC132, 0xFFB131, 0xFFB130, 0xFDAF2F, 0xFCAE2E, 0xFCAE2E, 0xFCAE2E, 0xFCAE2E, 0xFFAF2F, 0xFFB02F, 0xFDB12F, 0xFFC133, 0xFFD798, 0xFFFFFF, 0xFFFEFD, 0xFFFFFF},
    {0xFFFEFC, 0xFFFFFF, 0xFFE7BF, 0xFFBD32, 0xFFB131, 0xFFB02E, 0xFEAF2E, 0xFFB22E, 0xFFBA2E, 0xFFBC2E, 0xFFBC2E, 0xFFB92E, 0xFFB12E, 0xFEAF2E, 0xFFAF2F, 0xFFB230, 0xFFB731, 0xFFF0D7, 0xFFFFFF, 0xFFFEFD},
    {0xFFFEFD, 0xFFFFFF, 0xFFC05D, 0xFFB831, 0xFFB130, 0xFEAF2E, 0xFFB72E, 0xF6AB2E, 0xAF7830, 0x895D30, 0x8B5E30, 0xB97F2F, 0xFDB02E, 0xFFB62E, 0xFFAF2E, 0xFFB030, 0xFFBB30, 0xFFCD79, 0xFFFFFF, 0xFFFEFD},
    {0xFFFFFF, 0xFFF5E5, 0xFFB332, 0xFFB02E, 0xFDAF2E, 0xFEB52F, 0xCB8E30, 0x452E33, 0x4E3432, 0x755131, 0x724E31, 0x472E32, 0x513733, 0xDC9A31, 0xFEB42E, 0xFCAE2F, 0xFFB32E, 0xFFB640, 0xFFFCF6, 0xFFFFFF},
    {0xFFFFFF, 0xFFE9C3, 0xFFBB32, 0xFFB12F, 0xFDAF30, 0xFFB92D, 0xA06A28, 0x8E602D, 0xFEB630, 0xFFBA2D, 0xFFBA2E, 0xF8B030, 0x7E532B, 0xB67927, 0xFFB92E, 0xFCAF30, 0xFFAF2E, 0xFFB430, 0xFFF1DA, 0xFFFFFF},
    {0xFFFFFF, 0xFFE1AF, 0xFFBD32, 0xFFB132, 0xFFAE27, 0xFFB030, 0xFFBE4B, 0xFFBA36, 0xFFAD24, 0xFCAF30, 0xFDAE2E, 0xFFAE23, 0xFFBF44, 0xFFC053, 0xFFB02F, 0xFFAE28, 0xFFB130, 0xFFB931, 0xFFECCD, 0xFFFFFF},
    {0xFFFFFF, 0xFFE1AF, 0xFFBE33, 0xFFAE2A, 0xFFBA4A, 0xFFF2D9, 0xFFFFFF, 0xFFFFF1, 0xFFC86B, 0xFFAD26, 0xFFAC26, 0xFFD58E, 0xFFFFFF, 0xFFFFFF, 0xFFEFD2, 0xFFB640, 0xFFAF2B, 0xFFB933, 0xFFECCC, 0xFFFFFF},
    {0xFFFFFF, 0xFFE8C3, 0xFFBB33, 0xFFAD26, 0xFEECC8, 0xF5F8FF, 0x817174, 0x8B828C, 0xF9F5ED, 0xFEB02E, 0xFFBE4F, 0xF2F3F7, 0x7C6F75, 0x918385, 0xFBFFFF, 0xFEE1B0, 0xFFAA21, 0xFFB533, 0xFFF2DB, 0xFFFFFF},
    {0xFFFFFF, 0xFFF6E6, 0xFFB232, 0xFEAF2D, 0xFFFFEF, 0xD7D4D8, 0x240A10, 0x2F171E, 0xE6E4E7, 0xFFBB44, 0xFFCE6D, 0xCFCED8, 0x20040A, 0x351C21, 0xEBEBF0, 0xFFF2D5, 0xFFAF24, 0xFFB743, 0xFFFCF7, 0xFFFFFF},
    {0xFFFEFD, 0xFFFFFF, 0xFFC361, 0xFFB324, 0xFFDFAD, 0xFCFFFF, 0xA9A1A7, 0xB2AFBD, 0xFEF2D8, 0xFEAD28, 0xFEB53B, 0xFBF5EC, 0xA6A0AC, 0xB7B0B6, 0xFFFFFF, 0xFFD48F, 0xFFB623, 0xFFCF7D, 0xFFFFFF, 0xFFFEFD},
    {0xFFFEFC, 0xFFFFFF, 0xFFE7C1, 0xFFBC30, 0xFDB335, 0xFFDDA6, 0xFFFFE6, 0xFFF1C5, 0xFFB944, 0xFFAE2A, 0xFFAD27, 0xFFC056, 0xFFF7D1, 0xFFFCE3, 0xFFD594, 0xFFB12D, 0xFFB631, 0xFFF0D9, 0xFFFFFF, 0xFFFEFD},
    {0xFFFFFF, 0xFFFFFD, 0xFFFFFF, 0xFFCD81, 0xFFC030, 0xFFAD25, 0xFBAD2C, 0xFCA922, 0xFFAE28, 0xFFB02F, 0xFFB12F, 0xFEAD26, 0xFBA923, 0xFBAC2B, 0xFFAC23, 0xFFC032, 0xFFD89A, 0xFFFFFF, 0xFFFEFD, 0xFFFFFF},
    {0xFFFFFF, 0xFFFFFE, 0xFFFFFD, 0xFFFEFD, 0xFFD182, 0xFFBD34, 0xFFB930, 0xFFB230, 0xFFB131, 0xFFB12F, 0xFFB12F, 0xFFAF30, 0xFFB230, 0xFFBA30, 0xFFBA34, 0xFFD796, 0xFFFFFF, 0xFFFEFD, 0xFFFFFF, 0xFFFFFF},
    {0xFFFFFF, 0xFFFFFF, 0xFFFEFE, 0xFFFFFF, 0xFFFFFF, 0xFFE8C2, 0xFFC968, 0xFFB738, 0xFFB831, 0xFFBB31, 0xFFBB31, 0xFFB731, 0xFFB73C, 0xFFCD72, 0xFFEDCE, 0xFFFFFF, 0xFFFEFD, 0xFFFFFF, 0xFFFFFF, 0xFFFFFF},
    {0xFFFFFF, 0xFFFFFF, 0xFFFFFF, 0xFFFEFE, 0xFFFEFD, 0xFFFFFF, 0xFFFFFF, 0xFFF8EA, 0xFFEECF, 0xFFE7BF, 0xFFE7C0, 0xFFEFD2, 0xFFFAEF, 0xFFFFFF, 0xFFFFFF, 0xFFFEFC, 0xFFFFFF, 0xFFFFFF, 0xFFFFFF, 0xFFFFFF},
    {0xFFFFFF, 0xFFFFFF, 0xFFFFFF, 0xFFFFFF, 0xFFFFFF, 0xFFFEFD, 0xFFFFFE, 0xFFFFFF, 0xFFFFFF, 0xFFFFFF, 0xFFFFFF, 0xFFFFFF, 0xFFFFFF, 0xFFFFFD, 0xFFFEFD, 0xFFFFFF, 0xFFFFFF, 0xFFFFFF, 0xFFFFFF, 0xFFFFFF},
};

/* === U+1F973  face with party horn and party hat === */
static const unsigned int face_with_party_horn_and_party_hat_bw[EMOJI_ROWS] = {
    0x00000, 0x00000, 0x2DC00, 0x3F800, 0x3F008, 0x3E018, 0x3C000, 0x3F0E0, 0x379F0, 0x24924, 0x00020, 0x00310, 0x04380, 0x003F0, 0x00300, 0x04300, 0x04000, 0x08000, 0x00000, 0x00000
};
static const unsigned int face_with_party_horn_and_party_hat_color[EMOJI_ROWS][EMOJI_COLS] = {
    {0xFFFFFF, 0xFFFEFE, 0xFEFDFF, 0xFDFEFF, 0xFEFDFD, 0xFEFDFF, 0xFDFEFF, 0xFEFDFE, 0xFEFDFE, 0xFEFEFD, 0xFFFEFC, 0xFFFEFC, 0xFFFEFC, 0xFFFFFF, 0xFFFFFF, 0xFFFFFF, 0xFFFFFF, 0xFFFFFF, 0xFFFFFF, 0xFFFFFF},
    {0xFFFFFF, 0xFFFFFF, 0xFFFFFF, 0xFFFFFF, 0xFFFFFF, 0xFFFFFF, 0xFFFFFF, 0xFFFFFF, 0xFFFFFF, 0xFFFFFF, 0xFFFFFF, 0xFFFFFF, 0xFFFFFF, 0xFFFFFF, 0xACE1F7, 0xEEF9FE, 0xFFFDFE, 0xFEFDFE, 0xFFFFFF, 0xFFFFFF},
    {0xFEFEFE, 0xFFE9EE, 0xC880C3, 0x75B5FF, 0xA47FCE, 0xC95FA8, 0x77B1FD, 0x978EDB, 0xCC4CA3, 0xD56B91, 0xFEC66D, 0xFFD387, 0xFFE6B8, 0xF9F8F2, 0x51C4FD, 0xD8EFFA, 0xFFFFFF, 0xFFFFFF, 0xFFFFFF, 0xFFFFFF},
    {0xFFFFFF, 0xDBBBE0, 0x6798FF, 0x7571DB, 0xBC2690, 0x618AF6, 0x6B83EB, 0xBA1A91, 0xD13576, 0xFFA63B, 0xFFBD2E, 0xFFBB31, 0xFFBC31, 0xFFBF47, 0xFFE2AE, 0xFFFFFF, 0xFDC9E5, 0xFDCEE8, 0xFFFFFF, 0xFFFDFE},
    {0xFFFFFF, 0xB3DEFF, 0x7C77DF, 0xBE2183, 0x5A8AEF, 0x6681E2, 0xBA1284, 0xCF3C6B, 0xFAAF32, 0xFFB82D, 0xFDAF30, 0xFFB130, 0xFFB030, 0xFFB22F, 0xFFC632, 0xFEE690, 0xF93FB0, 0xFCA2D2, 0xFFFFFF, 0xFFFBFD},
    {0xFFFFFF, 0xDCB6DC, 0xC02997, 0x5A8CF1, 0x657FE2, 0xB60E85, 0xCF4367, 0xFAB02F, 0xFEB22C, 0xFEAE2F, 0xFFB02E, 0xFDAF2E, 0xFDAD2F, 0xFDB62C, 0xFA8E45, 0xFF3083, 0xFA54A2, 0xFFFCFE, 0xFFFDFE, 0xFFFFFF},
    {0xFFFFFF, 0xE1B3D8, 0x658DF4, 0x6582E4, 0xB70F85, 0xDE5461, 0xFFBD2D, 0xFFBA2C, 0xFFB32F, 0xFFB02E, 0xFFAF2E, 0xFFB52E, 0xFFB72E, 0xFFBB2C, 0xFFA53B, 0xFA864E, 0xFBC054, 0xFDFDFA, 0xFFFEFE, 0xFFFFFE},
    {0xFFFFFF, 0xB5DEFF, 0x6E85ED, 0xB71185, 0xE15D5C, 0xC38D2D, 0x5D3F31, 0x6C4832, 0xDF9B2E, 0xFFB32E, 0xFFB42E, 0xD7952F, 0x674631, 0x604032, 0xC88C2A, 0xFFBF1A, 0xFFBC21, 0xFFE9BE, 0xFEFEFF, 0xFFFEFC},
    {0xFFFFFF, 0xD2BEE6, 0xBC1B99, 0xE56657, 0xDFA22B, 0x2E1D32, 0x8F6131, 0x6A4831, 0x493032, 0xFDB12E, 0xF4AA2E, 0x3E2832, 0x755032, 0x87592D, 0x3F303B, 0x6CA59B, 0x6EB7A9, 0xD9D3AE, 0xFFFFFF, 0xFEFEFD},
    {0xFFFFFF, 0xE8A7CE, 0xEB6C5C, 0xFFC42A, 0xDC962F, 0x956631, 0xFFBE2E, 0xF5A92E, 0x8F6230, 0xFCAD2E, 0xFAAC2E, 0x916330, 0xFDB02F, 0xFFB528, 0x2591B9, 0x61ABA8, 0x8BAE87, 0x26B2EB, 0xEAF8FF, 0xFEFEFF},
    {0xFFFFFF, 0xFBDCB6, 0xFFC230, 0xFDAF30, 0xFFB32F, 0xFFB92E, 0xFCAE2E, 0xFFB12E, 0xFFB92E, 0xFFB22E, 0xE69F2E, 0xFFB42F, 0xFFB32B, 0xE2AD43, 0x26ACD5, 0xD4AE4E, 0xA4AD6F, 0x68B6B1, 0xAFE4FF, 0xFFFFFF},
    {0xFFFFFF, 0xFFE8BE, 0xFEBA32, 0xFFB130, 0xFFB02C, 0xFFAE29, 0xFFB02D, 0xFEB02E, 0xFCAE2E, 0xFDB12E, 0x6A4731, 0x5A3C31, 0xFDA924, 0xFFB31C, 0x75A993, 0x2BA7D8, 0x7CAB91, 0x51B2BF, 0xC5ECFF, 0xFFFFFF},
    {0xFFFFFF, 0xFFF3DF, 0xFDB333, 0xFFB025, 0xC4AD5A, 0x40A8BC, 0xFDB02D, 0xFEB02E, 0xFDAF2E, 0xFFB42E, 0xB97E2F, 0x352333, 0x918F62, 0xB0B46A, 0xAEAB69, 0x86AC87, 0x5BB1B4, 0x4CBEF3, 0xFFFFFF, 0xFDFEFF},
    {0xFFFFFE, 0xFFFEFD, 0xFDBD51, 0xFFB82D, 0xE9B140, 0xB5AC66, 0xFEAF2D, 0xFEB02E, 0xFEB02E, 0xFDB22F, 0x79512F, 0x3A2B38, 0x4298A9, 0x47ACBB, 0x47A8B6, 0x53AAB3, 0x7FAF95, 0xFBF3E4, 0xFFFFFF, 0xFEFEFD},
    {0xFFFEFC, 0xFFFFFF, 0xFFE0AD, 0xFFBF33, 0xFFB02E, 0xFFB71F, 0xFFB32C, 0xFFAF2E, 0xFEAF2E, 0xFFB42E, 0xB27A2F, 0x311F32, 0xE39324, 0xFFB822, 0xFFB026, 0xFFBD25, 0xFFC85F, 0xFFFFFF, 0xFEFEFD, 0xFFFFFF},
    {0xFFFEFE, 0xFFFEFD, 0xFFFFFE, 0xFFC569, 0xFFCA29, 0xF66461, 0xFC8B44, 0xFFB82B, 0xFEAF2F, 0xFEB12E, 0x734E31, 0x8B5F30, 0xF8B131, 0xFAB133, 0xFFB731, 0xFBBA41, 0xFBF5E8, 0xFEFFFF, 0xFFFEFD, 0xFFFFFF},
    {0xFFFFFF, 0xFFFFFE, 0xFFFEFE, 0xFFFAF3, 0xFDA96A, 0xFF258B, 0xFF9940, 0xFFB72A, 0xFDAF30, 0xFFB12F, 0xFFB52F, 0xFFB62E, 0xFFB52E, 0xFFBE31, 0xFFBE48, 0xFFEFD5, 0xFFFFFF, 0xFFFFFE, 0xFFFFFF, 0xFFFFFF},
    {0xFFFFFF, 0xFFFCFE, 0xFFFEFE, 0xFCABD9, 0xFD30B3, 0xFE98B2, 0xFFC955, 0xFFB032, 0xFFB931, 0xFFBB32, 0xFFBA32, 0xFFB330, 0xFDBD48, 0xFDD790, 0xFFF9EF, 0x5CC7FB, 0xA0DEF7, 0xFFFFFF, 0xFCFEFF, 0xFFFFFF},
    {0xFFFFFF, 0xFFFFFF, 0xFFFFFF, 0xFEF3F9, 0xFFF5F8, 0xFFFFFF, 0xFFFFFF, 0xFFF5E3, 0xFFEBCA, 0xFFE6BE, 0xFFEAC6, 0xFFF2DA, 0xFFFDF9, 0xFFFFFF, 0xFFFFFF, 0xCEEDF9, 0xE4F6FE, 0xFFFFFF, 0xFEFFFF, 0xFFFFFF},
    {0xFFFFFF, 0xFFFFFF, 0xFFFFFF, 0xFFFFFF, 0xFFFFFF, 0xFFFCFD, 0xFFFFFF, 0xFFFFFF, 0xFFFFFF, 0xFFFFFF, 0xFFFFFF, 0xFFFFFF, 0xFFFFFF, 0xFFFEFC, 0xFFFFFE, 0xFFFFFF, 0xFFFFFF, 0xFFFFFF, 0xFFFFFF, 0xFFFFFF},
};

/* === U+1F929  grinning face with star eyes === */
static const unsigned int grinning_face_with_star_eyes_bw[EMOJI_ROWS] = {
    0x00000, 0x00000, 0x0C030, 0x0F9F0, 0x1F9F8, 0x3F0FC, 0x1F1F8, 0x1F9F0, 0x1C938, 0x10018, 0x00000, 0x0C030, 0x07FE0, 0x07FE0, 0x03FC0, 0x01F80, 0x00000, 0x00000, 0x00000, 0x00000
};
static const unsigned int grinning_face_with_star_eyes_color[EMOJI_ROWS][EMOJI_COLS] = {
    {0xFFFFFF, 0xFFFFFF, 0xFFFFFF, 0xFFFFFF, 0xFFFFFF, 0xFFFFFF, 0xFFFEFD, 0xFFFFFF, 0xFFFFFF, 0xFFFFFF, 0xFFFFFF, 0xFFFFFF, 0xFFFFFF, 0xFFFDFD, 0xFFFFFF, 0xFFFFFF, 0xFFFFFF, 0xFFFFFF, 0xFFFFFF, 0xFFFFFF},
    {0xFFFFFF, 0xFFFFFF, 0xFFFEFF, 0xFFFEFE, 0xF4DBEA, 0xFBF5FB, 0xFFFFFF, 0xFEF5EC, 0xFFEDD0, 0xFFE8BF, 0xFFE8C0, 0xFEEED3, 0xFDF6F0, 0xFFFFFF, 0xF8ECF5, 0xF6E2EE, 0xFFFFFF, 0xFFFEFF, 0xFFFFFF, 0xFFFFFF},
    {0xFFFFFF, 0xFFFFFF, 0xFEFAFC, 0xFFFFFF, 0xCB55A1, 0xD6649F, 0xFFD569, 0xFFBF32, 0xFFBF2D, 0xFFBB32, 0xFFBB31, 0xFFBF2D, 0xFFC236, 0xFFD276, 0xCE4B9B, 0xD575B3, 0xFFFEFE, 0xFDF8FB, 0xFFFFFF, 0xFFFFFF},
    {0xFFFFFF, 0xFFFFFF, 0xFFFFFF, 0xFDFBFC, 0xC33890, 0xC82087, 0xDB5169, 0xD65660, 0xC83B70, 0xF49A3B, 0xED8A44, 0xC73970, 0xD95A5F, 0xD84A6D, 0xC81D8A, 0xCB509C, 0xFFFFFF, 0xFFFFFF, 0xFFFFFF, 0xFFFFFF},
    {0xFFFEFE, 0xFAEFF6, 0xE9AED2, 0xCE529E, 0xC01E83, 0xBB2082, 0xB81885, 0xB20B8A, 0xD04C66, 0xFEB42B, 0xFCAD2F, 0xC83A70, 0xB20C89, 0xB81984, 0xBB2081, 0xC01E83, 0xD363A7, 0xEAB8D6, 0xFCF6F9, 0xFFFEFE},
    {0xFFFEFE, 0xEFCAE1, 0xC21F8A, 0xC11888, 0xBA1E7F, 0xBB1E80, 0xBB1E7F, 0xBE247C, 0xFAA633, 0xFFB32C, 0xFFB82A, 0xF3963D, 0xBA1B81, 0xBC207E, 0xBB1D80, 0xBC1F81, 0xC5188C, 0xC32A8D, 0xF6E0ED, 0xFFFEFE},
    {0xFFFEFE, 0xFFFFFF, 0xF7B56A, 0xD54570, 0xB91A84, 0xBC207F, 0xBA1C81, 0xBA1B81, 0xF09040, 0xFFB52B, 0xFFB829, 0xE87E4A, 0xB71584, 0xBB1D80, 0xBC207E, 0xB81986, 0xE0586B, 0xFCC982, 0xFFFFFF, 0xFFFEFD},
    {0xFFFFFF, 0xFEF2E6, 0xFFC22A, 0xE77A4C, 0xB41187, 0xBA1982, 0xBF267B, 0xB40E88, 0xCF4868, 0xFFB82A, 0xFEB12D, 0xC63572, 0xB61386, 0xBF257B, 0xB91783, 0xB61584, 0xF59241, 0xFFC23B, 0xFEFAF8, 0xFFFFFF},
    {0xFFFFFF, 0xFEE6C4, 0xFFC52C, 0xD9625C, 0xB61286, 0xE57C4E, 0xF8A836, 0xEE8D45, 0xE67C4F, 0xFFB131, 0xFCAA35, 0xE57950, 0xF19342, 0xF8A836, 0xDF6D56, 0xB40E88, 0xE4774E, 0xFFBD2B, 0xFEEFDC, 0xFFFFFF},
    {0xFFFFFF, 0xFEE0B0, 0xFFC42E, 0xE47751, 0xF09140, 0xFFB918, 0xFFAA1D, 0xFFAF1A, 0xFFB119, 0xFEA71E, 0xFEA91E, 0xFFB119, 0xFFAE1B, 0xFFAA1D, 0xFFBB1A, 0xEA8348, 0xE98248, 0xFFC12D, 0xFEEBCD, 0xFFFFFF},
    {0xFFFFFF, 0xFFE1AF, 0xFFBB33, 0xFFBA2B, 0xF79D36, 0xFAC07B, 0xFFD884, 0xFFD684, 0xFFD785, 0xFFD984, 0xFFD984, 0xFFD785, 0xFFD684, 0xFFD885, 0xF7B674, 0xF9A230, 0xFFB92C, 0xFFB733, 0xFFEBCC, 0xFFFFFF},
    {0xFFFFFF, 0xFFE9C3, 0xFFB933, 0xFFBB2C, 0xE4734A, 0xCF69BF, 0xE09CD1, 0xDF99D1, 0xDF9BD1, 0xDF9BD1, 0xDF9BD1, 0xDF9BD1, 0xDF99D0, 0xDF9BD1, 0xCC5DB3, 0xEB833E, 0xFFB82C, 0xFFB231, 0xFFF1DA, 0xFFFFFF},
    {0xFFFFFF, 0xFFF5E5, 0xFFB232, 0xFFB42B, 0xF69E38, 0xB81275, 0xB60C74, 0xB60C74, 0xB60C74, 0xB60C74, 0xB60C74, 0xB60C74, 0xB60D73, 0xB50975, 0xBE2070, 0xFBAB32, 0xFFB42E, 0xFFB540, 0xFFFCF6, 0xFFFFFF},
    {0xFFFEFD, 0xFFFFFF, 0xFFC15D, 0xFFB631, 0xFFB92C, 0xD35265, 0xB6148A, 0xBE257F, 0xBD2281, 0xBC2182, 0xBC2182, 0xBD2281, 0xBE2580, 0xB5128A, 0xDD665A, 0xFFBA2A, 0xFFB932, 0xFFCC78, 0xFFFFFF, 0xFFFEFD},
    {0xFFFEFC, 0xFFFFFF, 0xFFE6BE, 0xFFBC33, 0xFFB42F, 0xF9A633, 0xC63473, 0xB51088, 0xB91883, 0xBA1A81, 0xBA1A82, 0xB91883, 0xB40F88, 0xCC436B, 0xFCAE2F, 0xFFB330, 0xFFB631, 0xFFF0D7, 0xFFFFFF, 0xFFFEFD},
    {0xFFFFFF, 0xFFFFFD, 0xFFFFFF, 0xFFCD7C, 0xFFBF33, 0xFFB52E, 0xFAAB33, 0xD9625B, 0xC53374, 0xC0287A, 0xC0287A, 0xC73771, 0xDE6B55, 0xFCB02F, 0xFFB32F, 0xFFC033, 0xFFD898, 0xFFFFFF, 0xFFFEFD, 0xFFFFFF},
    {0xFFFFFF, 0xFFFFFE, 0xFFFEFD, 0xFFFEFC, 0xFFD07F, 0xFFBB33, 0xFFBA2E, 0xFFBB28, 0xFFB02F, 0xF9A635, 0xF9A634, 0xFFB22E, 0xFFBB28, 0xFFBA30, 0xFFB932, 0xFFD692, 0xFFFFFF, 0xFFFEFC, 0xFFFFFF, 0xFFFFFF},
    {0xFFFFFF, 0xFFFFFF, 0xFFFFFE, 0xFFFFFF, 0xFFFFFF, 0xFFE7BD, 0xFDC664, 0xFDB237, 0xFFB931, 0xFFBE30, 0xFFBE30, 0xFFB831, 0xFDB53C, 0xFFCC6F, 0xFFECCB, 0xFFFFFF, 0xFFFEFD, 0xFFFFFF, 0xFFFFFF, 0xFFFFFF},
    {0xFFFFFF, 0xFFFFFF, 0xFFFFFF, 0xFFFEFE, 0xFFFEFD, 0xFFFFFF, 0xFFFFFF, 0xFFF7E8, 0xFFECCB, 0xFEE6BD, 0xFFE7BF, 0xFEEDCE, 0xFFF8EC, 0xFFFFFF, 0xFFFFFF, 0xFFFFFD, 0xFFFFFF, 0xFFFFFF, 0xFFFFFF, 0xFFFFFF},
    {0xFFFFFF, 0xFFFFFF, 0xFFFFFF, 0xFFFFFF, 0xFFFFFF, 0xFFFEFD, 0xFFFFFE, 0xFFFFFF, 0xFFFFFF, 0xFFFFFF, 0xFFFFFF, 0xFFFFFF, 0xFFFFFF, 0xFFFEFD, 0xFFFEFD, 0xFFFFFF, 0xFFFFFF, 0xFFFFFF, 0xFFFFFF, 0xFFFFFF},
};

/* === U+1F92A  grinning face with one large and one small eye === */
static const unsigned int grinning_face_with_one_large_and_one_small_eye_bw[EMOJI_ROWS] = {
    0x00000, 0x00000, 0x00000, 0x00000, 0x00180, 0x00180, 0x00000, 0x00000, 0x06000, 0x06010, 0x000F0, 0x08FF0, 0x0FFF0, 0x07FE0, 0x03FE0, 0x01FC0, 0x007C0, 0x00300, 0x00000, 0x00000
};
static const unsigned int grinning_face_with_one_large_and_one_small_eye_color[EMOJI_ROWS][EMOJI_COLS] = {
    {0xFFFFFF, 0xFFFFFF, 0xFFFFFF, 0xFFFFFF, 0xFFFFFF, 0xFFFEFD, 0xFFFEFC, 0xFFFFFF, 0xFFFFFF, 0xFFFFFF, 0xFFFFFF, 0xFFFFFF, 0xFFFFFF, 0xFFFFFE, 0xFFFEFD, 0xFFFFFF, 0xFFFFFF, 0xFFFFFF, 0xFFFFFF, 0xFFFFFF},
    {0xFFFFFF, 0xFFFFFF, 0xFFFFFF, 0xFFFFFF, 0xFFFEFD, 0xFFFFFF, 0xFFFFFF, 0xFFFEFC, 0xFFF4DE, 0xFFE9C1, 0xFFE5B7, 0xFFEAC5, 0xFEF6E5, 0xFFFFFF, 0xFFFFFF, 0xFFFEFC, 0xFFFFFF, 0xFFFFFF, 0xFFFFFF, 0xFFFFFF},
    {0xFFFFFF, 0xFFFFFF, 0xFFFFFF, 0xFFFFFD, 0xFFFFFF, 0xFFF4E4, 0xFFD78F, 0xFFBF4F, 0xFFB330, 0xFFBC33, 0xFFBB30, 0xFFB623, 0xFFB328, 0xFDC45B, 0xFFECCC, 0xFFFFFF, 0xFFFEFC, 0xFFFFFF, 0xFFFFFF, 0xFFFFFF},
    {0xFFFFFF, 0xFFFFFF, 0xFFFEFD, 0xFFFFFF, 0xFFDFAB, 0xFFBA3C, 0xFFBD32, 0xFFB631, 0xFFB02F, 0xFFAF2C, 0xFFB436, 0xFFD287, 0xF0C88A, 0xFFD167, 0xFFB528, 0xFFDCA3, 0xFFFFFF, 0xFFFEFD, 0xFFFFFF, 0xFFFFFF},
    {0xFFFFFF, 0xFFFEFD, 0xFFFFFF, 0xFFD89A, 0xFFBB26, 0xFFAF29, 0xFFAE2B, 0xFFAD24, 0xFFB02F, 0xFDAE2B, 0xFFF4D2, 0x8D889A, 0x3A2838, 0xC0BECB, 0xFFDA89, 0xFFB724, 0xFFE3B6, 0xFFFFFF, 0xFFFEFD, 0xFFFFFF},
    {0xFFFEFD, 0xFFFFFF, 0xFFEBCA, 0xFFB82A, 0xFDCF7F, 0xFBEACF, 0xFDEBCF, 0xFFCD7B, 0xFFA819, 0xFDC76C, 0xFFFFFF, 0x746264, 0x20040A, 0xADA7AF, 0xFFFFF2, 0xFDB12D, 0xFFB73B, 0xFFF8ED, 0xFFFFFE, 0xFFFEFD},
    {0xFFFEFD, 0xFFFFFF, 0xFFBC51, 0xFFD171, 0xFFFFFF, 0xFFFFFF, 0xFFFFFF, 0xFFFFFF, 0xFFC25D, 0xFEC76C, 0xFFFFFF, 0xF2EEEB, 0xCEC7C7, 0xFFFEFD, 0xFFF8EE, 0xFDB037, 0xFFBD2F, 0xFFD794, 0xFFFFFF, 0xFFFEFC},
    {0xFFFFFF, 0xFFF5E5, 0xFFAF24, 0xFFE4BA, 0xFEFEFD, 0xB7ADAC, 0xC2B9B8, 0xFFFFFD, 0xFEE1B1, 0xFFAF2C, 0xFFF8ED, 0xFFFFFF, 0xFFFFFF, 0xFFFFFF, 0xFED493, 0xFFB01E, 0xFFB733, 0xFFB94B, 0xFFFEFC, 0xFFFEFE},
    {0xFFFFFF, 0xFFE8C3, 0xFFB321, 0xFFE8B4, 0xD6D8E6, 0x260A0F, 0x361D21, 0xEAEFFC, 0xFFE4AE, 0xFEA516, 0xFEB747, 0xFDD9A3, 0xFCE2BB, 0xFFDC98, 0xFFCD63, 0xF1984E, 0xFEAE2B, 0xFFB332, 0xFFF3DF, 0xFFFFFF},
    {0xFFFFFF, 0xFFE3B6, 0xFFBA2B, 0xFFBD4E, 0xEFE9E0, 0x726677, 0x817582, 0xF7EBD8, 0xFDB135, 0xFFB02B, 0xFFC54F, 0xFFDA7D, 0xFFE9B4, 0xFADECD, 0xE5AFDA, 0xC73D7E, 0xFFAF2D, 0xFFBB32, 0xFFE8C3, 0xFFFFFF},
    {0xFFFFFF, 0xFFE6BD, 0xFFBD33, 0xFDAC28, 0xFFC23E, 0xFFDC89, 0xFFE8A6, 0xFFE18C, 0xFFE7A7, 0xFDE8D7, 0xEFCBE2, 0xDC98D1, 0xCA5EAF, 0xBE2F8F, 0xB60D7C, 0xC53071, 0xFFB032, 0xFFBC31, 0xFFE5BA, 0xFFFFFF},
    {0xFFFFFF, 0xFFF1D9, 0xFFB431, 0xFFB32C, 0xE9834A, 0xF5CAB4, 0xF3D1D2, 0xE3A3D1, 0xD06DB9, 0xBE3994, 0xB8177D, 0xBD0975, 0xC30C79, 0xC1197D, 0xB71985, 0xCB3F6D, 0xFFB62D, 0xFFB932, 0xFFE8C4, 0xFFFFFF},
    {0xFFFFFF, 0xFFFDF9, 0xFDB748, 0xFFBE2A, 0xDF6D55, 0xB9239B, 0xBD2485, 0xB30D75, 0xBC0C76, 0xD80D82, 0xED0E8B, 0xF60E8F, 0xF90C8F, 0xF80E8C, 0xC50C8A, 0xD96657, 0xFFBB29, 0xFDB133, 0xFFF5E5, 0xFFFFFF},
    {0xFFFEFC, 0xFFFFFF, 0xFFD38C, 0xFFBD31, 0xFFB22F, 0xC7336D, 0xB41384, 0xCB2182, 0xF50F8E, 0xFC0A8F, 0xF9098E, 0xF80A8D, 0xF60B8C, 0xFB0590, 0xDC227E, 0xF4A635, 0xFFBB2F, 0xFFC261, 0xFFFFFF, 0xFFFEFD},
    {0xFFFEFE, 0xFFFEFE, 0xFFF6E6, 0xFFB337, 0xFFB92D, 0xF69E3B, 0xBD2C78, 0xD4078D, 0xFD088F, 0xF50C8C, 0xF60A8D, 0xF70A8D, 0xF70D8C, 0xF60192, 0xF8764F, 0xFFBD29, 0xFFB833, 0xFFECCB, 0xFFFFFF, 0xFFFEFD},
    {0xFFFFFF, 0xFFFEFD, 0xFFFFFF, 0xFFDEAA, 0xFFBE34, 0xFFB72D, 0xF6A436, 0xD95561, 0xF20F8A, 0xF80491, 0xF70E8B, 0xF70D8B, 0xF60890, 0xF6118C, 0xFFA534, 0xFFC231, 0xFFD89C, 0xFFFFFF, 0xFFFEFD, 0xFFFFFF},
    {0xFFFFFF, 0xFFFFFF, 0xFFFEFD, 0xFFFFFF, 0xFFD899, 0xFFB933, 0xFFBA2E, 0xFFBD26, 0xFB9041, 0xF71A88, 0xF50396, 0xF60092, 0xFD0196, 0xFF745A, 0xFFC334, 0xFEDCA9, 0xFFFFFF, 0xFFFEFD, 0xFFFFFF, 0xFFFFFF},
    {0xFFFFFF, 0xFFFFFF, 0xFFFFFF, 0xFFFEFC, 0xFFFFFF, 0xFFE9C4, 0xFDC560, 0xFEB032, 0xFFC42D, 0xFFB138, 0xFF6B5F, 0xFD526A, 0xFD8D68, 0xFFDD8A, 0xFFF4E4, 0xFFFFFF, 0xFFFFFD, 0xFFFFFF, 0xFFFFFF, 0xFFFFFF},
    {0xFFFFFF, 0xFFFFFF, 0xFFFFFF, 0xFFFFFF, 0xFFFFFD, 0xFFFFFF, 0xFFFFFF, 0xFFF4DE, 0xFFE5BF, 0xFFE4AF, 0xFFF2B7, 0xFFFED4, 0xFFFFF8, 0xFFFFFF, 0xFFFFFF, 0xFFFEFD, 0xFFFFFF, 0xFFFFFF, 0xFFFFFF, 0xFFFFFF},
    {0xFFFFFF, 0xFFFFFF, 0xFFFFFF, 0xFFFFFF, 0xFFFFFF, 0xFFFEFD, 0xFFFFFF, 0xFFFFFF, 0xFFFFFF, 0xFFFFFF, 0xFFFFFF, 0xFFFFFF, 0xFFFFFF, 0xFFFEFC, 0xFFFEFD, 0xFFFFFF, 0xFFFFFF, 0xFFFFFF, 0xFFFFFF, 0xFFFFFF},
};

/* === U+1F60B  face savouring delicious food === */
static const unsigned int face_savouring_delicious_food_bw[EMOJI_ROWS] = {
    0x00000, 0x00000, 0x00000, 0x00000, 0x00000, 0x070E0, 0x0F9E0, 0x0C920, 0x00000, 0x04060, 0x079E0, 0x03FE0, 0x003E0, 0x001E0, 0x000C0, 0x00000, 0x00000, 0x00000, 0x00000, 0x00000
};
static const unsigned int face_savouring_delicious_food_color[EMOJI_ROWS][EMOJI_COLS] = {
    {0xFFFFFF, 0xFFFFFF, 0xFFFFFF, 0xFFFFFF, 0xFFFFFF, 0xFFFEFD, 0xFFFFFE, 0xFFFFFF, 0xFFFFFF, 0xFFFFFF, 0xFFFFFF, 0xFFFFFF, 0xFFFFFF, 0xFFFFFD, 0xFFFEFD, 0xFFFFFF, 0xFFFFFF, 0xFFFFFF, 0xFFFFFF, 0xFFFFFF},
    {0xFFFFFF, 0xFFFFFF, 0xFFFFFF, 0xFFFEFE, 0xFFFEFD, 0xFFFFFF, 0xFFFFFF, 0xFFF7EA, 0xFFEECF, 0xFFE7BF, 0xFFE7C0, 0xFFEFD2, 0xFFF9EF, 0xFFFFFF, 0xFFFFFF, 0xFFFEFC, 0xFFFFFF, 0xFFFFFF, 0xFFFFFF, 0xFFFFFF},
    {0xFFFFFF, 0xFFFFFF, 0xFFFEFE, 0xFFFFFF, 0xFFFFFF, 0xFFE9C2, 0xFFC968, 0xFFB738, 0xFFB831, 0xFFBB31, 0xFFBB31, 0xFFB731, 0xFDB63B, 0xFFCC73, 0xFFECCE, 0xFFFFFF, 0xFFFEFD, 0xFFFFFF, 0xFFFFFF, 0xFFFFFF},
    {0xFFFFFF, 0xFFFFFE, 0xFFFFFD, 0xFFFFFD, 0xFFD182, 0xFFBA32, 0xFFB730, 0xFFAF2E, 0xFDB02F, 0xFFB12F, 0xFFB12F, 0xFCAE2E, 0xFFB02E, 0xFFB930, 0xFFB731, 0xFFD896, 0xFFFFFF, 0xFFFEFD, 0xFFFFFF, 0xFFFFFF},
    {0xFFFFFF, 0xFFFFFD, 0xFFFFFF, 0xFFCD80, 0xFFC132, 0xFFB931, 0xFFB92F, 0xFFB92F, 0xFFB22E, 0xFFB02E, 0xFFAF2E, 0xFFB32E, 0xFFB92F, 0xFFB92F, 0xFFB82F, 0xFFC033, 0xFFD99B, 0xFFFFFF, 0xFFFEFD, 0xFFFFFF},
    {0xFFFEFC, 0xFFFFFF, 0xFFE7C0, 0xFFBC32, 0xFFB631, 0xB07930, 0x5E3E31, 0x8B5F30, 0xF7AC2E, 0xFEB12E, 0xFEB22E, 0xEDA52E, 0x7D5531, 0x614131, 0xC08430, 0xFFB830, 0xFFB531, 0xFFF0D8, 0xFFFFFF, 0xFFFEFD},
    {0xFFFEFD, 0xFFFFFF, 0xFDBF5D, 0xFFC030, 0xC18531, 0x2F1E32, 0x996E30, 0x483032, 0x7F5631, 0xFFB92E, 0xFFB52E, 0x634231, 0x5B3D31, 0x936630, 0x301F32, 0xDA9731, 0xFFC131, 0xFCCB79, 0xFFFFFF, 0xFFFEFD},
    {0xFFFFFF, 0xFFF6E6, 0xFDB233, 0xFEB72E, 0xCE8D2F, 0xAB7530, 0xFFC62D, 0xD5922F, 0xAB7530, 0xFFB52E, 0xFFB12E, 0xA16E30, 0xE8A02E, 0xFFC02E, 0xA06D30, 0xDC9830, 0xFFB82E, 0xFDB642, 0xFFFCF7, 0xFFFFFF},
    {0xFFFFFF, 0xFFE8C3, 0xFFBB32, 0xFFB02F, 0xFFB42E, 0xFFC12E, 0xFFB12E, 0xFFB12E, 0xFFB72E, 0xFEAE2E, 0xFEAF2E, 0xFFB72E, 0xFFB02E, 0xFFB42E, 0xFFBF2E, 0xFFB32E, 0xFFAF2F, 0xFFB430, 0xFFF2DB, 0xFFFFFF},
    {0xFFFFFF, 0xFFE1AF, 0xFFBD32, 0xFDB030, 0xFEB32E, 0xA47030, 0xD6942F, 0xFFBE2E, 0xFFB52E, 0xFFB52E, 0xFFB42E, 0xFFB52E, 0xFFBC2F, 0xC5872F, 0xB0802B, 0xFEB52E, 0xFCAF2F, 0xFFB932, 0xFFECCC, 0xFFFFFF},
    {0xFFFFFF, 0xFFE1AF, 0xFFBD32, 0xFCAF30, 0xFFB72E, 0x8C6030, 0x352232, 0x916530, 0xCE902F, 0xE29D2E, 0xE19E2D, 0xC9902D, 0x85672A, 0x312032, 0xA44648, 0xFFBA2D, 0xFBAE2F, 0xFFB932, 0xFFEBCC, 0xFFFFFF},
    {0xFFFFFF, 0xFFE9C3, 0xFFBB32, 0xFFB12F, 0xFEB02E, 0xFFB72E, 0xBC832F, 0x614131, 0x473031, 0x462A34, 0x462637, 0x482438, 0x68184C, 0xC80F77, 0xFF178A, 0xFDA235, 0xFFB32D, 0xFFB331, 0xFFF1DA, 0xFFFFFF},
    {0xFFFFFF, 0xFFF5E5, 0xFFB332, 0xFFB02E, 0xFFB02E, 0xFEAF2E, 0xFFB92E, 0xFFB72E, 0xF3A92D, 0xE69732, 0xE12574, 0xEE038E, 0xFF0F8F, 0xFF0B91, 0xF5068E, 0xFD963D, 0xFFB92B, 0xFFB441, 0xFFFCF6, 0xFFFFFF},
    {0xFFFEFD, 0xFFFFFF, 0xFFC05D, 0xFFB831, 0xFFB130, 0xFFB02E, 0xFDAE2E, 0xFEAF2E, 0xFFB12F, 0xFFBA2B, 0xFFA139, 0xFB2380, 0xF40094, 0xF40095, 0xFA416E, 0xFFB42E, 0xFFBA31, 0xFFCC78, 0xFFFFFF, 0xFFFEFD},
    {0xFFFEFC, 0xFFFFFF, 0xFFE6BE, 0xFFBD32, 0xFFB131, 0xFFB02E, 0xFFB02E, 0xFFB02E, 0xFEB02E, 0xFEAD2F, 0xFEB62A, 0xFEA832, 0xFC6B56, 0xFC7351, 0xFFAE30, 0xFFB42F, 0xFFB632, 0xFFF0D7, 0xFFFFFF, 0xFFFEFD},
    {0xFFFFFF, 0xFFFFFD, 0xFFFFFF, 0xFFCD7C, 0xFFC132, 0xFFB131, 0xFFB130, 0xFFB02F, 0xFFB02E, 0xFFB02E, 0xFFAE2F, 0xFFB22D, 0xFFBB28, 0xFFBB2A, 0xFFB130, 0xFFC033, 0xFFD898, 0xFFFFFF, 0xFFFEFD, 0xFFFFFF},
    {0xFFFFFF, 0xFFFFFE, 0xFFFEFD, 0xFFFDFC, 0xFFD07E, 0xFFBD32, 0xFFB82F, 0xFFB12E, 0xFFB02F, 0xFFB12F, 0xFFB12F, 0xFFB030, 0xFFAF2F, 0xFFB731, 0xFFB932, 0xFFD692, 0xFFFFFF, 0xFFFEFC, 0xFFFFFF, 0xFFFFFF},
    {0xFFFFFF, 0xFFFFFF, 0xFFFFFE, 0xFFFFFF, 0xFFFFFF, 0xFFE6BD, 0xFFC663, 0xFFB536, 0xFFB931, 0xFFBC32, 0xFFBC32, 0xFFB831, 0xFFB83B, 0xFFCC6F, 0xFFECCB, 0xFFFFFF, 0xFFFEFD, 0xFFFFFF, 0xFFFFFF, 0xFFFFFF},
    {0xFFFFFF, 0xFFFFFF, 0xFFFFFF, 0xFFFEFE, 0xFFFEFD, 0xFFFFFF, 0xFFFFFF, 0xFFF7E8, 0xFFEDCB, 0xFFE6BD, 0xFFE7BE, 0xFFEDCE, 0xFFF8EC, 0xFFFFFF, 0xFFFFFF, 0xFFFFFD, 0xFFFFFF, 0xFFFFFF, 0xFFFFFF, 0xFFFFFF},
    {0xFFFFFF, 0xFFFFFF, 0xFFFFFF, 0xFFFFFF, 0xFFFFFF, 0xFFFEFD, 0xFFFFFE, 0xFFFFFF, 0xFFFFFF, 0xFFFFFF, 0xFFFFFF, 0xFFFFFF, 0xFFFFFF, 0xFFFEFD, 0xFFFEFD, 0xFFFFFF, 0xFFFFFF, 0xFFFFFF, 0xFFFFFF, 0xFFFFFF},
};

/* === U+1F61B  face with stuck-out tongue === */
static const unsigned int face_with_stuck_out_tongue_bw[EMOJI_ROWS] = {
    0x00000, 0x00000, 0x00000, 0x00000, 0x00000, 0x00000, 0x02080, 0x030C0, 0x030C0, 0x00000, 0x00000, 0x00000, 0x00000, 0x03FC0, 0x03F80, 0x01F80, 0x01F00, 0x00E00, 0x00000, 0x00000
};
static const unsigned int face_with_stuck_out_tongue_color[EMOJI_ROWS][EMOJI_COLS] = {
    {0xFFFFFF, 0xFFFFFF, 0xFFFFFF, 0xFFFFFF, 0xFFFFFF, 0xFFFEFD, 0xFFFFFE, 0xFFFFFF, 0xFFFFFF, 0xFFFFFF, 0xFFFFFF, 0xFFFFFF, 0xFFFFFF, 0xFFFFFD, 0xFFFEFD, 0xFFFFFF, 0xFFFFFF, 0xFFFFFF, 0xFFFFFF, 0xFFFFFF},
    {0xFFFFFF, 0xFFFFFF, 0xFFFFFF, 0xFFFEFE, 0xFFFEFD, 0xFFFFFF, 0xFFFFFF, 0xFFF7EA, 0xFFEECF, 0xFFE7BF, 0xFFE7C0, 0xFFEFD2, 0xFFF9EF, 0xFFFFFF, 0xFFFFFF, 0xFFFEFC, 0xFFFFFF, 0xFFFFFF, 0xFFFFFF, 0xFFFFFF},
    {0xFFFFFF, 0xFFFFFF, 0xFFFEFE, 0xFFFFFF, 0xFFFFFF, 0xFFE9C2, 0xFFC968, 0xFFB738, 0xFFB831, 0xFFBB31, 0xFFBB31, 0xFFB731, 0xFFB73C, 0xFFCE73, 0xFFECCE, 0xFFFFFF, 0xFFFEFD, 0xFFFFFF, 0xFFFFFF, 0xFFFFFF},
    {0xFFFFFF, 0xFFFFFE, 0xFFFFFD, 0xFFFEFD, 0xFFD182, 0xFFBD34, 0xFFB82E, 0xFFB12F, 0xFFB131, 0xFFB12F, 0xFFB12F, 0xFFB031, 0xFFB22E, 0xFFB92F, 0xFFB934, 0xFFD897, 0xFFFFFF, 0xFFFEFD, 0xFFFFFF, 0xFFFFFF},
    {0xFFFFFF, 0xFFFFFD, 0xFFFFFF, 0xFFCF81, 0xFFC02F, 0xFFAD26, 0xFCB031, 0xFCAB27, 0xFEAD26, 0xFFB12F, 0xFFB12F, 0xFEAC24, 0xFCAC29, 0xFBAF30, 0xFFAC24, 0xFFC032, 0xFFD99B, 0xFFFFFF, 0xFFFEFD, 0xFFFFFF},
    {0xFFFEFC, 0xFFFFFF, 0xFFE8C1, 0xFFBC30, 0xFDB438, 0xFFE2B0, 0xFFFFEF, 0xFFF6D5, 0xFFBF54, 0xFFAD28, 0xFFAD26, 0xFFC767, 0xFFFBDF, 0xFFFFEE, 0xFFDA9E, 0xFFB12E, 0xFFB630, 0xFFF0D9, 0xFFFFFF, 0xFFFEFD},
    {0xFFFEFD, 0xFFFFFF, 0xFFC361, 0xFFB324, 0xFFE1B0, 0xF6FBFF, 0x9A8B8E, 0xA299A3, 0xFAF3E5, 0xFEB02F, 0xFFBA45, 0xF4F2F0, 0x968991, 0xA69A9D, 0xFCFFFF, 0xFFD692, 0xFFB623, 0xFFCE7D, 0xFFFFFF, 0xFFFEFD},
    {0xFFFFFF, 0xFFF6E6, 0xFFB332, 0xFDAD2B, 0xFFFFF0, 0xC1BABE, 0x3B1C1D, 0x402122, 0xD1CDD3, 0xFFC353, 0xFFD376, 0xB9B3BD, 0x3A1919, 0x422424, 0xD8D5DB, 0xFFF4D4, 0xFFAD22, 0xFFB744, 0xFFFCF7, 0xFFFFFF},
    {0xFFFFFF, 0xFFE8C3, 0xFFBB33, 0xFDAC25, 0xFFECC5, 0xE8EBF4, 0x725B5C, 0x7B6A71, 0xF0EDE9, 0xFEB537, 0xFFC152, 0xE4E4EA, 0x6E595E, 0x806B6B, 0xF2F7FF, 0xFEDEA5, 0xFFA920, 0xFFB533, 0xFFF2DB, 0xFFFFFF},
    {0xFFFFFF, 0xFFE1AF, 0xFFBD33, 0xFFAE2B, 0xFFB845, 0xFFF2D6, 0xFEFDFC, 0xFFF9ED, 0xFFCE76, 0xFFAD27, 0xFFAD28, 0xFFD78E, 0xFEF9F2, 0xFFFFFF, 0xFFEBC5, 0xFFB237, 0xFFAF2C, 0xFFB933, 0xFFECCC, 0xFFFFFF},
    {0xFFFFFF, 0xFFE1AF, 0xFFBD32, 0xFFB131, 0xFFAE28, 0xFEAE2A, 0xFFB640, 0xFEAE2E, 0xFEA517, 0xFEAB23, 0xFEAA23, 0xFEA516, 0xFFB134, 0xFEB53F, 0xFFAD27, 0xFFAF2A, 0xFFB130, 0xFFB932, 0xFFEBCC, 0xFFFFFF},
    {0xFFFFFF, 0xFFE9C3, 0xFFBB32, 0xFFB12F, 0xFFAF2D, 0xFFB43C, 0xFFC860, 0xFFC963, 0xFFCB6A, 0xFFCA67, 0xFFCA67, 0xFFCB6A, 0xFFC963, 0xFFC75F, 0xFFB337, 0xFFB02D, 0xFFB02F, 0xFFB430, 0xFFF1DA, 0xFFFFFF},
    {0xFFFFFF, 0xFFF5E5, 0xFFB332, 0xFEB02F, 0xFFAF26, 0xFBB251, 0xE6AFDA, 0xE3B0D8, 0xE1B0D8, 0xE2B0D8, 0xE2B0D8, 0xE1B0D7, 0xE3AFDA, 0xE8B1D4, 0xFEB340, 0xFFAE2B, 0xFFB32F, 0xFFB640, 0xFFFCF6, 0xFFFFFF},
    {0xFFFEFD, 0xFFFFFF, 0xFFC05D, 0xFFB731, 0xFFB230, 0xFDAD2C, 0xC0256A, 0xC5037E, 0xDA067D, 0xDD037F, 0xDD037F, 0xDA077D, 0xC0017F, 0xC9395F, 0xFFB529, 0xFFAF31, 0xFFBB30, 0xFFCC78, 0xFFFFFF, 0xFFFEFD},
    {0xFFFEFC, 0xFFFFFF, 0xFFE6BE, 0xFFBD32, 0xFDAF32, 0xFFB929, 0xEF834A, 0xF50991, 0xFE0C8F, 0xFC0C8F, 0xFC0C8F, 0xFE0B90, 0xF2108C, 0xF39540, 0xFFB62C, 0xFDB031, 0xFFB731, 0xFFF0D7, 0xFFFFFF, 0xFFFEFD},
    {0xFFFFFF, 0xFFFFFD, 0xFFFFFF, 0xFFCD7C, 0xFFC132, 0xFFB131, 0xFFB62D, 0xF8267E, 0xF60590, 0xF60E8B, 0xF60F8A, 0xF50192, 0xF93874, 0xFFBB2A, 0xFFAF31, 0xFFC133, 0xFFD898, 0xFFFFFF, 0xFFFEFD, 0xFFFFFF},
    {0xFFFFFF, 0xFFFFFE, 0xFFFEFD, 0xFFFDFC, 0xFFD07E, 0xFFBA33, 0xFFC12A, 0xFD7152, 0xF50297, 0xF50393, 0xF50394, 0xF60294, 0xFF8348, 0xFFC12B, 0xFFB833, 0xFFD692, 0xFFFFFF, 0xFFFEFC, 0xFFFFFF, 0xFFFFFF},
    {0xFFFFFF, 0xFFFFFF, 0xFFFFFE, 0xFFFFFF, 0xFFFFFF, 0xFFE6BC, 0xFFC664, 0xFFBB33, 0xFF7B54, 0xFF4178, 0xFF4476, 0xFF864E, 0xFFBE36, 0xFFCB6F, 0xFFECCB, 0xFFFFFF, 0xFFFEFD, 0xFFFFFF, 0xFFFFFF, 0xFFFFFF},
    {0xFFFFFF, 0xFFFFFF, 0xFFFFFF, 0xFFFEFE, 0xFFFEFD, 0xFFFFFF, 0xFFFFFF, 0xFFF6E8, 0xFFF6C6, 0xFFEEB8, 0xFFF0B9, 0xFFF6C9, 0xFFF7EC, 0xFFFFFF, 0xFFFFFF, 0xFFFFFD, 0xFFFFFF, 0xFFFFFF, 0xFFFFFF, 0xFFFFFF},
    {0xFFFFFF, 0xFFFFFF, 0xFFFFFF, 0xFFFFFF, 0xFFFFFF, 0xFFFEFD, 0xFFFFFE, 0xFFFFFF, 0xFFFFFF, 0xFFFFFF, 0xFFFFFF, 0xFFFFFF, 0xFFFFFF, 0xFFFEFD, 0xFFFEFD, 0xFFFFFF, 0xFFFFFF, 0xFFFFFF, 0xFFFFFF, 0xFFFFFF},
};

/* === U+1F61D  face with stuck-out tongue and tightly-closed eyes === */
static const unsigned int face_with_stuck_out_tongue_and_tightly_closed_eyes_bw[EMOJI_ROWS] = {
    0x00000, 0x00000, 0x00000, 0x00000, 0x00000, 0x00000, 0x00000, 0x060E0, 0x039C0, 0x079E0, 0x06060, 0x00000, 0x00000, 0x03FC0, 0x03F80, 0x01F80, 0x01F00, 0x00E00, 0x00000, 0x00000
};
static const unsigned int face_with_stuck_out_tongue_and_tightly_closed_eyes_color[EMOJI_ROWS][EMOJI_COLS] = {
    {0xFFFFFF, 0xFFFFFF, 0xFFFFFF, 0xFFFFFF, 0xFFFFFF, 0xFFFEFD, 0xFFFFFE, 0xFFFFFF, 0xFFFFFF, 0xFFFFFF, 0xFFFFFF, 0xFFFFFF, 0xFFFFFF, 0xFFFFFD, 0xFFFEFD, 0xFFFFFF, 0xFFFFFF, 0xFFFFFF, 0xFFFFFF, 0xFFFFFF},
    {0xFFFFFF, 0xFFFFFF, 0xFFFFFF, 0xFFFEFE, 0xFFFEFD, 0xFFFFFF, 0xFFFFFF, 0xFFF7EA, 0xFFEECF, 0xFFE7BF, 0xFFE7C0, 0xFFEFD2, 0xFFF9EF, 0xFFFFFF, 0xFFFFFF, 0xFFFEFC, 0xFFFFFF, 0xFFFFFF, 0xFFFFFF, 0xFFFFFF},
    {0xFFFFFF, 0xFFFFFF, 0xFFFEFE, 0xFFFFFF, 0xFFFFFF, 0xFFE9C2, 0xFFC968, 0xFFB738, 0xFFB831, 0xFFBB31, 0xFFBB31, 0xFFB731, 0xFFB63B, 0xFFCC73, 0xFFECCE, 0xFFFFFF, 0xFFFEFD, 0xFFFFFF, 0xFFFFFF, 0xFFFFFF},
    {0xFFFFFF, 0xFFFFFE, 0xFFFFFD, 0xFFFFFD, 0xFFD182, 0xFFBC32, 0xFFB930, 0xFFB12E, 0xFFB02F, 0xFFB12F, 0xFFB12F, 0xFFAF2E, 0xFFB22E, 0xFFBA30, 0xFFB831, 0xFFD896, 0xFFFFFF, 0xFFFEFD, 0xFFFFFF, 0xFFFFFF},
    {0xFFFFFF, 0xFFFFFD, 0xFFFFFF, 0xFFCD80, 0xFFC132, 0xFFB131, 0xFFB130, 0xFFB02F, 0xFFB02E, 0xFFB02E, 0xFFB02E, 0xFFB02E, 0xFFB02F, 0xFDB02F, 0xFFB12F, 0xFFC133, 0xFFD99B, 0xFFFFFF, 0xFFFEFD, 0xFFFFFF},
    {0xFFFEFC, 0xFFFFFF, 0xFFE7C0, 0xFFBD32, 0xFFB231, 0xFFB12E, 0xFDAF2E, 0xFDAF2E, 0xFFB02E, 0xFFB02E, 0xFFB02E, 0xFFB02E, 0xFDAE2E, 0xFEAF2E, 0xFFB02F, 0xFFB230, 0xFFB631, 0xFFF0D8, 0xFFFFFF, 0xFFFEFD},
    {0xFFFEFD, 0xFFFFFF, 0xFFC25D, 0xFFB831, 0xFFB130, 0xFDAE2E, 0xFFB72E, 0xFFB62E, 0xFEAF2E, 0xFFB02E, 0xFFB02E, 0xFEAF2E, 0xFFB72E, 0xFFB52E, 0xFDAF2E, 0xFFB030, 0xFFBB31, 0xFFCD79, 0xFFFFFF, 0xFFFEFD},
    {0xFFFFFF, 0xFFF6E6, 0xFFB333, 0xFEAF2E, 0xFFB52E, 0x775031, 0x6C4931, 0xDC9B2F, 0xFFB62E, 0xFEAF2E, 0xFEB02E, 0xFFB62E, 0xD1932F, 0x5E3F31, 0x8E6030, 0xFFB82F, 0xFEB12E, 0xFFB742, 0xFFFCF7, 0xFFFFFF},
    {0xFFFFFF, 0xFFE8C3, 0xFFBB32, 0xFDB02F, 0xFEB22E, 0xE3A02E, 0x684631, 0x281832, 0x986830, 0xFFB62E, 0xFEB22E, 0x805730, 0x271832, 0x7B5331, 0xECA72E, 0xFEB12E, 0xFFAF2F, 0xFFB430, 0xFFF2DB, 0xFFFFFF},
    {0xFFFFFF, 0xFFE1AF, 0xFFBD32, 0xFDAF30, 0xFEB42E, 0xA67330, 0x4A3234, 0x634433, 0xC68B31, 0xFEB430, 0xFEB230, 0xB78032, 0x5A3E33, 0x4F3534, 0xB88030, 0xFEB52E, 0xFCAF2F, 0xFFB932, 0xFFECCC, 0xFFFFFF},
    {0xFFFFFF, 0xFFE1AF, 0xFFBD32, 0xFDB030, 0xFFB42F, 0xA16D2D, 0xB47623, 0xFFB022, 0xFFB122, 0xFEA922, 0xFEA922, 0xFFB322, 0xFDAD22, 0xA66C24, 0xB0782E, 0xFFB62E, 0xFCAF2F, 0xFFB932, 0xFFEBCC, 0xFFFFFF},
    {0xFFFFFF, 0xFFE9C3, 0xFFBB32, 0xFFB130, 0xFFAE2B, 0xFFBE3C, 0xFFD367, 0xFFCA67, 0xFFC967, 0xFFCA67, 0xFFCA67, 0xFFC867, 0xFFCB67, 0xFFD366, 0xFFBA36, 0xFFAF2C, 0xFFB02F, 0xFFB430, 0xFFF1DA, 0xFFFFFF},
    {0xFFFFFF, 0xFFF5E5, 0xFFB332, 0xFEB02F, 0xFFAF26, 0xF9B151, 0xE3ADD9, 0xE3B0D7, 0xE1B0D8, 0xE2B0D8, 0xE2B0D8, 0xE1B0D7, 0xE2AFD9, 0xE5AFD2, 0xFCB140, 0xFFAF2B, 0xFFB32F, 0xFFB640, 0xFFFCF6, 0xFFFFFF},
    {0xFFFEFD, 0xFFFFFF, 0xFFC05D, 0xFFB731, 0xFFB230, 0xFDAD2C, 0xC0256A, 0xC5037E, 0xDA067D, 0xDD037F, 0xDD037F, 0xDA077D, 0xC0017F, 0xC9395F, 0xFFB529, 0xFFAF31, 0xFFBB30, 0xFFCC78, 0xFFFFFF, 0xFFFEFD},
    {0xFFFEFC, 0xFFFFFF, 0xFFE6BE, 0xFFBD32, 0xFDAF32, 0xFFB929, 0xEF834A, 0xF50991, 0xFE0C8F, 0xFC0C8F, 0xFC0C8F, 0xFE0B90, 0xF2108C, 0xF39540, 0xFFB62C, 0xFDB031, 0xFFB731, 0xFFF0D7, 0xFFFFFF, 0xFFFEFD},
    {0xFFFFFF, 0xFFFFFD, 0xFFFFFF, 0xFFCD7C, 0xFFC132, 0xFFB131, 0xFFB62D, 0xF8267E, 0xF60590, 0xF60E8B, 0xF60F8A, 0xF50192, 0xF93874, 0xFFBB2A, 0xFFAF31, 0xFFC133, 0xFFD898, 0xFFFFFF, 0xFFFEFD, 0xFFFFFF},
    {0xFFFFFF, 0xFFFFFE, 0xFFFEFD, 0xFFFDFC, 0xFFD07E, 0xFFBA33, 0xFFC12A, 0xFD7152, 0xF50297, 0xF50393, 0xF50394, 0xF60294, 0xFF8348, 0xFFC12B, 0xFFB833, 0xFFD692, 0xFFFFFF, 0xFFFEFC, 0xFFFFFF, 0xFFFFFF},
    {0xFFFFFF, 0xFFFFFF, 0xFFFFFE, 0xFFFFFF, 0xFFFFFF, 0xFFE6BC, 0xFFC664, 0xFFBB33, 0xFF7B54, 0xFF4178, 0xFF4476, 0xFF864E, 0xFFBE36, 0xFFCB6F, 0xFFECCB, 0xFFFFFF, 0xFFFEFD, 0xFFFFFF, 0xFFFFFF, 0xFFFFFF},
    {0xFFFFFF, 0xFFFFFF, 0xFFFFFF, 0xFFFEFE, 0xFFFEFD, 0xFFFFFF, 0xFFFFFF, 0xFFF6E8, 0xFFF6C6, 0xFFEEB8, 0xFFF0B9, 0xFFF6C9, 0xFFF7EC, 0xFFFFFF, 0xFFFFFF, 0xFFFFFD, 0xFFFFFF, 0xFFFFFF, 0xFFFFFF, 0xFFFFFF},
    {0xFFFFFF, 0xFFFFFF, 0xFFFFFF, 0xFFFFFF, 0xFFFFFF, 0xFFFEFD, 0xFFFFFE, 0xFFFFFF, 0xFFFFFF, 0xFFFFFF, 0xFFFFFF, 0xFFFFFF, 0xFFFFFF, 0xFFFEFD, 0xFFFEFD, 0xFFFFFF, 0xFFFFFF, 0xFFFFFF, 0xFFFFFF, 0xFFFFFF},
};

/* === U+1F612  unamused face === */
static const unsigned int unamused_face_bw[EMOJI_ROWS] = {
    0x00000, 0x00000, 0x00000, 0x00000, 0x00000, 0x06060, 0x0C030, 0x08010, 0x00000, 0x03870, 0x01860, 0x00000, 0x00000, 0x00600, 0x01F80, 0x01980, 0x00000, 0x00000, 0x00000, 0x00000
};
static const unsigned int unamused_face_color[EMOJI_ROWS][EMOJI_COLS] = {
    {0xFFFFFF, 0xFFFFFF, 0xFFFFFF, 0xFFFFFF, 0xFFFFFF, 0xFFFEFD, 0xFFFFFE, 0xFFFFFF, 0xFFFFFF, 0xFFFFFF, 0xFFFFFF, 0xFFFFFF, 0xFFFFFF, 0xFFFFFD, 0xFFFEFD, 0xFFFFFF, 0xFFFFFF, 0xFFFFFF, 0xFFFFFF, 0xFFFFFF},
    {0xFFFFFF, 0xFFFFFF, 0xFFFFFF, 0xFFFEFE, 0xFFFEFD, 0xFFFFFF, 0xFFFFFF, 0xFFF7EA, 0xFFEECF, 0xFFE7BF, 0xFFE7C0, 0xFFEFD2, 0xFFF9EF, 0xFFFFFF, 0xFFFFFF, 0xFFFEFC, 0xFFFFFF, 0xFFFFFF, 0xFFFFFF, 0xFFFFFF},
    {0xFFFFFF, 0xFFFFFF, 0xFFFEFE, 0xFFFFFF, 0xFFFFFF, 0xFFE9C2, 0xFFC968, 0xFFB738, 0xFFB831, 0xFFBB31, 0xFFBB31, 0xFFB731, 0xFFB63B, 0xFFCC73, 0xFFECCE, 0xFFFFFF, 0xFFFEFD, 0xFFFFFF, 0xFFFFFF, 0xFFFFFF},
    {0xFFFFFF, 0xFFFFFE, 0xFFFFFD, 0xFFFFFD, 0xFFD182, 0xFFBA32, 0xFFB930, 0xFFB12E, 0xFFB02F, 0xFFB12F, 0xFFB12F, 0xFFAF2E, 0xFFB22E, 0xFFBA30, 0xFFB731, 0xFFD796, 0xFFFFFF, 0xFFFEFD, 0xFFFFFF, 0xFFFFFF},
    {0xFFFFFF, 0xFFFFFD, 0xFFFFFF, 0xFFCD80, 0xFFC332, 0xFFB931, 0xFFB030, 0xFFAF2F, 0xFFB02E, 0xFFB02E, 0xFFB02E, 0xFFB02E, 0xFFAF2F, 0xFFB12F, 0xFFBA2F, 0xFFC133, 0xFFD89B, 0xFFFFFF, 0xFFFEFD, 0xFFFFFF},
    {0xFFFEFC, 0xFFFFFF, 0xFEE7C0, 0xFFBF32, 0xF8B031, 0x9C6A30, 0x9E6D30, 0xFDB02E, 0xFFB02E, 0xFFB02E, 0xFEB02E, 0xFFB22E, 0xF5AA2E, 0x936530, 0xA87330, 0xFFB530, 0xFFB731, 0xFEF0D8, 0xFFFFFF, 0xFFFEFD},
    {0xFFFEFD, 0xFEFEFF, 0xFFC25D, 0xFABB31, 0x8A5F32, 0xBA812F, 0xF8B12E, 0xFEB02E, 0xFFB02E, 0xFFB02E, 0xFFB02E, 0xFFB02E, 0xFDAF2E, 0xF5AF2E, 0xA9732F, 0x9A6932, 0xFFC230, 0xFCCB79, 0xFFFFFF, 0xFFFEFD},
    {0xFFFFFF, 0xFFF5E6, 0xFFB532, 0xF3A62E, 0xC28732, 0xFFBC31, 0xFEB02F, 0xFCAE2E, 0xFCAE2F, 0xFFB02F, 0xFFB12F, 0xFFB131, 0xFFB131, 0xFFB02E, 0xFFB42E, 0xBB8131, 0xFDB02F, 0xFFB742, 0xFFFCF7, 0xFFFFFF},
    {0xFFFFFF, 0xFFE8C3, 0xFFBA32, 0xFFB22E, 0xFFB120, 0xFDA920, 0xFFB429, 0xFFBD31, 0xFFB92D, 0xFFAF2B, 0xFFAE28, 0xFFAB20, 0xFFAC22, 0xFFBA2F, 0xFFBB31, 0xFFBB2A, 0xFFAF2D, 0xFFB430, 0xFFF2DB, 0xFFFFFF},
    {0xFFFFFF, 0xFFE1B0, 0xFFBC2F, 0xFFB43C, 0xFBDAA5, 0xFFE0AD, 0xB38B5B, 0x774719, 0x8B623A, 0xF6B347, 0xFFC665, 0xFFE0AC, 0xF3D29E, 0x885B2D, 0x774A1F, 0xB78A51, 0xFFBB3A, 0xFFB62F, 0xFFECCC, 0xFFFFFF},
    {0xFFFFFF, 0xFFE1B0, 0xFFBC31, 0xFFB133, 0xFDF8F1, 0xFFFFFF, 0xCAC8D0, 0x4B3C4B, 0x8E8CA3, 0xFDC155, 0xFEC870, 0xFEFFFF, 0xFBFFFF, 0x877D87, 0x4E445D, 0xD0BDA7, 0xFFB62F, 0xFFB731, 0xFFEBCC, 0xFFFFFF},
    {0xFFFFFF, 0xFFE9C3, 0xFFBB34, 0xFFAD26, 0xFFC76A, 0xFFFAF2, 0xFFFFFF, 0xFFFFFF, 0xFFE5AB, 0xFDAC27, 0xFCAD2C, 0xFEE3B7, 0xFFFFFF, 0xFFFFFF, 0xFFFFF1, 0xFFC75D, 0xFFAB25, 0xFFB532, 0xFFF1DA, 0xFFFFFF},
    {0xFFFFFF, 0xFFF5E5, 0xFFB332, 0xFFB12F, 0xFEAC24, 0xFFBA49, 0xFEC974, 0xFDC05D, 0xFFB024, 0xFFBB2D, 0xFFBA2C, 0xFFB22A, 0xFDC365, 0xFEC973, 0xFEB63F, 0xFCAA25, 0xFFB430, 0xFFB63F, 0xFFFCF6, 0xFFFFFF},
    {0xFFFEFD, 0xFFFFFF, 0xFFC05D, 0xFFB830, 0xFFB232, 0xFFAE28, 0xFFAB21, 0xFFB424, 0xDE9A30, 0xAA7430, 0xAE7730, 0xE8A02F, 0xFFB423, 0xFEAA21, 0xFFAE2A, 0xFFB132, 0xFFBB30, 0xFFCC78, 0xFFFFFF, 0xFFFEFD},
    {0xFFFEFC, 0xFFFFFF, 0xFFE6BE, 0xFFBD32, 0xFFB130, 0xFDB030, 0xFDB531, 0x9C6C32, 0x392532, 0x5A3D31, 0x563A31, 0x3B2732, 0xB17B32, 0xFFB631, 0xFCAE30, 0xFFB230, 0xFFB731, 0xFFF0D7, 0xFFFFFF, 0xFFFEFD},
    {0xFFFFFF, 0xFFFFFD, 0xFFFFFF, 0xFFCD7C, 0xFFC032, 0xFFB331, 0xF5AB30, 0x5C3E32, 0xC2852F, 0xFFB92E, 0xFFB92E, 0xAA7530, 0x694732, 0xFFB32F, 0xFFB030, 0xFFC133, 0xFFD898, 0xFFFFFF, 0xFFFEFD, 0xFFFFFF},
    {0xFFFFFF, 0xFFFFFE, 0xFFFEFD, 0xFFFDFC, 0xFFD07E, 0xFFBD32, 0xFFB82F, 0xFFB12E, 0xFFB62F, 0xFDB02F, 0xFFB12F, 0xFFB62F, 0xFFB12E, 0xFFBA30, 0xFFBA32, 0xFFD692, 0xFFFFFF, 0xFFFEFC, 0xFFFFFF, 0xFFFFFF},
    {0xFFFFFF, 0xFFFFFF, 0xFFFFFE, 0xFFFFFF, 0xFFFFFF, 0xFFE6BD, 0xFFC663, 0xFFB536, 0xFFB831, 0xFFBB32, 0xFFBB32, 0xFFB731, 0xFFB83B, 0xFFCC6F, 0xFFECCB, 0xFFFFFF, 0xFFFEFD, 0xFFFFFF, 0xFFFFFF, 0xFFFFFF},
    {0xFFFFFF, 0xFFFFFF, 0xFFFFFF, 0xFFFEFE, 0xFFFEFD, 0xFFFFFF, 0xFFFFFF, 0xFFF7E8, 0xFFEDCB, 0xFFE6BD, 0xFFE7BE, 0xFEEDCE, 0xFEF8EC, 0xFFFFFF, 0xFFFFFF, 0xFFFFFD, 0xFFFFFF, 0xFFFFFF, 0xFFFFFF, 0xFFFFFF},
    {0xFFFFFF, 0xFFFFFF, 0xFFFFFF, 0xFFFFFF, 0xFFFFFF, 0xFFFEFD, 0xFFFFFE, 0xFFFFFF, 0xFFFFFF, 0xFFFFFF, 0xFFFFFF, 0xFFFFFF, 0xFFFFFF, 0xFFFEFD, 0xFFFEFD, 0xFFFFFF, 0xFFFFFF, 0xFFFFFF, 0xFFFFFF, 0xFFFFFF},
};

/* === U+1F613  face with cold sweat === */
static const unsigned int face_with_cold_sweat_bw[EMOJI_ROWS] = {
    0x00000, 0x00000, 0x18000, 0x3C000, 0x3C000, 0x3C000, 0x3C000, 0x38000, 0x079E0, 0x0D9B0, 0x00000, 0x00000, 0x00000, 0x01F80, 0x03BC0, 0x00080, 0x00000, 0x00000, 0x00000, 0x00000
};
static const unsigned int face_with_cold_sweat_color[EMOJI_ROWS][EMOJI_COLS] = {
    {0xFFFFFF, 0xFFFFFF, 0xFEFEFF, 0xFFFFFF, 0xFFFFFF, 0xFEFDFD, 0xFFFEFD, 0xFFFFFF, 0xFFFFFF, 0xFFFFFF, 0xFFFFFF, 0xFFFFFF, 0xFFFFFF, 0xFFFFFD, 0xFFFEFD, 0xFFFFFF, 0xFFFFFF, 0xFFFFFF, 0xFFFFFF, 0xFFFFFF},
    {0xFFFFFF, 0xFEFEFF, 0xFFFFFF, 0xD0D8FF, 0xD4DAFF, 0xFFFFFF, 0xFFFFFF, 0xFFF8EA, 0xFFEECF, 0xFFE7BF, 0xFFE7C0, 0xFFEFD2, 0xFFF9EF, 0xFFFFFF, 0xFFFFFF, 0xFFFEFC, 0xFFFFFF, 0xFFFFFF, 0xFFFFFF, 0xFFFFFF},
    {0xFDFDFF, 0xFFFFFF, 0xA4B3FF, 0x4769FF, 0x3D62FF, 0xACADDF, 0xFFCB60, 0xFCB539, 0xFFB831, 0xFFBB31, 0xFFBB31, 0xFFB731, 0xFFB63B, 0xFFCC73, 0xFFECCE, 0xFFFFFF, 0xFFFEFD, 0xFFFFFF, 0xFFFFFF, 0xFFFFFF},
    {0xFEFEFF, 0xFFFFFF, 0x637EFF, 0x4465FF, 0x385CFF, 0x797CD2, 0xFFBD27, 0xFFB030, 0xFFB02F, 0xFFB12F, 0xFFB12F, 0xFFAF2E, 0xFFB22E, 0xFFBA30, 0xFFB831, 0xFFD896, 0xFFFFFF, 0xFFFEFD, 0xFFFFFF, 0xFFFFFF},
    {0xFEFEFF, 0xFFFFFF, 0x6983FF, 0x4364FF, 0x375DFF, 0x6F74CC, 0xFFB429, 0xFDAF31, 0xFFB02E, 0xFFB02E, 0xFFB02E, 0xFFB02E, 0xFFAF2F, 0xFFB02F, 0xFFB12F, 0xFFC133, 0xFFD99B, 0xFFFFFF, 0xFFFEFD, 0xFFFFFF},
    {0xFEFEFF, 0xFFFFFF, 0x6B83FF, 0x4464FF, 0x385DFF, 0x6F73CA, 0xFEB226, 0xFDAF30, 0xFFB02E, 0xFFB02E, 0xFFB02E, 0xFFB02E, 0xFEAF2E, 0xFEAF2E, 0xFFAF2F, 0xFFB230, 0xFFB631, 0xFFF0D8, 0xFFFFFF, 0xFFFEFD},
    {0xFEFEFF, 0xFFFFFE, 0x637CFD, 0x4163FF, 0x345AFF, 0x6A71CF, 0xFFB824, 0xFFB030, 0xFDAF2E, 0xFFB02E, 0xFFB02E, 0xFDAF2E, 0xFFB22E, 0xFFB42E, 0xFEAF2E, 0xFFAF30, 0xFFBC31, 0xFFCD79, 0xFFFFFF, 0xFFFEFD},
    {0xFFFFFF, 0xFFFADF, 0xAF918B, 0x385CFF, 0x3F61FD, 0xBE967B, 0xE9A524, 0xF9AD30, 0xFFB62E, 0xFFAF2E, 0xFFB02E, 0xFFB72E, 0xF7AB2E, 0xEBA22E, 0xFFB62E, 0xFFB12F, 0xFEB32E, 0xFFB742, 0xFFFCF7, 0xFFFFFF},
    {0xFFFFFF, 0xFFE8C3, 0xFFBD2A, 0xDDA454, 0xCF9850, 0x714B29, 0x402932, 0x4E3431, 0xCB8D2F, 0xFFB42E, 0xFFB42E, 0xB77F2F, 0x472F32, 0x402A32, 0x7B5431, 0xF5AC2E, 0xFFB02F, 0xFFB330, 0xFFF2DB, 0xFFFFFF},
    {0xFFFFFF, 0xFFE1AF, 0xFDBA33, 0xFFBD28, 0xBE8028, 0x5A3D33, 0xDDA22E, 0x875C30, 0x7D5431, 0xFFB82E, 0xFFB32E, 0x684631, 0x9F6D30, 0xD99B2F, 0x533731, 0xD18F2F, 0xFFB72F, 0xFFB732, 0xFFECCC, 0xFFFFFF},
    {0xFFFFFF, 0xFFE1AF, 0xFFBD32, 0xFDB032, 0xFBAD30, 0xFFB12E, 0xFFB82E, 0xFFB42E, 0xFBAD2E, 0xFEB02E, 0xFEB02E, 0xFBAD2E, 0xFFB52E, 0xFFB82E, 0xFEAF2E, 0xFDAF2E, 0xFFB02F, 0xFFB932, 0xFFEBCC, 0xFFFFFF},
    {0xFFFFFF, 0xFFE9C3, 0xFFBB32, 0xFFB12F, 0xFFB12E, 0xFFB02E, 0xFDAE2E, 0xFCAE2E, 0xFFB02E, 0xFFB32E, 0xFFB22E, 0xFFB02E, 0xFCAE2E, 0xFDAE2E, 0xFFB12E, 0xFFB02E, 0xFFAF2F, 0xFFB430, 0xFFF1DA, 0xFFFFFF},
    {0xFFFFFF, 0xFFF5E5, 0xFFB332, 0xFFB02E, 0xFEB02E, 0xFFB02E, 0xFFB02E, 0xFFB82E, 0xFFB52E, 0xF1A62E, 0xF3A72E, 0xFFB72E, 0xFFB72E, 0xFEAF2E, 0xFFB02E, 0xFFAF2F, 0xFFB32E, 0xFFB640, 0xFFFCF6, 0xFFFFFF},
    {0xFFFEFD, 0xFFFFFF, 0xFFC05D, 0xFFB831, 0xFFB130, 0xFEAF2E, 0xFFB52E, 0xB9802F, 0x5A3C31, 0x483032, 0x483032, 0x604031, 0xC78A2F, 0xFFB62E, 0xFEAF2E, 0xFFB030, 0xFFBB30, 0xFFCC78, 0xFFFFFF, 0xFFFEFD},
    {0xFFFEFC, 0xFFFFFF, 0xFFE6BE, 0xFFBD32, 0xFBAF31, 0xFFB92E, 0xA37030, 0x342132, 0x9B6C30, 0xD4942F, 0xD1922F, 0x906330, 0x322032, 0xBC822F, 0xFFB72F, 0xFCB030, 0xFFB731, 0xFFF0D7, 0xFFFFFF, 0xFFFEFD},
    {0xFFFFFF, 0xFFFFFD, 0xFFFFFF, 0xFFCD7C, 0xFFC032, 0xFFB531, 0xD59230, 0xDC9730, 0xFFBE2E, 0xFFB62E, 0xFFB62E, 0xFFBD2E, 0xD49230, 0xDF9930, 0xFFB530, 0xFFC033, 0xFFD898, 0xFFFFFF, 0xFFFEFD, 0xFFFFFF},
    {0xFFFFFF, 0xFFFFFE, 0xFFFEFD, 0xFFFDFC, 0xFFD07E, 0xFFBC32, 0xFFBE2F, 0xFFB62E, 0xFBAE2F, 0xFCAF2F, 0xFCAF2F, 0xFBAE2F, 0xFFB72E, 0xFFBE30, 0xFFB932, 0xFFD692, 0xFFFFFF, 0xFFFEFC, 0xFFFFFF, 0xFFFFFF},
    {0xFFFFFF, 0xFFFFFF, 0xFFFFFE, 0xFFFFFF, 0xFFFFFF, 0xFFE6BC, 0xFDC663, 0xFCB336, 0xFFB931, 0xFFBC32, 0xFFBC32, 0xFFB831, 0xFCB63B, 0xFECB6F, 0xFFECCB, 0xFFFFFF, 0xFFFEFD, 0xFFFFFF, 0xFFFFFF, 0xFFFFFF},
    {0xFFFFFF, 0xFFFFFF, 0xFFFFFF, 0xFFFEFE, 0xFFFEFD, 0xFFFFFF, 0xFFFFFF, 0xFFF7E8, 0xFFEDCB, 0xFFE6BD, 0xFFE7BE, 0xFFEDCE, 0xFFF8EC, 0xFFFFFF, 0xFFFFFF, 0xFFFFFD, 0xFFFFFF, 0xFFFFFF, 0xFFFFFF, 0xFFFFFF},
    {0xFFFFFF, 0xFFFFFF, 0xFFFFFF, 0xFFFFFF, 0xFFFFFF, 0xFFFEFD, 0xFFFFFE, 0xFFFFFF, 0xFFFFFF, 0xFFFFFF, 0xFFFFFF, 0xFFFFFF, 0xFFFFFF, 0xFFFEFD, 0xFFFEFD, 0xFFFFFF, 0xFFFFFF, 0xFFFFFF, 0xFFFFFF, 0xFFFFFF},
};

/* === U+1F614  pensive face === */
static const unsigned int pensive_face_bw[EMOJI_ROWS] = {
    0x00000, 0x00000, 0x00000, 0x00000, 0x00000, 0x02040, 0x06060, 0x0C030, 0x00000, 0x00000, 0x0F9F0, 0x0F1F0, 0x00000, 0x00000, 0x00F00, 0x01F80, 0x00000, 0x00000, 0x00000, 0x00000
};
static const unsigned int pensive_face_color[EMOJI_ROWS][EMOJI_COLS] = {
    {0xFFFFFF, 0xFFFFFF, 0xFFFFFF, 0xFFFFFF, 0xFFFFFF, 0xFFFEFD, 0xFFFFFE, 0xFFFFFF, 0xFFFFFF, 0xFFFFFF, 0xFFFFFF, 0xFFFFFF, 0xFFFFFF, 0xFFFFFD, 0xFFFEFD, 0xFFFFFF, 0xFFFFFF, 0xFFFFFF, 0xFFFFFF, 0xFFFFFF},
    {0xFFFFFF, 0xFFFFFF, 0xFFFFFF, 0xFFFEFE, 0xFFFEFD, 0xFFFFFF, 0xFFFFFF, 0xFFF7EA, 0xFFEECF, 0xFFE7BF, 0xFFE7C0, 0xFFEFD2, 0xFFF9EF, 0xFFFFFF, 0xFFFFFF, 0xFFFEFC, 0xFFFFFF, 0xFFFFFF, 0xFFFFFF, 0xFFFFFF},
    {0xFFFFFF, 0xFFFFFF, 0xFFFEFE, 0xFFFFFF, 0xFFFFFF, 0xFFE9C2, 0xFFC968, 0xFFB738, 0xFFB831, 0xFFBB31, 0xFFBB31, 0xFFB731, 0xFFB63B, 0xFFCC73, 0xFFECCE, 0xFFFFFF, 0xFFFEFD, 0xFFFFFF, 0xFFFFFF, 0xFFFFFF},
    {0xFFFFFF, 0xFFFFFE, 0xFFFFFD, 0xFFFFFD, 0xFFD182, 0xFFBC32, 0xFFB830, 0xFFB12E, 0xFFB02F, 0xFFB12F, 0xFFB12F, 0xFFAF2E, 0xFFB22E, 0xFFB930, 0xFFB931, 0xFFD896, 0xFFFFFF, 0xFFFEFD, 0xFFFFFF, 0xFFFFFF},
    {0xFFFFFF, 0xFFFFFD, 0xFFFFFF, 0xFFCD80, 0xFFC032, 0xFDB031, 0xFFB62F, 0xFFB02F, 0xFFB02E, 0xFFB02E, 0xFFB02E, 0xFFB02E, 0xFFB02F, 0xFFB52F, 0xFCAF2F, 0xFFC033, 0xFFD99B, 0xFFFFFF, 0xFFFEFD, 0xFFFFFF},
    {0xFFFEFC, 0xFFFFFF, 0xFFE7C0, 0xFFBD32, 0xFFB431, 0xFFB92E, 0xAF782F, 0xF5A92E, 0xFFB22E, 0xFFB02E, 0xFEAF2E, 0xFFB42E, 0xE9A02E, 0xB67D2F, 0xFFBD2F, 0xFFB430, 0xFFB631, 0xFFF0D8, 0xFFFFFF, 0xFFFEFD},
    {0xFFFEFD, 0xFEFFFF, 0xFFC25D, 0xFDB730, 0xE8A430, 0xA87330, 0x976730, 0xFEB62E, 0xFDAF2E, 0xFFB02E, 0xFFB02E, 0xFEB02E, 0xF9B12E, 0x8A5E30, 0xB67E2F, 0xECA630, 0xFFBB31, 0xFECC79, 0xFFFFFF, 0xFFFEFD},
    {0xFFFFFF, 0xFFF5E6, 0xFFB433, 0xFAAD2E, 0x9E6C30, 0xAE7730, 0xFEB22E, 0xFEB12E, 0xFEAF2E, 0xFFB02E, 0xFFB02E, 0xFEAF2E, 0xFFB32E, 0xF8AD2E, 0xA36F30, 0xA87530, 0xFFB52E, 0xFFB742, 0xFFFCF7, 0xFFFFFF},
    {0xFFFFFF, 0xFFE8C3, 0xFFBB32, 0xFFB12F, 0xFFB72E, 0xFFB82E, 0xFDAE2E, 0xFEAF2E, 0xFFB12E, 0xFFB02E, 0xFFB02E, 0xFFB12E, 0xFDAE2E, 0xFEAF2E, 0xFFB92E, 0xFFB62E, 0xFFAF2F, 0xFFB430, 0xFFF2DB, 0xFFFFFF},
    {0xFFFFFF, 0xFFE1AF, 0xFFBD32, 0xFFB030, 0xFAAD2E, 0xFFB82E, 0xFFBC2E, 0xFFB62E, 0xFBAD2E, 0xFFB12E, 0xFFB02E, 0xFBAD2E, 0xFFB82E, 0xFFBC2E, 0xFFB62E, 0xFAAC2E, 0xFFB12F, 0xFFB932, 0xFFECCC, 0xFFFFFF},
    {0xFFFFFF, 0xFFE1AF, 0xFFBE32, 0xF7AC30, 0x5D3E31, 0x825830, 0xAA7A2F, 0x644331, 0x865B30, 0xFFB82E, 0xFFB22E, 0x704C31, 0x724D31, 0xAA7B2F, 0x734E31, 0x6E4A31, 0xFFB42F, 0xFFB832, 0xFEEBCC, 0xFFFFFF},
    {0xFFFFFF, 0xFFE9C3, 0xFFBA32, 0xFFB32F, 0xC3872F, 0x6C4931, 0x5C3D31, 0x7E5531, 0xDE9A2F, 0xFEB22E, 0xFEB22E, 0xD2922F, 0x744F31, 0x5C3D31, 0x734E31, 0xD0902F, 0xFFB22E, 0xFFB330, 0xFEF1DA, 0xFFFFFF},
    {0xFFFFFF, 0xFFF5E5, 0xFFB332, 0xFFB02E, 0xFFB82E, 0xFFB92E, 0xFFB62E, 0xFFBA2E, 0xFFB32E, 0xFDAE2E, 0xFDAE2E, 0xFFB52E, 0xFFBA2E, 0xFFB62E, 0xFFBA2E, 0xFFB62F, 0xFFB32E, 0xFFB640, 0xFFFCF6, 0xFFFFFF},
    {0xFFFEFD, 0xFFFFFF, 0xFFC05D, 0xFFB831, 0xFCAF30, 0xFDAF2E, 0xFEAF2E, 0xFFB02E, 0xFFB72E, 0xFFB72E, 0xFFB72E, 0xFFB62E, 0xFEB02E, 0xFEAF2E, 0xFDAE2E, 0xFCAF30, 0xFFBB30, 0xFFCC78, 0xFFFFFF, 0xFFFEFD},
    {0xFFFEFC, 0xFFFFFF, 0xFFE6BE, 0xFFBD32, 0xFFB131, 0xFEAF2E, 0xFFB22E, 0xF1A62E, 0xCD8D2F, 0xCF8E2F, 0xCE8E2F, 0xCF8E2F, 0xF6AA2E, 0xFFB12E, 0xFDAF2F, 0xFFB230, 0xFFB731, 0xFFF0D7, 0xFFFFFF, 0xFFFEFD},
    {0xFFFFFF, 0xFFFFFD, 0xFFFFFF, 0xFFCD7C, 0xFFC132, 0xFCB031, 0xFFB930, 0xBE8330, 0x412B32, 0x4D3332, 0x4B3232, 0x462E32, 0xD49230, 0xFFB62F, 0xFCAF30, 0xFFC133, 0xFFD898, 0xFFFFFF, 0xFFFEFD, 0xFFFFFF},
    {0xFFFFFF, 0xFFFFFE, 0xFFFEFD, 0xFFFDFC, 0xFFD07E, 0xFFBD32, 0xFFB82F, 0xFFB02E, 0xF6AA2F, 0xF5AB2F, 0xF5A92F, 0xF7AB30, 0xFFB12E, 0xFFB930, 0xFFBA31, 0xFFD692, 0xFFFFFF, 0xFFFEFC, 0xFFFFFF, 0xFFFFFF},
    {0xFFFFFF, 0xFFFFFF, 0xFFFFFE, 0xFFFFFF, 0xFFFFFF, 0xFFE6BD, 0xFFC663, 0xFFB536, 0xFFBB31, 0xFFBE32, 0xFFBE31, 0xFFBA31, 0xFFB83B, 0xFFCC6F, 0xFFECCB, 0xFFFFFF, 0xFFFEFD, 0xFFFFFF, 0xFFFFFF, 0xFFFFFF},
    {0xFFFFFF, 0xFFFFFF, 0xFFFFFF, 0xFFFEFE, 0xFFFEFD, 0xFFFFFF, 0xFFFFFF, 0xFFF7E8, 0xFFECCB, 0xFEE6BD, 0xFFE7BE, 0xFEEDCE, 0xFEF8EC, 0xFFFFFF, 0xFFFFFF, 0xFFFFFD, 0xFFFFFF, 0xFFFFFF, 0xFFFFFF, 0xFFFFFF},
    {0xFFFFFF, 0xFFFFFF, 0xFFFFFF, 0xFFFFFF, 0xFFFFFF, 0xFFFEFD, 0xFFFFFE, 0xFFFFFF, 0xFFFFFF, 0xFFFFFF, 0xFFFFFF, 0xFFFFFF, 0xFFFFFF, 0xFFFEFD, 0xFFFEFD, 0xFFFFFF, 0xFFFFFF, 0xFFFFFF, 0xFFFFFF, 0xFFFFFF},
};

/* === U+1F616  confounded face === */
static const unsigned int confounded_face_bw[EMOJI_ROWS] = {
    0x00000, 0x00000, 0x00000, 0x00000, 0x00000, 0x00000, 0x00000, 0x00000, 0x06060, 0x079C0, 0x079C0, 0x06060, 0x01900, 0x0FFF0, 0x076E0, 0x02040, 0x00000, 0x00000, 0x00000, 0x00000
};
static const unsigned int confounded_face_color[EMOJI_ROWS][EMOJI_COLS] = {
    {0xFFFFFF, 0xFFFFFF, 0xFFFFFF, 0xFFFFFF, 0xFFFFFF, 0xFFFEFD, 0xFFFFFE, 0xFFFFFF, 0xFFFFFF, 0xFFFFFF, 0xFFFFFF, 0xFFFFFF, 0xFFFFFF, 0xFFFFFD, 0xFFFEFD, 0xFFFFFF, 0xFFFFFF, 0xFFFFFF, 0xFFFFFF, 0xFFFFFF},
    {0xFFFFFF, 0xFFFFFF, 0xFFFFFF, 0xFFFEFE, 0xFFFEFD, 0xFFFFFF, 0xFFFFFF, 0xFFF7EA, 0xFFEECF, 0xFFE7BF, 0xFFE7C0, 0xFFEFD2, 0xFFF9EF, 0xFFFFFF, 0xFFFFFF, 0xFFFEFC, 0xFFFFFF, 0xFFFFFF, 0xFFFFFF, 0xFFFFFF},
    {0xFFFFFF, 0xFFFFFF, 0xFFFEFE, 0xFFFFFF, 0xFFFFFF, 0xFFE9C2, 0xFFC968, 0xFFB738, 0xFFB831, 0xFFBB31, 0xFFBB31, 0xFFB731, 0xFFB63B, 0xFFCC73, 0xFFECCE, 0xFFFFFF, 0xFFFEFD, 0xFFFFFF, 0xFFFFFF, 0xFFFFFF},
    {0xFFFFFF, 0xFFFFFE, 0xFFFFFD, 0xFFFFFD, 0xFFD182, 0xFFBC32, 0xFFB930, 0xFFB12E, 0xFFB02F, 0xFFB12F, 0xFFB12F, 0xFFAF2E, 0xFFB22E, 0xFFBA30, 0xFFB831, 0xFFD896, 0xFFFFFF, 0xFFFEFD, 0xFFFFFF, 0xFFFFFF},
    {0xFFFFFF, 0xFFFFFD, 0xFFFFFF, 0xFFCD80, 0xFFC132, 0xFFB231, 0xFFB130, 0xFFB02F, 0xFFB02E, 0xFFB02E, 0xFFB02E, 0xFFB02E, 0xFFAF2F, 0xFFB02F, 0xFFB12F, 0xFFC133, 0xFFD99B, 0xFFFFFF, 0xFFFEFD, 0xFFFFFF},
    {0xFFFEFC, 0xFFFFFF, 0xFFE7C0, 0xFFBD32, 0xFFB231, 0xFEB02E, 0xFFB02E, 0xFFB02E, 0xFFB02E, 0xFFB02E, 0xFFB02E, 0xFFB02E, 0xFFB02E, 0xFFB02E, 0xFFAF2F, 0xFFB230, 0xFFB631, 0xFFF0D8, 0xFFFFFF, 0xFFFEFD},
    {0xFFFEFD, 0xFFFFFF, 0xFFC25D, 0xFFB831, 0xFFB130, 0xFDAF2E, 0xFCAE2E, 0xFEAF2E, 0xFFB02E, 0xFFB02E, 0xFFB02E, 0xFFB02E, 0xFEAF2E, 0xFCAE2E, 0xFEAF2E, 0xFFB030, 0xFFBB31, 0xFFCD79, 0xFFFFFF, 0xFFFEFD},
    {0xFFFFFF, 0xFFF6E6, 0xFFB333, 0xFFB02E, 0xFEB02E, 0xFFB72E, 0xFFBA2E, 0xFFB22E, 0xFDAE2E, 0xFFB02E, 0xFFB02E, 0xFDAE2E, 0xFFB32E, 0xFFBA2E, 0xFFB62E, 0xFFAF2F, 0xFFB32E, 0xFFB742, 0xFFFCF7, 0xFFFFFF},
    {0xFFFFFF, 0xFFE8C3, 0xFFBB32, 0xFDB02F, 0xFFB52E, 0x895C30, 0x906230, 0xF4AC2E, 0xFFB92E, 0xFEAF2E, 0xFEB02E, 0xFFB92E, 0xECA62E, 0x815731, 0x9C6A30, 0xFFB82E, 0xFCAE2F, 0xFFB430, 0xFFF2DB, 0xFFFFFF},
    {0xFFFFFF, 0xFFE1AF, 0xFFBD32, 0xFDAF30, 0xFEB32E, 0xC58A2F, 0x583A31, 0x432C32, 0xAD7830, 0xFEB52E, 0xFEB22E, 0x9A6A30, 0x3E2832, 0x644331, 0xD3942F, 0xFEB32E, 0xFDAF2F, 0xFFB932, 0xFFECCC, 0xFFFFFF},
    {0xFFFFFF, 0xFFE1AF, 0xFFBD32, 0xFDB030, 0xFEB32E, 0xC88C2F, 0x593C31, 0x3E2932, 0xA97530, 0xFEB52E, 0xFEB22E, 0x956730, 0x3A2632, 0x664531, 0xD5962F, 0xFEB32E, 0xFDAF2F, 0xFFB932, 0xFFEBCC, 0xFFFFFF},
    {0xFFFFFF, 0xFFE9C3, 0xFFBB32, 0xFDB02F, 0xFFB62E, 0x875B30, 0x8A5D30, 0xFBB12E, 0xFFC22E, 0xFCAD2E, 0xFEAF2E, 0xFFC32D, 0xF0A92E, 0x7A5231, 0x9C6930, 0xFFB82E, 0xFCAE2F, 0xFFB430, 0xFFF1DA, 0xFFFFFF},
    {0xFFFFFF, 0xFFF5E5, 0xFFB332, 0xFFB12E, 0xFBAE2E, 0xFFB52E, 0xFFC82D, 0xCD8D2F, 0xA77230, 0xFFBB2E, 0xFFB42E, 0x9C6A30, 0xE09B2F, 0xFFC72D, 0xFFB32E, 0xFBAD2F, 0xFFB42E, 0xFFB640, 0xFFFCF6, 0xFFFFFF},
    {0xFFFEFD, 0xFFFFFF, 0xFDC05D, 0xFFC130, 0xBB8031, 0x5D3E31, 0xB9822F, 0x402A32, 0x2E1D32, 0xA26F30, 0x8F6130, 0x2A1A32, 0x4E3432, 0xBB842F, 0x533732, 0xD39231, 0xFFC230, 0xFCCA78, 0xFFFFFF, 0xFFFEFD},
    {0xFFFEFC, 0xFFFFFF, 0xFEE6BE, 0xFFBE32, 0xF2AD31, 0x6F4B31, 0x211432, 0xAA7430, 0xD5962F, 0x342132, 0x452D32, 0xE0A02F, 0x916230, 0x1F1233, 0x845B31, 0xF8B230, 0xFFB631, 0xFEF0D7, 0xFFFFFF, 0xFFFEFD},
    {0xFFFFFF, 0xFFFFFD, 0xFFFFFF, 0xFFCC7C, 0xFFC532, 0xF9AE31, 0xCB8B31, 0xFFB42F, 0xFFB92E, 0xD9952F, 0xE39C2E, 0xFFBA2E, 0xFFB02F, 0xC98A31, 0xFFB230, 0xFFC433, 0xFFD798, 0xFFFFFF, 0xFFFEFD, 0xFFFFFF},
    {0xFFFFFF, 0xFFFFFE, 0xFFFEFD, 0xFFFEFC, 0xFFCE7E, 0xFFBE32, 0xFFBF2F, 0xFFB02E, 0xFCAE2F, 0xFFB62F, 0xFFB52F, 0xFCAE2F, 0xFFB12E, 0xFFC130, 0xFFB932, 0xFFD592, 0xFFFFFF, 0xFFFEFC, 0xFFFFFF, 0xFFFFFF},
    {0xFFFFFF, 0xFFFFFF, 0xFFFFFE, 0xFFFFFF, 0xFFFFFF, 0xFEE6BD, 0xFDC664, 0xFFB536, 0xFFB931, 0xFFBA32, 0xFFBA32, 0xFFB931, 0xFFB73B, 0xFDC96F, 0xFFECCB, 0xFFFFFF, 0xFFFEFD, 0xFFFFFF, 0xFFFFFF, 0xFFFFFF},
    {0xFFFFFF, 0xFFFFFF, 0xFFFFFF, 0xFFFEFE, 0xFFFEFD, 0xFFFFFF, 0xFFFFFF, 0xFFF7E8, 0xFFEDCB, 0xFFE6BD, 0xFFE7BE, 0xFFEDCE, 0xFFF8EC, 0xFFFFFF, 0xFFFFFF, 0xFFFFFD, 0xFFFFFF, 0xFFFFFF, 0xFFFFFF, 0xFFFFFF},
    {0xFFFFFF, 0xFFFFFF, 0xFFFFFF, 0xFFFFFF, 0xFFFFFF, 0xFFFEFD, 0xFFFFFE, 0xFFFFFF, 0xFFFFFF, 0xFFFFFF, 0xFFFFFF, 0xFFFFFF, 0xFFFFFF, 0xFFFEFD, 0xFFFEFD, 0xFFFFFF, 0xFFFFFF, 0xFFFFFF, 0xFFFFFF, 0xFFFFFF},
};

/* === U+1F61F  worried face === */
static const unsigned int worried_face_bw[EMOJI_ROWS] = {
    0x00000, 0x00000, 0x00000, 0x00000, 0x06040, 0x0C030, 0x00000, 0x00000, 0x01080, 0x03980, 0x01080, 0x00000, 0x00000, 0x00600, 0x01F80, 0x01980, 0x00000, 0x00000, 0x00000, 0x00000
};
static const unsigned int worried_face_color[EMOJI_ROWS][EMOJI_COLS] = {
    {0xFFFFFF, 0xFFFFFF, 0xFFFFFF, 0xFFFFFF, 0xFFFFFF, 0xFFFEFD, 0xFFFFFE, 0xFFFFFF, 0xFFFFFF, 0xFFFFFF, 0xFFFFFF, 0xFFFFFF, 0xFFFFFF, 0xFFFFFD, 0xFFFEFD, 0xFFFFFF, 0xFFFFFF, 0xFFFFFF, 0xFFFFFF, 0xFFFFFF},
    {0xFFFFFF, 0xFFFFFF, 0xFFFFFF, 0xFFFEFE, 0xFFFEFD, 0xFFFFFF, 0xFFFFFF, 0xFEF7EA, 0xFFEECF, 0xFFE7BF, 0xFFE7C0, 0xFFEFD2, 0xFEF9EF, 0xFFFFFF, 0xFFFFFF, 0xFFFEFC, 0xFFFFFF, 0xFFFFFF, 0xFFFFFF, 0xFFFFFF},
    {0xFFFFFF, 0xFFFFFF, 0xFFFEFE, 0xFFFFFF, 0xFFFFFF, 0xFEE7C2, 0xFFCF68, 0xFFB838, 0xFFB831, 0xFFBB31, 0xFFBB31, 0xFFB731, 0xFFB93B, 0xFFD273, 0xFEEBCE, 0xFFFFFF, 0xFFFEFD, 0xFFFFFF, 0xFFFFFF, 0xFFFFFF},
    {0xFFFFFF, 0xFFFFFE, 0xFFFFFD, 0xFFFEFD, 0xFFD182, 0xFFC532, 0xD69431, 0xF8AA2E, 0xFFB22F, 0xFFB12F, 0xFDB02F, 0xFFB22E, 0xF0A42E, 0xDE9A31, 0xFFC331, 0xFFD696, 0xFFFFFF, 0xFFFEFD, 0xFFFFFF, 0xFFFFFF},
    {0xFFFFFF, 0xFFFFFD, 0xFFFFFF, 0xFFCD80, 0xFFC332, 0xC88C34, 0x865D35, 0xFAB332, 0xFDB02F, 0xFFB02E, 0xFEB02E, 0xFEB22F, 0xF1AB32, 0x7F5835, 0xD69732, 0xFFC233, 0xFFD89B, 0xFFFFFF, 0xFFFEFD, 0xFFFFFF},
    {0xFFFEFC, 0xFFFFFF, 0xFFE8C0, 0xFFBA33, 0x976B34, 0x946125, 0xF0A31F, 0xFFAE20, 0xFEAF2D, 0xFFB02F, 0xFFB12F, 0xFEAE2B, 0xFFB01F, 0xE59B20, 0x8C5B28, 0xA57534, 0xFFB731, 0xFEF0D8, 0xFFFFFF, 0xFFFEFD},
    {0xFFFEFD, 0xFFFFFF, 0xFFC35F, 0xFFB831, 0xFAAB29, 0xFFD06D, 0xFFDEA2, 0xFDCF85, 0xFEB030, 0xFFAF2C, 0xFFAE29, 0xFEB33A, 0xFDD28F, 0xFFDFA1, 0xFFCA60, 0xFAA927, 0xFFBC32, 0xFFCD79, 0xFFFFFF, 0xFFFEFD},
    {0xFFFFFF, 0xFFF6E6, 0xFFB435, 0xFFAC22, 0xFFD58E, 0xFDFFFF, 0xFFFFFF, 0xFFFFFF, 0xFFF2CF, 0xFFAE29, 0xFFB438, 0xFFFBE5, 0xFFFFFF, 0xFFFFFF, 0xFDFEFF, 0xFFCA74, 0xFFAF23, 0xFFB744, 0xFFFCF7, 0xFFFFFF},
    {0xFFFFFF, 0xFFE8C3, 0xFFBA2F, 0xFFB438, 0xFDF7ED, 0xFFFEFD, 0xCDC5C4, 0x624E52, 0xBEBDCA, 0xFFC75F, 0xFFD27E, 0xACA9B8, 0x665255, 0xDDD7D5, 0xFFFFFF, 0xFDEED6, 0xFFAE2A, 0xFFB431, 0xFFF2DC, 0xFFFFFF},
    {0xFFFFFF, 0xFFE1B0, 0xFFBC2E, 0xFFB63E, 0xFCF7F0, 0xFFFEFC, 0x8A7B7E, 0x0D0000, 0x746A7A, 0xFFCF6B, 0xFED182, 0x5B4F62, 0x110000, 0xA5999A, 0xFFFEFC, 0xFCEFDB, 0xFFB02E, 0xFFB932, 0xFFECCD, 0xFFFFFF},
    {0xFFFFFF, 0xFFE1AF, 0xFFBE34, 0xFFAC25, 0xFEDEA9, 0xFFFFFF, 0xE9E9EE, 0x9993A0, 0xE0D2C2, 0xFFB534, 0xFFBE49, 0xD3CBC7, 0x9D96A2, 0xF3F4FA, 0xFFFFFF, 0xFED38D, 0xFFAC23, 0xFFBA34, 0xFFEBCC, 0xFFFFFF},
    {0xFFFFFF, 0xFFE9C3, 0xFFBB32, 0xFFB02D, 0xFFB02F, 0xFFD794, 0xFFF0CE, 0xFFF1BF, 0xFFBE4C, 0xFCAB28, 0xFCAB26, 0xFFC65C, 0xFFF5C8, 0xFFEDCB, 0xFFD185, 0xFFAE29, 0xFFAF2F, 0xFFB431, 0xFFF1DA, 0xFFFFFF},
    {0xFFFFFF, 0xFFF5E5, 0xFFB332, 0xFFB02E, 0xFEAF2D, 0xFFAB21, 0xFEAC25, 0xFAA61E, 0xFFB127, 0xFFBB2F, 0xFFBB2F, 0xFFAF24, 0xFAA61F, 0xFEAC25, 0xFFAB21, 0xFFAF2F, 0xFFB32F, 0xFFB640, 0xFFFCF6, 0xFFFFFF},
    {0xFFFEFD, 0xFFFFFF, 0xFFC05D, 0xFFB830, 0xFFB130, 0xFFB131, 0xFFB130, 0xFFB930, 0xDE9A30, 0xAA7430, 0xAE772F, 0xE8A130, 0xFFB930, 0xFEB030, 0xFFB131, 0xFFB031, 0xFFBB30, 0xFFCC78, 0xFFFFFF, 0xFFFEFD},
    {0xFFFEFC, 0xFFFFFF, 0xFFE6BE, 0xFFBD32, 0xFFB131, 0xFDAF2E, 0xFDB42E, 0x9C6B30, 0x392532, 0x5A3D31, 0x563A31, 0x3B2732, 0xB17A30, 0xFFB52E, 0xFCAE2F, 0xFFB230, 0xFFB731, 0xFFF0D7, 0xFFFFFF, 0xFFFEFD},
    {0xFFFFFF, 0xFFFFFD, 0xFFFFFF, 0xFFCD7C, 0xFFC032, 0xFFB331, 0xF5AB30, 0x5C3E32, 0xC2852F, 0xFFB92E, 0xFFB92E, 0xAA7530, 0x694732, 0xFFB32F, 0xFFB030, 0xFFC133, 0xFFD898, 0xFFFFFF, 0xFFFEFD, 0xFFFFFF},
    {0xFFFFFF, 0xFFFFFE, 0xFFFEFD, 0xFFFDFC, 0xFFD07E, 0xFFBD32, 0xFFB82F, 0xFFB12E, 0xFFB62F, 0xFDB02F, 0xFFB12F, 0xFFB62F, 0xFFB12E, 0xFFBA30, 0xFFBA32, 0xFFD692, 0xFFFFFF, 0xFFFEFC, 0xFFFFFF, 0xFFFFFF},
    {0xFFFFFF, 0xFFFFFF, 0xFFFFFE, 0xFFFFFF, 0xFFFFFF, 0xFFE6BD, 0xFFC663, 0xFFB536, 0xFFB831, 0xFFBB32, 0xFFBB32, 0xFFB731, 0xFFB83B, 0xFFCC6F, 0xFFECCB, 0xFFFFFF, 0xFFFEFD, 0xFFFFFF, 0xFFFFFF, 0xFFFFFF},
    {0xFFFFFF, 0xFFFFFF, 0xFFFFFF, 0xFFFEFE, 0xFFFEFD, 0xFFFFFF, 0xFFFFFF, 0xFFF7E8, 0xFFEDCB, 0xFFE6BD, 0xFFE7BE, 0xFEEDCE, 0xFEF8EC, 0xFFFFFF, 0xFFFFFF, 0xFFFFFD, 0xFFFFFF, 0xFFFFFF, 0xFFFFFF, 0xFFFFFF},
    {0xFFFFFF, 0xFFFFFF, 0xFFFFFF, 0xFFFFFF, 0xFFFFFF, 0xFFFEFD, 0xFFFFFE, 0xFFFFFF, 0xFFFFFF, 0xFFFFFF, 0xFFFFFF, 0xFFFFFF, 0xFFFFFF, 0xFFFEFD, 0xFFFEFD, 0xFFFFFF, 0xFFFFFF, 0xFFFFFF, 0xFFFFFF, 0xFFFFFF},
};

/* === U+1F621  pouting face === */
static const unsigned int pouting_face_bw[EMOJI_ROWS] = {
    0x00000, 0x00000, 0x03FC0, 0x07FE0, 0x0FFF0, 0x1FFF8, 0x3FFFC, 0x3FFFC, 0x38F1C, 0x3060C, 0x33D8C, 0x3168C, 0x38F1C, 0x3FFFC, 0x1FFF8, 0x1FFF0, 0x07FE0, 0x03FC0, 0x00000, 0x00000
};
static const unsigned int pouting_face_color[EMOJI_ROWS][EMOJI_COLS] = {
    {0xFFFFFF, 0xFFFFFF, 0xFFFFFF, 0xFFFFFF, 0xFFFFFF, 0xFFFDFD, 0xFFFEFE, 0xFFFFFF, 0xFFFFFF, 0xFFFFFF, 0xFFFFFF, 0xFFFFFF, 0xFFFFFF, 0xFFFDFD, 0xFFFDFD, 0xFFFFFF, 0xFFFFFF, 0xFFFFFF, 0xFFFFFF, 0xFFFFFF},
    {0xFFFFFF, 0xFFFFFF, 0xFFFFFF, 0xFFFEFE, 0xFFFDFD, 0xFFFFFF, 0xFFFFFF, 0xFEEAEA, 0xFED0CF, 0xFDC0C0, 0xFDC1C0, 0xFED3D3, 0xFFEFEF, 0xFFFFFF, 0xFFFFFF, 0xFEFCFC, 0xFFFFFF, 0xFFFFFF, 0xFFFFFF, 0xFFFFFF},
    {0xFFFFFF, 0xFFFFFF, 0xFFFEFE, 0xFFFFFF, 0xFFFFFF, 0xFEC3C2, 0xFD6A68, 0xFA3C39, 0xFF3432, 0xFF3432, 0xFF3432, 0xFF3432, 0xF93E3C, 0xFD7573, 0xFDCFCE, 0xFFFFFF, 0xFFFDFD, 0xFFFFFF, 0xFFFFFF, 0xFFFFFF},
    {0xFFFFFF, 0xFFFEFE, 0xFFFDFD, 0xFFFDFD, 0xFC8482, 0xFF3533, 0xFF3331, 0xFA312F, 0xF73230, 0xF73230, 0xF73230, 0xF6312F, 0xFB312F, 0xFF3331, 0xFF3432, 0xFC9897, 0xFFFFFF, 0xFFFDFD, 0xFFFFFF, 0xFFFFFF},
    {0xFFFFFF, 0xFFFDFD, 0xFFFFFF, 0xFB8281, 0xFF3633, 0xF83432, 0xF73331, 0xF73230, 0xF8312F, 0xF8312F, 0xF8312F, 0xF8312F, 0xF63230, 0xF63230, 0xF83230, 0xFF3634, 0xFB9D9C, 0xFFFFFF, 0xFFFDFD, 0xFFFFFF},
    {0xFFFCFC, 0xFFFFFF, 0xFDC1C1, 0xFF3533, 0xF73432, 0xF73331, 0xFC3431, 0xF9312F, 0xF6312F, 0xF8312F, 0xF8312F, 0xF6312F, 0xFA312F, 0xFB3432, 0xF73331, 0xF93331, 0xFC3432, 0xFDD9D9, 0xFFFFFF, 0xFFFDFD},
    {0xFFFDFD, 0xFFFFFF, 0xF9615F, 0xFF3331, 0xF83533, 0xF42927, 0x7B2125, 0xEF3432, 0xFF3431, 0xF8312F, 0xF9312F, 0xFF3532, 0xDA3231, 0x822024, 0xFD2B29, 0xF63533, 0xFF3431, 0xFA7B7B, 0xFFFFFF, 0xFFFDFD},
    {0xFFFFFF, 0xFEE6E6, 0xFA3533, 0xF93230, 0xF52624, 0xFF5A58, 0x8F686C, 0x64191F, 0xC92323, 0xF23130, 0xED302F, 0xC02021, 0x571F25, 0xA87073, 0xFF4E4C, 0xF42826, 0xFD3331, 0xF84442, 0xFFF7F7, 0xFFFFFF},
    {0xFFFFFF, 0xFDC4C3, 0xFF3735, 0xF72826, 0xFA7776, 0xFEFDFD, 0xFFFFFF, 0xB6B5B8, 0x6C6268, 0xDD2E2E, 0xC93333, 0x6C6B71, 0xC7C4C7, 0xFFFFFF, 0xFEF3F3, 0xF9605E, 0xF72927, 0xFC3533, 0xFEDCDB, 0xFFFFFF},
    {0xFFFFFF, 0xFCB1B0, 0xFF3431, 0xF73735, 0xFDE7E7, 0xFFFFFF, 0xE9E3E4, 0xA6999C, 0xEAEAEB, 0xFD5654, 0xFF7674, 0xDEE1E3, 0xA89A9E, 0xF1ECED, 0xFFFFFF, 0xFCCFCE, 0xF72B29, 0xFF3634, 0xFDCDCD, 0xFFFFFF},
    {0xFFFFFF, 0xFDB2B1, 0xFF312E, 0xF84543, 0xFCF2F2, 0xFFFCFC, 0x897A7F, 0x0A0000, 0x73747A, 0xFF7270, 0xFB8887, 0x595960, 0x0E0000, 0xA5979B, 0xFFFBFB, 0xFBDEDE, 0xF73331, 0xFF3432, 0xFDCDCC, 0xFFFFFF},
    {0xFFFFFF, 0xFDC4C3, 0xFF3734, 0xF72B29, 0xFBBEBE, 0xFFFFFF, 0xCECACC, 0x635C63, 0xBDAEB0, 0xFA413F, 0xFA5756, 0xABA9AC, 0x675D64, 0xDDDCDE, 0xFFFFFF, 0xFAA2A1, 0xF72523, 0xFC3634, 0xFDDBDA, 0xFFFFFF},
    {0xFFFFFF, 0xFEE5E5, 0xF93634, 0xF92C2A, 0xF83E3C, 0xFCB6B5, 0xFFECEC, 0xFFD7D7, 0xFF6664, 0xFF2A27, 0xFF2A27, 0xFF7977, 0xFFE0DF, 0xFFEAEA, 0xFCA7A6, 0xF73533, 0xFD302D, 0xF84441, 0xFFF6F6, 0xFFFFFF},
    {0xFFFDFD, 0xFFFFFF, 0xF95F5D, 0xFF3533, 0xF72F2D, 0xF72725, 0xF73533, 0xFF2B28, 0xD72525, 0xA62F32, 0xAA2F31, 0xE02423, 0xFF2E2B, 0xF63432, 0xF82523, 0xF7312F, 0xFF3432, 0xFA7A78, 0xFFFFFF, 0xFFFDFD},
    {0xFFFCFC, 0xFFFFFF, 0xFCBFBE, 0xFF3533, 0xF73533, 0xF63331, 0xFB2F2D, 0x992E31, 0x392C34, 0x5A2B31, 0x552B31, 0x3C2C34, 0xAE2E30, 0xFD302E, 0xF53533, 0xF93432, 0xFD3432, 0xFDD8D7, 0xFFFFFF, 0xFFFDFD},
    {0xFFFFFF, 0xFFFEFD, 0xFFFFFF, 0xFA7E7C, 0xFF3533, 0xFA3432, 0xEE3331, 0x5B2C33, 0xBD2F30, 0xFF312F, 0xFF312F, 0xA62E30, 0x672D33, 0xFA3331, 0xF83331, 0xFF3634, 0xFB9998, 0xFFFFFF, 0xFFFDFD, 0xFFFFFF},
    {0xFFFFFF, 0xFFFEFE, 0xFFFDFD, 0xFFFCFB, 0xFC807F, 0xFF3533, 0xFF3331, 0xFA312F, 0xFF3330, 0xF63230, 0xF73230, 0xFF3330, 0xFA312F, 0xFF3331, 0xFF3533, 0xFC9493, 0xFFFFFF, 0xFFFDFD, 0xFFFFFF, 0xFFFFFF},
    {0xFFFFFF, 0xFFFFFF, 0xFFFEFE, 0xFFFFFF, 0xFFFFFF, 0xFDBEBD, 0xFC6564, 0xFA3937, 0xFF3432, 0xFF3533, 0xFF3533, 0xFF3432, 0xFB3E3C, 0xFD716F, 0xFECCCB, 0xFFFFFF, 0xFFFDFD, 0xFFFFFF, 0xFFFFFF, 0xFFFFFF},
    {0xFFFFFF, 0xFFFFFF, 0xFFFFFF, 0xFFFEFE, 0xFFFDFD, 0xFFFFFF, 0xFFFFFF, 0xFFE8E8, 0xFECCCC, 0xFDBEBD, 0xFEBFBF, 0xFECECE, 0xFEECEC, 0xFFFFFF, 0xFFFFFF, 0xFFFDFD, 0xFFFFFF, 0xFFFFFF, 0xFFFFFF, 0xFFFFFF},
    {0xFFFFFF, 0xFFFFFF, 0xFFFFFF, 0xFFFFFF, 0xFFFFFF, 0xFFFDFD, 0xFFFEFE, 0xFFFFFF, 0xFFFFFF, 0xFFFFFF, 0xFFFFFF, 0xFFFFFF, 0xFFFFFF, 0xFFFDFD, 0xFFFDFD, 0xFFFFFF, 0xFFFFFF, 0xFFFFFF, 0xFFFFFF, 0xFFFFFF},
};

/* === U+1F624  face with look of triumph === */
static const unsigned int face_with_look_of_triumph_bw[EMOJI_ROWS] = {
    0x00000, 0x00000, 0x00000, 0x030C0, 0x01980, 0x00000, 0x01900, 0x0F9F0, 0x070E0, 0x00000, 0x00000, 0x00E00, 0x00F00, 0x00000, 0x00000, 0x00000, 0x00000, 0x00000, 0x00000, 0x00000
};
static const unsigned int face_with_look_of_triumph_color[EMOJI_ROWS][EMOJI_COLS] = {
    {0xFFFFFF, 0xFFFFFF, 0xFFFFFF, 0xFFFFFF, 0xFFFFFF, 0xFFFEFD, 0xFFFFFE, 0xFFFFFF, 0xFFFFFF, 0xFFFFFF, 0xFFFFFF, 0xFFFFFF, 0xFFFFFF, 0xFFFFFD, 0xFFFEFD, 0xFFFFFF, 0xFFFFFF, 0xFFFFFF, 0xFFFFFF, 0xFFFFFF},
    {0xFFFFFF, 0xFFFFFF, 0xFFFFFF, 0xFFFEFE, 0xFFFEFD, 0xFFFFFF, 0xFFFFFF, 0xFCF6EA, 0xFEEDCF, 0xFFE7BF, 0xFFE8C0, 0xFEEED2, 0xFCF8EF, 0xFFFFFF, 0xFFFFFF, 0xFFFEFC, 0xFFFFFF, 0xFFFFFF, 0xFFFFFF, 0xFFFFFF},
    {0xFFFFFF, 0xFFFFFF, 0xFFFEFE, 0xFFFFFF, 0xFFFFFF, 0xFFEBC2, 0xFFD267, 0xFFC038, 0xFFBA31, 0xFFBB31, 0xFFBA31, 0xFFBA31, 0xFFC13B, 0xFFD571, 0xFFEECE, 0xFFFFFF, 0xFFFEFD, 0xFFFFFF, 0xFFFFFF, 0xFFFFFF},
    {0xFFFFFF, 0xFFFFFE, 0xFFFFFD, 0xFEFEFD, 0xFFD482, 0xF8B132, 0xA87432, 0xA8722F, 0xF4AB2F, 0xFDB22F, 0xFFB42F, 0xEBA32F, 0xA16D30, 0xB17B32, 0xFBB431, 0xFFD996, 0xFFFFFF, 0xFFFEFD, 0xFFFFFF, 0xFFFFFF},
    {0xFFFFFF, 0xFFFFFD, 0xFFFFFF, 0xFFCD80, 0xFFC332, 0xF1A831, 0xD99A30, 0xB57D30, 0x966630, 0xFFB72E, 0xFCB12E, 0x8B5E30, 0xC48730, 0xD99830, 0xF6AB2F, 0xFFC233, 0xFFD89B, 0xFFFFFF, 0xFFFEFD, 0xFFFFFF},
    {0xFFFEFC, 0xFFFFFF, 0xFFE7C0, 0xFFBD32, 0xFFB231, 0xFFB22E, 0xFFB42E, 0xFFBC2E, 0xF6AA2E, 0xFFB02E, 0xFDAE2E, 0xFAAC2E, 0xFFBC2E, 0xFFB42E, 0xFFB12F, 0xFFB230, 0xFFB631, 0xFFF0D8, 0xFFFFFF, 0xFFFEFD},
    {0xFFFEFD, 0xFFFFFF, 0xFFC25D, 0xFFB931, 0xFBAF30, 0xFDAF2E, 0xFFBE2E, 0xC8892F, 0xB1792F, 0xFFB52E, 0xFFB22E, 0xA57130, 0xD8952F, 0xFFBD2E, 0xFBAD2E, 0xFCAE30, 0xFFBC31, 0xFECC79, 0xFFFFFF, 0xFFFEFD},
    {0xFFFFFF, 0xFFF6E6, 0xFDB133, 0xFFB82D, 0xBE832F, 0x4A3131, 0x694931, 0x352232, 0x9B6A30, 0xFFB72E, 0xFFB42E, 0x825931, 0x3A2632, 0x694A31, 0x4C3231, 0xD49230, 0xFFB92E, 0xFCB642, 0xFFFCF7, 0xFFFFFF},
    {0xFFFFFF, 0xFFE8C3, 0xFFBA32, 0xFFB22F, 0xF4AA2E, 0xB1792F, 0x966631, 0xD29131, 0xFFB62C, 0xFEAF2E, 0xFEB02E, 0xFFB52C, 0xC68932, 0x956531, 0xBA802F, 0xF9AD2E, 0xFFB02F, 0xFFB330, 0xFFF2DB, 0xFFFFFF},
    {0xFFFFFF, 0xFFE1B0, 0xFEBD34, 0xFDAF30, 0xFFB331, 0xFFBB31, 0xFFBB2B, 0xFFB223, 0xFDB136, 0xFFB02E, 0xFEB030, 0xFEB134, 0xFFB321, 0xFFBC2D, 0xFFBA31, 0xFFB230, 0xFDB02F, 0xFEB934, 0xFFECCD, 0xFFFFFF},
    {0xFFFFFF, 0xFFE0AD, 0xFFBC2A, 0xFFB12E, 0xFEAB22, 0xFCA820, 0xFCAF31, 0xFCDAA1, 0xFEE7C0, 0xFFB127, 0xFFB635, 0xFDECCF, 0xFCD38E, 0xFCAC2A, 0xFCA920, 0xFFAC23, 0xFFB12D, 0xFFB72A, 0xFFEBCB, 0xFFFFFF},
    {0xFFFFFF, 0xFEE9C5, 0xF4D697, 0xEFE2CB, 0xFFD288, 0xFEC870, 0xFFF4E1, 0xFBFFFF, 0x9B8F90, 0x513227, 0x54342A, 0xADA6AA, 0xFEFFFF, 0xFFEFD5, 0xFFC567, 0xFED796, 0xEEE0C8, 0xF0CA85, 0xFFF0D9, 0xFFFFFF},
    {0xFFFFFF, 0xF0F0F0, 0xE2E5EC, 0xDBDFE6, 0xF1F6FD, 0xFFFFFF, 0xF5F7FB, 0xE1E1E2, 0x977049, 0xAE772C, 0xA87127, 0x9F7F5E, 0xE8EAEC, 0xF7FAFE, 0xFFFFFF, 0xEEF2F9, 0xD9DDE3, 0xDADDE3, 0xF6F6F6, 0xFFFFFF},
    {0xFFFFFF, 0xF1F1F1, 0xDAD9D8, 0xCCCBCA, 0xC8C7C5, 0xE0DEDB, 0xF0F4FA, 0xEAD2AA, 0xFFB425, 0xFFBC30, 0xFFBB2E, 0xFFB42C, 0xE8D9C0, 0xF2F4F8, 0xDBD9D6, 0xC7C6C5, 0xCCCBC9, 0xD3D2D1, 0xF7F7F8, 0xFFFFFF},
    {0xFFFFFF, 0xEEEEEE, 0xD3D3D3, 0xC9C9C9, 0xC9C9C9, 0xC5C4C2, 0xE7ECF5, 0xF4D49E, 0xFDAA21, 0xFCAF31, 0xFCAF30, 0xFDAC25, 0xF3DDB8, 0xE3E7EE, 0xC4C3C1, 0xCACAC9, 0xC8C8C8, 0xCFCFCF, 0xF5F4F4, 0xFFFFFF},
    {0xFFFFFF, 0xECECEC, 0xDBDBDB, 0xC9C9C9, 0xCACACA, 0xC8C8C7, 0xDBDCDC, 0xE1E0DD, 0xFCB645, 0xFFAF2B, 0xFFAE26, 0xF8BB58, 0xE0E3E8, 0xD8D7D6, 0xC8C7C7, 0xCACACA, 0xC8C8C8, 0xD6D6D6, 0xF3F3F3, 0xFFFFFF},
    {0xFFFFFF, 0xFBFBFB, 0xD0D0D0, 0xDCDCDC, 0xD4D4D4, 0xD7D7D6, 0xDEE1E5, 0xDBD8D4, 0xFCB641, 0xFDB02D, 0xFFAF2A, 0xF9BA51, 0xD9DBE0, 0xDFE0E2, 0xD6D6D6, 0xD3D3D3, 0xDEDEDE, 0xD5D5D5, 0xFDFDFD, 0xFEFEFE},
    {0xFFFFFF, 0xFFFFFF, 0xF9F9F9, 0xE4E4E4, 0xDCDCDB, 0xE3E2E2, 0xDFDBD4, 0xF2BF67, 0xFFB82A, 0xFFBC33, 0xFFBC33, 0xFFB72B, 0xEFC277, 0xE0DDDA, 0xE2E2E1, 0xDDDDDC, 0xE6E6E6, 0xFCFCFC, 0xFFFFFF, 0xFFFFFF},
    {0xFFFFFF, 0xFFFFFF, 0xFFFFFF, 0xFFFFFF, 0xFFFFFF, 0xFFFFFF, 0xFFFFFF, 0xFFF5E0, 0xFFEDCC, 0xFFE6BD, 0xFFE7BE, 0xFFEDCE, 0xFFF7E5, 0xFFFFFF, 0xFFFFFF, 0xFFFFFF, 0xFFFFFF, 0xFFFFFF, 0xFFFFFF, 0xFFFFFF},
    {0xFFFFFF, 0xFFFFFF, 0xFEFEFE, 0xFEFEFE, 0xFEFEFE, 0xFEFEFE, 0xFEFFFF, 0xFFFFFF, 0xFFFFFF, 0xFFFFFF, 0xFFFFFF, 0xFFFFFF, 0xFFFFFF, 0xFEFFFF, 0xFEFEFE, 0xFEFEFE, 0xFEFEFE, 0xFFFFFF, 0xFFFFFF, 0xFFFFFF},
};

/* === U+1F62C  grimacing face === */
static const unsigned int grimacing_face_bw[EMOJI_ROWS] = {
    0x00000, 0x00000, 0x00000, 0x00000, 0x00000, 0x00000, 0x01080, 0x03980, 0x01080, 0x00000, 0x00000, 0x00000, 0x00000, 0x07FE0, 0x00000, 0x00000, 0x00000, 0x00000, 0x00000, 0x00000
};
static const unsigned int grimacing_face_color[EMOJI_ROWS][EMOJI_COLS] = {
    {0xFFFFFF, 0xFFFFFF, 0xFFFFFF, 0xFFFFFF, 0xFFFFFF, 0xFFFEFD, 0xFFFFFE, 0xFFFFFF, 0xFFFFFF, 0xFFFFFF, 0xFFFFFF, 0xFFFFFF, 0xFFFFFF, 0xFFFFFD, 0xFFFEFD, 0xFFFFFF, 0xFFFFFF, 0xFFFFFF, 0xFFFFFF, 0xFFFFFF},
    {0xFFFFFF, 0xFFFFFF, 0xFFFFFF, 0xFFFEFE, 0xFFFEFD, 0xFFFFFF, 0xFFFFFF, 0xFFF7EA, 0xFFEECF, 0xFFE7BF, 0xFFE7C0, 0xFFEFD2, 0xFFF9EF, 0xFFFFFF, 0xFFFFFF, 0xFFFEFC, 0xFFFFFF, 0xFFFFFF, 0xFFFFFF, 0xFFFFFF},
    {0xFFFFFF, 0xFFFFFF, 0xFFFEFE, 0xFFFFFF, 0xFFFFFF, 0xFFE9C3, 0xFFC96B, 0xFFB83B, 0xFFB831, 0xFFBB31, 0xFFBB31, 0xFFB731, 0xFFB73E, 0xFFCE76, 0xFFEDCF, 0xFFFFFF, 0xFFFEFD, 0xFFFFFF, 0xFFFFFF, 0xFFFFFF},
    {0xFFFFFF, 0xFFFFFE, 0xFFFFFD, 0xFFFEFD, 0xFFD284, 0xFFB92B, 0xFFB322, 0xFFAD24, 0xFFB131, 0xFFB130, 0xFFB130, 0xFFAF2F, 0xFFAD23, 0xFFB522, 0xFFB72D, 0xFFD899, 0xFFFFFF, 0xFFFEFD, 0xFFFFFF, 0xFFFFFF},
    {0xFFFFFF, 0xFFFFFD, 0xFFFFFF, 0xFFCF81, 0xFFBD28, 0xFFBC4F, 0xFDCD7C, 0xFBBF5D, 0xFEAC25, 0xFFB02E, 0xFFAF2C, 0xFDAD29, 0xFBC266, 0xFDCC7A, 0xFFB943, 0xFFBD2A, 0xFFD99D, 0xFFFFFF, 0xFFFEFD, 0xFFFFFF},
    {0xFFFEFC, 0xFFFFFF, 0xFFE8C3, 0xFFB928, 0xFFCA74, 0xFFFCF7, 0xFFFFFF, 0xFFFFFF, 0xFFE3AB, 0xFFAC25, 0xFFAF2E, 0xFFEEC5, 0xFFFFFF, 0xFFFFFF, 0xFFF8EE, 0xFFC35D, 0xFFB328, 0xFFF1DB, 0xFFFFFF, 0xFFFEFD},
    {0xFFFEFD, 0xFFFFFF, 0xFFC25D, 0xFFB933, 0xFDF4E7, 0xFFFFFF, 0xEBE7E5, 0x9F9396, 0xE3E5EE, 0xFFC052, 0xFFCD72, 0xD7D8E5, 0xA29698, 0xF4F1EE, 0xFFFFFF, 0xFDEBCF, 0xFFB828, 0xFFCD7B, 0xFFFFFF, 0xFFFEFD},
    {0xFFFFFF, 0xFFF6E7, 0xFFB12E, 0xFFB73F, 0xFBF8F2, 0xFFFEFC, 0x897B7F, 0x0E0000, 0x776D7C, 0xFFD170, 0xFED387, 0x5C5062, 0x120000, 0xA69A9C, 0xFFFEFB, 0xFAF0DF, 0xFFB32F, 0xFFB740, 0xFFFCF8, 0xFFFFFF},
    {0xFFFFFF, 0xFFE8C3, 0xFFBB33, 0xFFAE28, 0xFDE6C2, 0xFFFFFF, 0xC9C3C6, 0x5C4E5B, 0xBCB1B0, 0xFFBC40, 0xFFC457, 0xA8A1AA, 0x61515C, 0xDAD6D9, 0xFFFFFF, 0xFDDCA5, 0xFFAB22, 0xFFB533, 0xFFF2DB, 0xFFFFFF},
    {0xFFFFFF, 0xFFE1AF, 0xFFBD33, 0xFFAE2B, 0xFFB63E, 0xFFE5BC, 0xFFFFF2, 0xFFF6DD, 0xFFCC6B, 0xFFAD28, 0xFFAE29, 0xFFD47F, 0xFFFAE5, 0xFFFEF1, 0xFFE0AD, 0xFFB233, 0xFFAF2D, 0xFFB932, 0xFFECCC, 0xFFFFFF},
    {0xFFFFFF, 0xFFE1AF, 0xFFBD32, 0xFFB131, 0xFFAE29, 0xFFAC26, 0xFDAF2F, 0xFEAA21, 0xFDA719, 0xFFAD26, 0xFFAC25, 0xFDA617, 0xFEAB24, 0xFEAF2F, 0xFFAB24, 0xFFAF2B, 0xFFB030, 0xFFB932, 0xFFEBCC, 0xFFFFFF},
    {0xFFFFFF, 0xFFE9C3, 0xFFBB32, 0xFFB12F, 0xFFB030, 0xFFB52D, 0xFFBB4B, 0xFFC15C, 0xFFC25D, 0xFFC15B, 0xFFC15C, 0xFFC25E, 0xFFC05B, 0xFFBA45, 0xFFB52C, 0xFFB02F, 0xFFB02E, 0xFFB430, 0xFFF1DA, 0xFFFFFF},
    {0xFFFFFF, 0xFFF5E5, 0xFFB332, 0xFFB130, 0xFFAE25, 0xF09E68, 0xFEFFFE, 0xFFFFFF, 0xFFFFFF, 0xFFFFFF, 0xFFFFFF, 0xFFFFFF, 0xFFFFFF, 0xFCF4F8, 0xF19953, 0xFFB128, 0xFFB330, 0xFFB640, 0xFFFCF6, 0xFFFFFF},
    {0xFFFEFD, 0xFFFFFF, 0xFFC05D, 0xFFB831, 0xFFB32D, 0xC83E79, 0xD372B6, 0xDA81B4, 0xD97FB4, 0xD97FB4, 0xD97FB4, 0xD97EB4, 0xDA82B4, 0xCF65B5, 0xCF496B, 0xFFB92B, 0xFFBA32, 0xFFCC78, 0xFFFFFF, 0xFFFEFD},
    {0xFFFEFC, 0xFFFFFF, 0xFFE6BE, 0xFFBD34, 0xFFB027, 0xE78C71, 0xF8EFFF, 0xFBF6FF, 0xFBF6FF, 0xFBF6FF, 0xFBF6FF, 0xFBF5FF, 0xFBF7FF, 0xF5E4FA, 0xE9895C, 0xFFB529, 0xFFB633, 0xFFF0D7, 0xFFFFFF, 0xFFFEFD},
    {0xFFFFFF, 0xFFFFFD, 0xFFFFFF, 0xFFCD7C, 0xFFC031, 0xFFB733, 0xFFCC70, 0xFFD180, 0xFFD17E, 0xFFD17F, 0xFFD17F, 0xFFD17E, 0xFFD180, 0xFFCA69, 0xFFB62E, 0xFFC032, 0xFFD898, 0xFFFFFF, 0xFFFEFD, 0xFFFFFF},
    {0xFFFFFF, 0xFFFFFE, 0xFFFEFD, 0xFFFDFB, 0xFFD07E, 0xFFBB31, 0xFFB323, 0xFFAB20, 0xFFAA21, 0xFFAB22, 0xFFAB22, 0xFFAB21, 0xFFAB20, 0xFFB525, 0xFFB832, 0xFFD692, 0xFFFFFF, 0xFFFEFC, 0xFFFFFF, 0xFFFFFF},
    {0xFFFFFF, 0xFFFFFF, 0xFFFFFE, 0xFFFFFF, 0xFFFFFF, 0xFFE6BD, 0xFFC865, 0xFFB639, 0xFFBA34, 0xFFBD35, 0xFFBD35, 0xFFB934, 0xFFB83E, 0xFFCC71, 0xFFECCB, 0xFFFFFF, 0xFFFEFD, 0xFFFFFF, 0xFFFFFF, 0xFFFFFF},
    {0xFFFFFF, 0xFFFFFF, 0xFFFFFF, 0xFFFEFE, 0xFFFEFD, 0xFFFFFF, 0xFFFFFF, 0xFFF7E8, 0xFFEDCB, 0xFFE6BD, 0xFFE7BE, 0xFFEDCE, 0xFFF8EC, 0xFFFFFF, 0xFFFFFF, 0xFFFFFD, 0xFFFFFF, 0xFFFFFF, 0xFFFFFF, 0xFFFFFF},
    {0xFFFFFF, 0xFFFFFF, 0xFFFFFF, 0xFFFFFF, 0xFFFFFF, 0xFFFEFD, 0xFFFFFE, 0xFFFFFF, 0xFFFFFF, 0xFFFFFF, 0xFFFFFF, 0xFFFFFF, 0xFFFFFF, 0xFFFEFD, 0xFFFEFD, 0xFFFFFF, 0xFFFFFF, 0xFFFFFF, 0xFFFFFF, 0xFFFFFF},
};

/* === U+1F633  flushed face === */
static const unsigned int flushed_face_bw[EMOJI_ROWS] = {
    0x00000, 0x00000, 0x00000, 0x00000, 0x06060, 0x0C030, 0x00000, 0x00000, 0x03980, 0x01180, 0x00000, 0x00000, 0x0E070, 0x0EF70, 0x00F00, 0x00000, 0x00000, 0x00000, 0x00000, 0x00000
};
static const unsigned int flushed_face_color[EMOJI_ROWS][EMOJI_COLS] = {
    {0xFFFFFF, 0xFFFFFF, 0xFFFFFF, 0xFFFFFF, 0xFFFFFF, 0xFFFEFD, 0xFFFFFE, 0xFFFFFF, 0xFFFFFF, 0xFFFFFF, 0xFFFFFF, 0xFFFFFF, 0xFFFFFF, 0xFFFFFD, 0xFFFEFD, 0xFFFFFF, 0xFFFFFF, 0xFFFFFF, 0xFFFFFF, 0xFFFFFF},
    {0xFFFFFF, 0xFFFFFF, 0xFFFFFF, 0xFFFEFE, 0xFFFEFD, 0xFFFFFF, 0xFFFFFF, 0xFFF7EA, 0xFFEECF, 0xFFE7BF, 0xFFE7C0, 0xFFEFD2, 0xFFF9EF, 0xFFFFFF, 0xFFFFFF, 0xFFFEFC, 0xFFFFFF, 0xFFFFFF, 0xFFFFFF, 0xFFFFFF},
    {0xFFFFFF, 0xFFFFFF, 0xFFFEFE, 0xFFFFFF, 0xFFFFFF, 0xFFE8C2, 0xFFCC68, 0xFFB738, 0xFFB831, 0xFFBB31, 0xFFBB31, 0xFFB731, 0xFFB73B, 0xFFD073, 0xFDEBCE, 0xFFFFFF, 0xFFFEFD, 0xFFFFFF, 0xFFFFFF, 0xFFFFFF},
    {0xFFFFFF, 0xFFFFFE, 0xFFFFFD, 0xFEFDFD, 0xFFD582, 0xFFC032, 0xFBAE31, 0xFFB12F, 0xFFB02F, 0xFFB12F, 0xFFB12F, 0xFFAF2E, 0xFFB02F, 0xFCAF32, 0xFFBF31, 0xFFDA96, 0xFFFFFF, 0xFFFEFD, 0xFFFFFF, 0xFFFFFF},
    {0xFFFFFF, 0xFFFFFD, 0xFFFFFF, 0xFFD280, 0xFAB634, 0x8A5F33, 0xA06E2C, 0xFCAE2C, 0xFEB131, 0xFFB02E, 0xFEB02E, 0xFEB231, 0xF5A82B, 0x93652C, 0x936632, 0xFFBE34, 0xFFDB9B, 0xFFFFFF, 0xFFFEFD, 0xFFFFFF},
    {0xFFFEFC, 0xFFFFFF, 0xFFE8C0, 0xFFBD34, 0x83562C, 0xD2922E, 0xFFC249, 0xFBB035, 0xFEAB22, 0xFFB130, 0xFFB02E, 0xFEAA21, 0xFCB33B, 0xFFC348, 0xBF812B, 0x91622D, 0xFFBC32, 0xFDEFD8, 0xFFFFFF, 0xFFFEFD},
    {0xFFFEFD, 0xFFFFFF, 0xFFC560, 0xFAAD2A, 0xD6A04E, 0xFFF7D2, 0xFFFDFB, 0xFFFFF5, 0xFFCF7A, 0xFFAC25, 0xFFAD27, 0xFFD991, 0xFFFFFC, 0xFFFDFA, 0xFFF0C5, 0xD39840, 0xFEB72C, 0xFFCE7B, 0xFFFFFF, 0xFFFEFD},
    {0xFFFFFF, 0xFFF6E6, 0xFFB333, 0xFFB029, 0xFFF2D1, 0xFEFFFF, 0xF8F6F5, 0xC0BBC0, 0xF2F2F4, 0xFFB942, 0xFFC55F, 0xE9ECF5, 0xC3BCC0, 0xFDFCFB, 0xFDFFFF, 0xFFE7B4, 0xFFAF22, 0xFFB744, 0xFFFCF7, 0xFFFFFF},
    {0xFFFFFF, 0xFFE9C4, 0xFFB92D, 0xFFB842, 0xFAF7F3, 0xFFFEFC, 0x93868A, 0x180002, 0x817887, 0xFFD171, 0xFED489, 0x675C6C, 0x1C0006, 0xAEA4A6, 0xFFFDFB, 0xFAF0E0, 0xFFB030, 0xFFB32F, 0xFFF2DC, 0xFFFFFF},
    {0xFFFFFF, 0xFFE1B0, 0xFFBD32, 0xFFB02F, 0xFDEFDB, 0xFFFFFF, 0xB5ABAC, 0x402B34, 0xA6A0A9, 0xFFC350, 0xFFCA6A, 0x908A9B, 0x442F35, 0xCAC2C3, 0xFFFFFF, 0xFDE5C0, 0xFFAC25, 0xFFBA34, 0xFFECCD, 0xFFFFFF},
    {0xFFFFFF, 0xFFE1AF, 0xFFBE34, 0xFFAD27, 0xFFC45E, 0xFFFAE8, 0xFFFFFF, 0xF6F2EF, 0xFFDA94, 0xFFAD25, 0xFFB02C, 0xFFE1A9, 0xF7F5F5, 0xFFFFFF, 0xFFF5DD, 0xFFBD4B, 0xFFAD29, 0xFFB933, 0xFFEBCC, 0xFFFFFF},
    {0xFFFFFF, 0xFFE9C3, 0xFFBA31, 0xFFB431, 0xFFA223, 0xFFA538, 0xFEC260, 0xFFBF4D, 0xFCA923, 0xFCAE2F, 0xFCAD2D, 0xFDAB25, 0xFFC254, 0xFEC05E, 0xFFA131, 0xFFA525, 0xFFB331, 0xFFB330, 0xFFF1DA, 0xFFFFFF},
    {0xFFFFFF, 0xFFF4E5, 0xFFB732, 0xFF9028, 0xFE6425, 0xFF621F, 0xFF771B, 0xFEAD27, 0xFFB930, 0xFFBB2E, 0xFFBB2E, 0xFFB82F, 0xFEA825, 0xFF6F1A, 0xFF6321, 0xFF6725, 0xFF9C2A, 0xFFBB40, 0xFFFBF6, 0xFFFFFF},
    {0xFFFEFD, 0xFFFEFF, 0xFFC65D, 0xFF9A2C, 0xFF6825, 0xFF6624, 0xFE7E29, 0xFFB430, 0xC0842F, 0xA26F30, 0xA16E30, 0xCB8C2F, 0xFFB22F, 0xFE7627, 0xFF6623, 0xFF6926, 0xFFA62D, 0xFFCF78, 0xFFFFFF, 0xFFFEFD},
    {0xFFFEFC, 0xFFFFFF, 0xFFE6BE, 0xFFC033, 0xFFA92F, 0xFFA42C, 0xFEB12E, 0xFFB52E, 0x8A5D30, 0x593C31, 0x573A31, 0x9E6C30, 0xFFB82E, 0xFDAF2E, 0xFFA22D, 0xFFAC2F, 0xFFBA32, 0xFFEFD7, 0xFFFFFF, 0xFFFEFD},
    {0xFFFFFF, 0xFFFFFD, 0xFFFFFF, 0xFFCD7C, 0xFFC332, 0xFFB431, 0xFFB130, 0xFFB02F, 0xFFB62E, 0xFFB62E, 0xFFB72E, 0xFFB62E, 0xFFAF2F, 0xFFB130, 0xFFB430, 0xFFC233, 0xFFD798, 0xFFFFFF, 0xFFFEFD, 0xFFFFFF},
    {0xFFFFFF, 0xFFFFFE, 0xFFFEFD, 0xFFFDFC, 0xFFCE7E, 0xFFBC32, 0xFFB82F, 0xFFB12E, 0xFCAF2F, 0xFDB02F, 0xFDB02F, 0xFDAF2F, 0xFFB12E, 0xFFB930, 0xFFB931, 0xFFD692, 0xFFFFFF, 0xFFFEFC, 0xFFFFFF, 0xFFFFFF},
    {0xFFFFFF, 0xFFFFFF, 0xFFFFFE, 0xFFFFFF, 0xFFFFFF, 0xFFE6BD, 0xFFC663, 0xFFB536, 0xFFB931, 0xFFBB32, 0xFFBB32, 0xFFB831, 0xFFB83B, 0xFFCC6F, 0xFFECCB, 0xFFFFFF, 0xFFFEFD, 0xFFFFFF, 0xFFFFFF, 0xFFFFFF},
    {0xFFFFFF, 0xFFFFFF, 0xFFFFFF, 0xFFFEFE, 0xFFFEFD, 0xFFFFFF, 0xFFFFFF, 0xFFF7E8, 0xFFEDCB, 0xFFE6BD, 0xFFE7BE, 0xFFEDCE, 0xFFF8EC, 0xFFFFFF, 0xFFFFFF, 0xFFFFFD, 0xFFFFFF, 0xFFFFFF, 0xFFFFFF, 0xFFFFFF},
    {0xFFFFFF, 0xFFFFFF, 0xFFFFFF, 0xFFFFFF, 0xFFFFFF, 0xFFFEFD, 0xFFFFFE, 0xFFFFFF, 0xFFFFFF, 0xFFFFFF, 0xFFFFFF, 0xFFFFFF, 0xFFFFFF, 0xFFFEFD, 0xFFFEFD, 0xFFFFFF, 0xFFFFFF, 0xFFFFFF, 0xFFFFFF, 0xFFFFFF},
};
